EmployeeID,Age,Gender,MaritalStatus,Education,EducationField,Department,JobRole,JobLevel,YearsAtCompany,YearsInCurrentRole,YearsSinceLastPromotion,YearsWithCurrManager,MonthlyIncome,StockOptionLevel,PercentSalaryHike,DistanceFromHome,EnvironmentSatisfaction,JobSatisfaction,WorkLifeBalance,RelationshipSatisfaction,PerformanceRating,TrainingTimesLastYear,BusinessTravel,OverTime,NumCompaniesWorked,JobInvolvement,Attrition
EMP000001,32,Male,Married,5,Technical Degree,Operations,Operations Manager,3,0,0,0,0,5827,1,16,11,2,4,3,3,3,5,Non-Travel,No,0,3,0
EMP000002,27,Male,Married,3,Medical,R&D,Research Director,2,3,2,2,0,5592,0,5,5,2,3,4,3,1,1,Non-Travel,No,2,4,0
EMP000003,34,Female,Married,4,Life Sciences,R&D,Laboratory Technician,2,0,0,0,0,5111,0,16,8,4,2,2,3,3,2,Travel_Rarely,No,1,3,0
EMP000004,24,Male,Single,3,Technical Degree,IT,Manager,2,1,0,0,0,4551,1,11,10,3,1,3,1,4,3,Travel_Frequently,No,0,3,1
EMP000005,40,Female,Single,2,Other,HR,Human Resources,3,8,1,1,1,9856,0,13,7,4,4,2,4,2,2,Travel_Rarely,No,0,2,0
EMP000006,22,Female,Single,4,Medical,R&D,Research Director,1,4,1,1,1,3853,0,11,17,3,4,2,4,1,3,Non-Travel,Yes,1,2,0
EMP000007,38,Female,Married,5,Medical,HR,Human Resources,3,9,2,2,0,10472,0,11,12,3,4,2,2,2,2,Travel_Rarely,No,0,2,0
EMP000008,25,Male,Married,3,Marketing,HR,Manager,3,7,0,0,0,9138,1,11,32,3,2,4,3,3,2,Travel_Rarely,Yes,0,3,0
EMP000009,25,Female,Married,4,Life Sciences,IT,Manager,2,5,5,5,3,5350,0,12,5,4,3,4,2,4,6,Travel_Rarely,No,2,2,1
EMP000010,33,Male,Married,4,Technical Degree,IT,Data Scientist,1,15,0,0,0,5997,0,5,6,1,4,2,2,3,4,Travel_Rarely,No,0,4,0
EMP000011,39,Male,Married,3,Technical Degree,Operations,Operations Specialist,2,3,1,1,0,4968,0,16,22,3,2,2,2,1,3,Travel_Rarely,No,0,4,0
EMP000012,21,Female,Single,4,Medical,Operations,Operations Specialist,1,3,0,0,0,3193,1,9,7,2,3,4,4,4,1,Travel_Frequently,No,1,3,0
EMP000013,32,Male,Married,3,Life Sciences,R&D,Research Director,3,14,0,0,0,9288,2,10,7,2,3,3,3,4,5,Travel_Rarely,No,3,2,0
EMP000014,28,Male,Married,3,Life Sciences,Sales,Sales Representative,2,6,1,1,1,6100,0,7,17,3,1,2,4,3,1,Travel_Frequently,No,1,2,0
EMP000015,23,Female,Single,3,Marketing,Sales,Sales Executive,2,5,0,0,0,6094,0,13,14,2,4,3,3,4,6,Travel_Frequently,Yes,0,4,1
EMP000016,32,Female,Married,5,Life Sciences,Sales,Manager,1,1,1,0,0,2953,0,15,3,1,4,3,4,3,1,Travel_Rarely,Yes,2,3,0
EMP000017,23,Male,Married,3,Medical,Sales,Manager,1,1,0,0,0,3366,1,8,9,2,2,3,2,2,3,Travel_Rarely,No,0,3,0
EMP000018,31,Male,Single,4,Medical,R&D,Research Scientist,2,2,1,0,1,5331,0,14,9,2,1,2,3,2,1,Travel_Frequently,No,0,2,1
EMP000019,24,Male,Single,3,Life Sciences,Sales,Manager,1,3,0,0,0,3444,0,18,10,2,3,3,2,2,0,Travel_Frequently,Yes,0,1,1
EMP000020,26,Male,Married,3,Marketing,HR,Human Resources,2,8,5,5,1,7411,0,11,15,4,1,4,4,3,2,Travel_Rarely,No,2,1,0
EMP000021,28,Female,Married,4,Medical,Sales,Sales Representative,2,10,2,1,1,6537,0,5,11,3,3,4,4,3,5,Travel_Rarely,Yes,0,3,1
EMP000022,33,Female,Single,4,Marketing,R&D,Laboratory Technician,2,5,2,0,0,5755,1,9,9,3,2,4,4,3,4,Non-Travel,Yes,0,3,0
EMP000023,24,Female,Single,3,Life Sciences,Sales,Sales Executive,2,1,1,1,1,5427,1,11,10,3,4,1,2,2,6,Non-Travel,No,0,3,0
EMP000024,30,Male,Single,3,Life Sciences,IT,Data Scientist,2,1,1,1,1,5754,0,16,3,3,3,4,4,2,1,Travel_Rarely,No,1,4,0
EMP000025,26,Male,Married,5,Technical Degree,IT,Data Scientist,2,4,0,0,0,5011,0,10,4,3,3,2,4,2,2,Travel_Rarely,Yes,4,4,0
EMP000026,25,Male,Divorced,2,Technical Degree,R&D,Manager,2,3,3,0,0,5690,0,12,17,4,3,4,4,3,1,Travel_Rarely,No,1,4,0
EMP000027,32,Male,Married,4,Technical Degree,Marketing,Marketing Manager,2,1,1,0,1,5151,0,19,9,4,1,2,3,3,3,Non-Travel,No,2,3,0
EMP000028,26,Male,Married,4,Life Sciences,Sales,Sales Executive,2,0,0,0,0,5519,0,16,8,2,4,2,2,3,3,Travel_Frequently,Yes,3,4,1
EMP000029,25,Male,Single,4,Life Sciences,IT,Manager,1,6,4,3,4,3919,0,7,20,2,3,3,1,3,2,Travel_Rarely,Yes,1,1,1
EMP000030,29,Male,Married,5,Marketing,R&D,Manager,2,8,1,1,0,6617,0,10,6,3,2,3,3,3,1,Non-Travel,Yes,1,2,0
EMP000031,22,Female,Single,4,Other,R&D,Research Director,1,1,0,0,0,3931,0,14,8,4,3,4,2,3,4,Non-Travel,No,2,4,0
EMP000032,26,Female,Married,3,Other,Sales,Manager,3,2,1,0,1,7900,1,7,7,3,3,2,3,3,3,Travel_Rarely,No,3,2,0
EMP000033,30,Female,Married,3,Technical Degree,Sales,Manager,1,6,1,0,1,4702,0,15,12,3,2,3,1,4,4,Non-Travel,No,3,4,0
EMP000034,19,Male,Single,3,Life Sciences,Marketing,Marketing Specialist,1,1,0,0,0,3040,0,17,6,2,1,3,2,2,1,Travel_Rarely,No,1,3,0
EMP000035,22,Female,Married,1,Technical Degree,HR,Manager,1,4,2,0,2,3744,1,7,9,1,1,4,4,3,2,Travel_Rarely,No,0,1,0
EMP000036,26,Female,Single,5,Other,Sales,Sales Representative,2,0,0,0,0,4712,0,13,22,3,2,4,1,3,3,Non-Travel,No,2,3,0
EMP000037,32,Male,Married,2,Life Sciences,R&D,Manager,1,9,2,2,0,4344,0,14,7,1,4,4,1,4,2,Non-Travel,Yes,3,2,0
EMP000038,44,Female,Married,4,Medical,Sales,Sales Executive,4,1,0,0,0,10394,1,16,10,4,1,3,3,3,1,Travel_Rarely,No,5,4,0
EMP000039,24,Female,Single,4,Marketing,Sales,Sales Executive,1,5,0,0,0,4294,0,13,8,1,4,4,4,1,1,Travel_Frequently,No,3,2,1
EMP000040,20,Female,Single,4,Life Sciences,Marketing,Marketing Specialist,2,1,1,0,0,4818,0,12,12,1,4,4,1,3,2,Non-Travel,No,2,2,0
EMP000041,21,Male,Single,4,Marketing,R&D,Research Director,1,3,0,0,0,3276,1,9,12,4,4,2,4,2,3,Travel_Rarely,No,1,3,0
EMP000042,24,Male,Single,4,Other,R&D,Research Director,1,0,0,0,0,2699,0,11,17,4,4,2,1,3,5,Travel_Rarely,No,0,2,0
EMP000043,39,Male,Single,3,Other,Operations,Operations Manager,3,3,3,0,0,6671,0,9,0,2,2,2,4,3,0,Travel_Rarely,No,0,3,0
EMP000044,20,Male,Single,4,Other,R&D,Research Director,1,2,0,0,0,3117,0,8,0,1,4,1,4,3,6,Travel_Rarely,Yes,2,4,1
EMP000045,27,Female,Married,3,Medical,R&D,Manager,2,3,3,1,0,5446,0,22,22,1,3,4,3,2,2,Non-Travel,No,2,3,1
EMP000046,30,Female,Single,5,Medical,R&D,Research Scientist,2,9,4,1,1,6079,0,16,14,3,4,4,3,4,4,Travel_Rarely,No,4,3,0
EMP000047,24,Male,Single,2,Technical Degree,HR,Manager,1,6,6,1,4,4337,1,15,12,4,3,3,4,4,5,Travel_Rarely,No,6,2,0
EMP000048,33,Female,Single,3,Medical,HR,Manager,2,0,0,0,0,4889,0,18,5,3,2,3,1,3,3,Travel_Frequently,Yes,4,1,1
EMP000049,37,Female,Married,3,Life Sciences,Sales,Sales Representative,3,3,0,0,0,7732,1,16,1,2,4,3,2,3,1,Travel_Rarely,Yes,0,4,0
EMP000050,21,Male,Single,4,Technical Degree,IT,Software Engineer,2,3,0,0,0,5727,1,8,4,3,3,3,1,3,0,Travel_Rarely,Yes,0,3,0
EMP000051,32,Male,Single,4,Life Sciences,IT,Data Scientist,2,8,0,0,0,6594,0,14,7,3,4,4,2,3,1,Travel_Rarely,No,3,2,0
EMP000052,29,Female,Married,3,Life Sciences,HR,Human Resources,1,0,0,0,0,3325,0,14,6,3,4,4,4,4,3,Non-Travel,Yes,2,4,0
EMP000053,26,Female,Married,2,Life Sciences,Marketing,Marketing Manager,2,4,4,0,3,4808,0,7,4,4,4,2,3,2,2,Travel_Rarely,No,0,4,0
EMP000054,24,Male,Single,3,Other,R&D,Laboratory Technician,1,0,0,0,0,3693,0,16,13,4,3,4,2,1,1,Non-Travel,Yes,0,4,0
EMP000055,36,Male,Married,3,Life Sciences,Sales,Sales Representative,2,7,3,0,1,6215,0,13,4,4,3,3,3,2,1,Travel_Frequently,No,0,2,0
EMP000056,21,Male,Single,3,Medical,IT,Data Scientist,1,1,0,0,0,3563,0,13,4,4,4,4,3,3,4,Travel_Frequently,No,2,3,0
EMP000057,25,Female,Single,3,Human Resources,Sales,Sales Representative,1,1,0,0,0,2694,0,15,7,3,3,4,3,3,3,Travel_Rarely,No,0,3,0
EMP000058,31,Male,Married,4,Medical,Sales,Manager,1,7,1,0,0,4397,0,12,8,2,4,3,3,3,1,Travel_Rarely,No,1,3,0
EMP000059,28,Female,Single,3,Life Sciences,Sales,Manager,3,9,0,0,0,9338,2,11,16,2,3,1,3,2,3,Travel_Rarely,No,0,3,0
EMP000060,35,Male,Married,5,Marketing,IT,Data Scientist,3,2,1,1,0,8901,0,17,6,4,1,3,2,2,7,Travel_Rarely,No,3,2,0
EMP000061,23,Male,Single,3,Life Sciences,Sales,Sales Representative,1,3,3,0,0,4255,0,16,9,1,4,1,2,2,1,Travel_Frequently,Yes,2,3,1
EMP000062,34,Female,Single,4,Life Sciences,R&D,Laboratory Technician,1,5,1,1,1,4026,0,5,13,2,1,3,1,4,1,Travel_Frequently,No,0,1,0
EMP000063,30,Male,Married,4,Other,Sales,Manager,1,6,2,0,2,3964,0,6,21,3,2,4,3,3,2,Travel_Rarely,No,0,4,0
EMP000064,29,Female,Married,3,Life Sciences,IT,Software Engineer,3,7,0,0,0,9461,1,11,7,1,3,4,4,3,3,Travel_Frequently,No,1,3,0
EMP000065,22,Male,Single,3,Technical Degree,R&D,Manager,1,2,0,0,0,2405,1,17,15,1,4,3,3,3,2,Travel_Rarely,No,2,2,0
EMP000066,31,Female,Single,3,Marketing,Sales,Sales Representative,1,3,1,0,1,3410,0,5,11,3,3,4,2,3,4,Travel_Frequently,Yes,1,3,0
EMP000067,24,Male,Married,2,Life Sciences,IT,Software Engineer,2,0,0,0,0,3450,0,14,8,4,4,3,2,4,5,Travel_Rarely,Yes,4,1,0
EMP000068,50,Male,Divorced,3,Marketing,IT,Manager,4,14,3,1,0,16527,2,13,4,3,2,3,3,4,2,Non-Travel,Yes,4,2,1
EMP000069,23,Female,Single,3,Life Sciences,R&D,Manager,1,5,1,1,1,4368,0,10,5,2,2,3,1,4,2,Travel_Rarely,No,1,3,0
EMP000070,23,Male,Single,2,Medical,R&D,Research Director,1,2,0,0,0,3673,0,9,3,2,2,4,3,2,1,Travel_Rarely,No,1,2,0
EMP000071,31,Female,Married,3,Marketing,HR,Manager,2,2,0,0,0,4783,0,7,9,3,3,2,2,3,1,Travel_Rarely,No,2,2,1
EMP000072,19,Male,Single,3,Life Sciences,Operations,Operations Manager,2,0,0,0,0,3998,1,9,6,4,3,2,1,3,2,Travel_Rarely,No,0,3,0
EMP000073,24,Female,Single,2,Technical Degree,Sales,Manager,1,3,1,1,1,4025,0,15,11,3,2,2,4,2,2,Non-Travel,No,0,3,0
EMP000074,28,Female,Single,2,Life Sciences,R&D,Manager,2,5,0,0,0,7887,0,11,17,1,3,3,1,4,4,Travel_Rarely,No,1,2,0
EMP000075,27,Female,Divorced,4,Medical,R&D,Manager,1,9,0,0,0,5085,0,17,3,2,2,3,4,1,1,Travel_Rarely,Yes,0,2,1
EMP000076,20,Female,Single,4,Technical Degree,HR,Human Resources,2,2,0,0,0,6538,0,14,15,3,4,3,4,2,4,Travel_Rarely,No,2,4,1
EMP000077,36,Female,Married,5,Medical,IT,Software Engineer,4,5,0,0,0,13346,1,8,4,3,2,3,3,2,1,Non-Travel,No,0,3,0
EMP000078,39,Female,Married,2,Other,Sales,Sales Executive,3,7,0,0,0,9050,1,7,31,1,4,3,4,3,3,Non-Travel,No,0,2,0
EMP000079,28,Male,Married,2,Marketing,Sales,Sales Executive,2,3,0,0,0,6879,0,18,7,3,3,1,4,3,2,Travel_Rarely,Yes,0,1,0
EMP000080,20,Female,Single,2,Human Resources,Marketing,Marketing Manager,1,0,0,0,0,2973,0,20,11,4,4,3,2,4,1,Travel_Rarely,Yes,0,4,0
EMP000081,19,Male,Single,3,Life Sciences,IT,Data Scientist,2,1,0,0,0,5939,1,17,2,2,4,3,3,4,2,Travel_Rarely,No,0,4,0
EMP000082,23,Male,Single,4,Other,Operations,Operations Manager,1,2,0,0,0,3336,0,11,7,3,3,2,3,3,0,Travel_Frequently,No,1,2,0
EMP000083,31,Male,Married,3,Marketing,IT,Software Engineer,1,13,1,1,1,5465,0,9,29,3,4,2,3,3,4,Travel_Rarely,No,1,3,0
EMP000084,22,Female,Married,4,Technical Degree,R&D,Research Scientist,1,2,1,1,1,3309,1,19,9,3,3,1,3,3,2,Travel_Frequently,No,0,2,0
EMP000085,22,Male,Single,4,Other,Sales,Sales Representative,2,4,0,0,0,6114,0,12,5,3,3,4,2,2,1,Travel_Rarely,No,2,3,0
EMP000086,30,Female,Single,5,Marketing,HR,Manager,3,3,3,1,0,8100,0,7,25,4,3,3,4,3,1,Non-Travel,No,3,1,0
EMP000087,26,Male,Single,2,Other,R&D,Manager,2,1,1,1,0,6758,0,13,3,2,3,2,4,4,2,Travel_Rarely,Yes,1,1,1
EMP000088,30,Male,Married,2,Marketing,R&D,Research Director,1,12,2,0,1,5535,0,5,6,2,2,3,4,1,0,Travel_Rarely,No,0,2,0
EMP000089,34,Female,Single,3,Marketing,R&D,Research Director,2,4,3,0,1,5667,0,11,1,2,2,2,2,1,1,Travel_Rarely,No,1,1,0
EMP000090,25,Male,Single,1,Medical,Operations,Operations Specialist,2,2,2,2,1,4892,1,14,3,3,4,3,3,1,7,Travel_Rarely,No,0,4,1
EMP000091,27,Male,Married,5,Life Sciences,Sales,Sales Representative,1,0,0,0,0,3261,0,16,16,2,2,2,4,3,2,Travel_Frequently,No,0,3,1
EMP000092,25,Male,Single,3,Marketing,Sales,Sales Representative,3,7,3,0,3,6698,2,8,15,3,3,3,4,3,3,Travel_Rarely,Yes,2,3,0
EMP000093,28,Female,Single,4,Human Resources,HR,Manager,2,10,1,1,0,6856,0,13,19,4,3,2,3,3,2,Non-Travel,No,0,2,0
EMP000094,27,Male,Married,3,Technical Degree,Marketing,Marketing Manager,2,2,2,0,0,5985,1,14,20,2,4,4,2,2,4,Non-Travel,No,1,2,0
EMP000095,31,Male,Single,3,Technical Degree,Marketing,Marketing Specialist,2,0,0,0,0,4146,0,13,6,1,2,3,2,1,2,Travel_Rarely,Yes,2,3,0
EMP000096,35,Female,Single,2,Marketing,HR,Human Resources,3,0,0,0,0,8466,0,16,6,3,3,1,3,3,3,Travel_Rarely,No,1,1,0
EMP000097,33,Male,Married,3,Medical,Sales,Manager,1,0,0,0,0,3221,0,12,10,3,3,3,1,2,5,Travel_Rarely,No,3,3,0
EMP000098,21,Female,Single,4,Life Sciences,R&D,Research Director,1,3,0,0,0,3471,0,7,2,3,4,2,4,3,1,Travel_Rarely,No,1,4,0
EMP000099,26,Male,Married,5,Life Sciences,Marketing,Marketing Manager,1,8,3,3,0,4665,0,15,7,3,3,3,2,3,0,Travel_Rarely,No,3,4,0
EMP000100,24,Male,Single,4,Life Sciences,R&D,Research Scientist,2,2,0,0,0,5339,0,9,17,2,1,4,2,4,3,Travel_Rarely,No,1,4,1
EMP000101,27,Female,Married,3,Technical Degree,IT,Manager,3,2,2,0,2,7296,0,17,4,2,3,2,1,1,2,Travel_Frequently,Yes,0,4,1
EMP000102,37,Female,Married,1,Technical Degree,R&D,Research Director,3,3,1,0,1,10650,1,12,16,3,3,3,3,3,1,Travel_Frequently,No,2,2,0
EMP000103,22,Female,Single,4,Life Sciences,Sales,Sales Representative,1,0,0,0,0,3191,0,14,0,4,4,4,3,4,2,Travel_Rarely,No,2,3,0
EMP000104,24,Female,Single,1,Life Sciences,HR,Manager,1,0,0,0,0,2950,0,17,2,2,1,4,3,3,3,Travel_Rarely,No,0,4,0
EMP000105,27,Male,Single,5,Medical,IT,Data Scientist,2,3,0,0,0,5575,0,11,12,3,3,2,3,4,2,Non-Travel,Yes,0,2,0
EMP000106,25,Male,Married,3,Life Sciences,Operations,Operations Manager,3,1,0,0,0,9263,0,14,22,2,3,3,2,4,5,Travel_Rarely,Yes,2,3,1
EMP000107,24,Male,Single,2,Medical,IT,Software Engineer,1,3,1,0,0,2801,0,13,3,2,3,2,3,3,3,Travel_Frequently,No,7,4,0
EMP000108,30,Female,Married,3,Life Sciences,HR,Human Resources,3,0,0,0,0,7790,0,12,23,1,4,3,1,3,2,Non-Travel,No,1,3,1
EMP000109,28,Female,Married,5,Medical,HR,Human Resources,1,8,5,1,0,4034,0,18,3,2,1,4,2,2,4,Travel_Frequently,No,0,3,0
EMP000110,25,Female,Married,3,Other,IT,Data Scientist,2,7,0,0,0,6965,1,16,10,4,3,3,4,3,2,Non-Travel,No,0,4,0
EMP000111,20,Male,Single,3,Medical,Sales,Manager,1,2,2,0,2,3741,1,14,7,1,3,4,4,4,8,Travel_Rarely,No,1,3,0
EMP000112,32,Female,Single,2,Technical Degree,Operations,Operations Specialist,2,3,3,3,0,5367,1,6,3,1,3,1,3,3,0,Travel_Rarely,No,0,4,0
EMP000113,24,Female,Married,4,Marketing,R&D,Research Scientist,2,2,1,0,1,5751,0,15,6,3,3,2,4,2,3,Travel_Rarely,No,1,3,0
EMP000114,43,Female,Married,2,Medical,Operations,Operations Specialist,4,5,0,0,0,13732,3,15,12,3,4,4,3,4,0,Travel_Rarely,No,1,4,0
EMP000115,38,Female,Married,4,Technical Degree,IT,Software Engineer,4,7,3,0,1,16365,1,10,30,4,1,3,1,4,0,Travel_Rarely,No,2,3,0
EMP000116,34,Female,Married,5,Marketing,Sales,Sales Representative,2,8,2,0,1,7026,0,15,1,2,2,4,3,3,2,Travel_Rarely,No,0,3,0
EMP000117,33,Male,Married,5,Life Sciences,Sales,Manager,2,2,1,0,1,4550,0,12,16,3,3,4,4,3,3,Travel_Frequently,Yes,0,3,1
EMP000118,37,Male,Married,2,Life Sciences,R&D,Research Scientist,2,1,1,0,1,4653,0,10,9,4,4,3,1,4,2,Non-Travel,Yes,0,2,1
EMP000119,36,Male,Married,4,Technical Degree,R&D,Laboratory Technician,2,2,2,0,0,5488,0,9,15,4,3,3,3,2,4,Travel_Frequently,Yes,1,4,0
EMP000120,30,Male,Married,2,Medical,R&D,Research Scientist,2,0,0,0,0,3469,0,17,25,3,1,3,3,4,5,Travel_Rarely,Yes,0,3,1
EMP000121,31,Male,Married,4,Medical,HR,Manager,1,2,0,0,0,3923,0,12,10,3,3,4,2,3,2,Non-Travel,Yes,1,1,0
EMP000122,39,Male,Single,4,Life Sciences,R&D,Research Director,2,1,0,0,0,5471,1,9,21,1,2,3,4,3,4,Travel_Rarely,No,1,2,0
EMP000123,30,Male,Married,3,Life Sciences,Sales,Sales Executive,2,7,2,0,1,5171,1,12,9,3,3,3,3,4,1,Travel_Frequently,Yes,0,4,0
EMP000124,23,Female,Single,5,Technical Degree,Operations,Operations Manager,1,5,0,0,0,3984,0,10,5,3,3,1,2,4,3,Travel_Rarely,No,1,1,0
EMP000125,36,Female,Married,4,Technical Degree,R&D,Laboratory Technician,3,0,0,0,0,11151,1,10,5,4,2,3,3,3,3,Travel_Frequently,No,4,2,1
EMP000126,32,Female,Single,3,Marketing,Marketing,Marketing Specialist,2,0,0,0,0,4612,0,13,3,3,4,4,4,4,0,Travel_Rarely,No,2,2,0
EMP000127,20,Male,Single,4,Life Sciences,Sales,Manager,1,2,0,0,0,2747,0,14,17,3,3,3,4,4,1,Travel_Rarely,No,2,2,0
EMP000128,27,Male,Married,1,Other,IT,Software Engineer,2,4,1,0,1,5389,0,6,28,4,2,4,4,3,0,Non-Travel,Yes,5,3,0
EMP000129,25,Male,Divorced,3,Marketing,Sales,Sales Representative,2,7,2,0,2,5104,1,12,4,2,2,4,1,4,0,Travel_Rarely,No,2,4,0
EMP000130,38,Female,Married,3,Technical Degree,IT,Software Engineer,3,17,5,0,0,11726,0,10,6,2,4,3,2,3,0,Travel_Rarely,Yes,1,4,0
EMP000131,26,Female,Single,5,Life Sciences,IT,Software Engineer,1,6,0,0,0,3732,0,18,5,2,2,2,2,2,5,Travel_Frequently,Yes,1,3,0
EMP000132,23,Male,Single,3,Medical,Marketing,Marketing Specialist,1,3,3,2,1,3894,0,15,8,2,4,2,2,4,4,Travel_Rarely,No,1,3,0
EMP000133,36,Female,Married,4,Other,R&D,Research Director,3,2,1,0,0,8696,0,8,5,4,3,3,3,4,3,Travel_Frequently,No,1,2,0
EMP000134,24,Male,Single,4,Medical,Sales,Manager,1,6,3,3,1,3903,0,20,12,3,3,2,3,3,1,Travel_Frequently,Yes,0,3,0
EMP000135,20,Female,Single,4,Technical Degree,Marketing,Marketing Specialist,1,2,2,0,0,2736,1,6,6,4,3,3,1,2,2,Travel_Frequently,Yes,0,4,1
EMP000136,31,Male,Single,4,Technical Degree,R&D,Laboratory Technician,3,2,0,0,0,8771,2,14,2,4,4,3,4,2,1,Non-Travel,No,0,4,0
EMP000137,30,Male,Married,3,Life Sciences,Sales,Sales Executive,2,4,2,0,0,5860,0,10,3,4,4,3,1,4,2,Non-Travel,Yes,0,3,0
EMP000138,29,Male,Married,4,Technical Degree,R&D,Research Scientist,1,1,1,0,1,2508,0,18,16,1,3,2,4,3,1,Non-Travel,Yes,1,3,0
EMP000139,31,Female,Single,3,Life Sciences,Sales,Sales Representative,2,9,2,2,0,6205,0,9,17,1,3,4,2,2,3,Non-Travel,No,1,1,0
EMP000140,34,Female,Married,4,Technical Degree,R&D,Manager,1,6,1,1,1,3499,1,10,6,3,3,3,1,1,1,Non-Travel,No,0,4,0
EMP000141,30,Female,Single,1,Human Resources,R&D,Laboratory Technician,2,2,0,0,0,4713,0,15,11,3,2,2,1,2,2,Travel_Rarely,No,2,3,0
EMP000142,25,Male,Married,3,Human Resources,R&D,Manager,1,7,0,0,0,4290,0,9,5,1,3,1,3,3,4,Travel_Rarely,No,0,2,0
EMP000143,22,Male,Single,5,Technical Degree,R&D,Research Scientist,1,4,4,0,4,3505,0,11,9,1,1,3,3,2,3,Travel_Rarely,Yes,1,1,0
EMP000144,20,Female,Single,3,Marketing,R&D,Research Scientist,1,1,1,0,0,2636,0,17,6,3,1,4,3,3,5,Travel_Rarely,No,1,2,0
EMP000145,33,Female,Divorced,3,Technical Degree,IT,Manager,2,1,0,0,0,5452,1,13,11,4,3,3,3,4,4,Travel_Rarely,No,8,3,0
EMP000146,26,Female,Single,2,Technical Degree,Marketing,Marketing Specialist,2,8,0,0,0,6989,1,5,6,3,4,3,2,4,3,Non-Travel,No,1,4,0
EMP000147,24,Male,Single,2,Life Sciences,Sales,Sales Representative,1,4,2,2,1,4130,0,9,17,3,4,4,1,3,4,Travel_Rarely,No,6,4,1
EMP000148,20,Female,Single,3,Life Sciences,IT,Software Engineer,1,2,2,2,1,4138,1,10,2,3,4,3,3,4,2,Travel_Frequently,No,1,4,0
EMP000149,26,Male,Married,4,Marketing,Operations,Operations Manager,2,2,1,1,1,5703,0,9,17,4,2,2,1,3,4,Travel_Frequently,No,0,3,0
EMP000150,32,Female,Married,5,Life Sciences,IT,Software Engineer,2,4,4,4,0,5040,0,14,6,2,2,3,4,2,2,Travel_Frequently,No,9,2,1
EMP000151,30,Female,Single,3,Other,Operations,Operations Specialist,1,4,0,0,0,3521,0,7,3,3,3,4,4,4,4,Non-Travel,Yes,2,2,0
EMP000152,23,Male,Single,3,Medical,R&D,Research Director,1,1,1,1,1,3358,1,17,8,4,2,2,1,3,3,Travel_Rarely,Yes,1,2,0
EMP000153,26,Male,Married,4,Life Sciences,IT,Software Engineer,1,8,0,0,0,4770,1,14,7,2,2,2,4,4,3,Travel_Rarely,No,2,2,0
EMP000154,23,Male,Single,3,Medical,IT,Data Scientist,1,5,0,0,0,3597,1,11,18,3,2,3,3,3,5,Travel_Rarely,Yes,1,3,0
EMP000155,20,Male,Single,5,Other,R&D,Manager,1,2,1,1,1,3789,0,18,4,3,4,3,3,3,2,Travel_Frequently,No,0,1,0
EMP000156,41,Female,Married,3,Other,IT,Data Scientist,3,1,0,0,0,6792,0,12,8,3,2,2,4,2,2,Travel_Rarely,Yes,0,2,0
EMP000157,24,Male,Married,3,Life Sciences,R&D,Laboratory Technician,2,5,0,0,0,4848,0,11,9,1,4,3,2,2,2,Travel_Frequently,No,0,3,0
EMP000158,37,Female,Married,3,Technical Degree,Sales,Sales Representative,4,8,0,0,0,14625,2,6,10,3,3,3,1,2,2,Travel_Rarely,Yes,1,2,0
EMP000159,26,Female,Single,4,Marketing,Sales,Manager,1,8,0,0,0,4288,0,20,8,3,4,3,3,2,0,Travel_Rarely,Yes,0,4,0
EMP000160,32,Female,Married,4,Marketing,IT,Software Engineer,2,12,3,0,3,6987,0,14,4,4,1,1,4,2,4,Travel_Rarely,No,1,2,0
EMP000161,33,Female,Single,3,Technical Degree,IT,Software Engineer,1,0,0,0,0,2719,0,13,10,1,2,3,3,1,5,Travel_Rarely,No,9,3,0
EMP000162,29,Female,Married,2,Life Sciences,R&D,Laboratory Technician,2,1,1,0,0,5301,1,16,10,3,3,3,3,2,2,Non-Travel,No,1,4,0
EMP000163,32,Female,Divorced,5,Marketing,R&D,Manager,2,6,0,0,0,5918,0,18,19,2,1,1,4,3,3,Non-Travel,Yes,1,3,1
EMP000164,32,Male,Married,4,Medical,Sales,Sales Executive,2,8,0,0,0,6577,0,13,18,3,2,4,4,3,1,Non-Travel,No,0,3,0
EMP000165,35,Female,Single,1,Life Sciences,R&D,Manager,2,5,0,0,0,6585,0,6,14,4,3,3,1,3,1,Travel_Rarely,No,3,3,0
EMP000166,20,Female,Single,4,Life Sciences,Marketing,Marketing Specialist,1,0,0,0,0,2768,0,16,4,3,4,4,2,2,1,Travel_Rarely,No,2,4,0
EMP000167,24,Male,Single,4,Life Sciences,Marketing,Marketing Manager,1,4,3,1,3,4005,0,8,2,2,4,2,3,4,3,Travel_Rarely,No,3,1,0
EMP000168,45,Female,Divorced,3,Marketing,IT,Software Engineer,3,6,0,0,0,11015,1,14,8,3,3,4,1,4,2,Travel_Rarely,No,0,3,0
EMP000169,19,Female,Married,1,Life Sciences,Operations,Operations Specialist,1,0,0,0,0,2490,0,12,4,1,4,3,3,3,1,Non-Travel,No,1,3,0
EMP000170,25,Female,Single,4,Marketing,Marketing,Marketing Manager,3,0,0,0,0,9551,2,16,6,2,3,2,1,4,2,Non-Travel,No,0,3,0
EMP000171,28,Male,Married,2,Marketing,Sales,Manager,1,1,1,0,1,2770,1,15,32,3,1,4,4,3,3,Travel_Rarely,No,0,3,0
EMP000172,30,Female,Married,4,Other,R&D,Laboratory Technician,1,0,0,0,0,2650,1,10,2,4,3,1,2,3,2,Travel_Rarely,No,2,3,0
EMP000173,37,Male,Married,1,Marketing,Sales,Manager,3,0,0,0,0,6155,1,14,8,3,4,3,2,4,3,Non-Travel,No,0,4,0
EMP000174,30,Female,Single,4,Human Resources,R&D,Research Scientist,2,1,0,0,0,4769,0,15,6,3,3,4,4,3,2,Travel_Rarely,Yes,0,3,0
EMP000175,37,Male,Single,1,Life Sciences,IT,Manager,4,3,1,0,1,13225,1,16,18,3,3,4,2,2,2,Travel_Rarely,Yes,0,3,0
EMP000176,25,Female,Married,3,Technical Degree,Sales,Manager,2,0,0,0,0,5518,0,12,1,2,1,1,4,3,1,Non-Travel,Yes,0,2,1
EMP000177,19,Male,Married,3,Life Sciences,Marketing,Marketing Manager,1,1,0,0,0,3619,0,15,12,3,2,4,4,2,5,Non-Travel,Yes,1,2,0
EMP000178,35,Male,Divorced,2,Technical Degree,HR,Manager,3,1,0,0,0,5672,0,15,9,2,4,3,2,3,0,Travel_Frequently,No,0,1,0
EMP000179,26,Male,Single,3,Medical,IT,Software Engineer,1,1,1,0,0,2435,0,10,5,3,1,4,2,1,5,Travel_Rarely,No,0,3,0
EMP000180,23,Male,Single,3,Marketing,Sales,Manager,1,5,0,0,0,4121,0,22,5,4,4,3,1,2,4,Non-Travel,No,0,2,0
EMP000181,40,Female,Married,5,Medical,Sales,Sales Executive,3,8,1,0,1,10207,1,7,5,3,3,3,2,3,1,Travel_Frequently,No,0,4,0
EMP000182,23,Female,Single,4,Life Sciences,HR,Manager,1,2,0,0,0,3840,0,10,7,1,2,3,2,3,4,Non-Travel,Yes,1,2,0
EMP000183,25,Male,Married,4,Technical Degree,IT,Data Scientist,3,2,1,1,0,8787,0,14,19,3,4,3,1,3,6,Travel_Rarely,No,2,3,0
EMP000184,29,Male,Married,3,Other,Marketing,Marketing Specialist,2,0,0,0,0,4080,1,16,17,2,1,4,4,3,2,Travel_Frequently,No,0,4,0
EMP000185,28,Male,Married,3,Life Sciences,IT,Software Engineer,1,9,2,0,2,4364,0,19,1,3,4,2,4,3,1,Travel_Rarely,No,0,3,0
EMP000186,24,Female,Single,2,Other,Sales,Sales Executive,2,0,0,0,0,5076,0,13,3,3,4,1,3,3,0,Travel_Rarely,No,0,2,1
EMP000187,33,Male,Married,4,Life Sciences,Sales,Sales Executive,2,0,0,0,0,3898,0,17,10,3,4,3,3,4,2,Non-Travel,No,2,2,0
EMP000188,23,Male,Married,3,Technical Degree,Marketing,Marketing Specialist,2,3,0,0,0,4861,0,10,22,2,3,3,3,3,1,Travel_Rarely,No,0,3,0
EMP000189,36,Male,Single,4,Human Resources,Sales,Sales Representative,2,1,1,1,0,5115,0,16,1,2,3,4,3,4,4,Travel_Rarely,No,9,1,0
EMP000190,42,Male,Married,3,Life Sciences,IT,Software Engineer,2,5,0,0,0,5802,1,13,7,1,3,3,2,3,1,Non-Travel,Yes,6,2,1
EMP000191,30,Male,Single,5,Medical,R&D,Research Scientist,2,0,0,0,0,4978,0,10,7,1,1,1,3,4,3,Travel_Rarely,No,1,1,0
EMP000192,30,Male,Married,2,Medical,R&D,Laboratory Technician,2,0,0,0,0,5211,0,13,12,2,2,4,1,1,3,Travel_Rarely,No,0,3,0
EMP000193,23,Female,Single,1,Medical,R&D,Laboratory Technician,2,5,3,0,2,4916,1,8,18,1,3,1,3,3,2,Travel_Rarely,Yes,1,3,1
EMP000194,46,Female,Married,4,Technical Degree,Operations,Operations Manager,3,4,1,1,0,8865,0,13,9,1,3,3,3,4,2,Non-Travel,No,3,3,0
EMP000195,22,Male,Married,5,Technical Degree,Marketing,Marketing Specialist,1,0,0,0,0,2412,0,15,3,3,3,3,3,3,5,Travel_Frequently,Yes,1,3,1
EMP000196,29,Female,Single,4,Human Resources,Marketing,Marketing Specialist,2,1,1,1,0,5115,1,17,12,3,2,3,3,4,0,Travel_Frequently,No,3,3,0
EMP000197,38,Male,Married,2,Life Sciences,R&D,Research Scientist,2,1,0,0,0,5646,1,19,2,1,2,3,2,3,3,Travel_Frequently,No,0,3,0
EMP000198,24,Female,Single,3,Marketing,Sales,Sales Executive,1,6,0,0,0,4370,0,7,32,2,3,2,3,4,2,Non-Travel,Yes,0,2,1
EMP000199,28,Male,Married,5,Medical,Operations,Operations Manager,1,4,1,0,1,3345,0,8,9,3,4,2,3,4,3,Travel_Rarely,Yes,1,4,0
EMP000200,23,Female,Single,1,Other,Sales,Sales Representative,1,3,3,2,3,3096,1,10,13,2,3,4,1,4,5,Travel_Rarely,Yes,0,3,0
EMP000201,33,Female,Married,2,Life Sciences,R&D,Manager,2,0,0,0,0,6091,1,17,13,4,2,2,4,3,1,Non-Travel,Yes,3,3,0
EMP000202,36,Male,Married,4,Human Resources,R&D,Laboratory Technician,4,5,5,0,0,14307,2,6,2,2,3,3,2,4,3,Non-Travel,No,0,3,0
EMP000203,23,Female,Single,5,Medical,R&D,Manager,1,0,0,0,0,2906,1,20,7,4,3,3,2,3,2,Non-Travel,Yes,1,2,1
EMP000204,20,Male,Single,4,Marketing,R&D,Laboratory Technician,1,2,2,0,2,3924,1,15,18,3,3,3,3,4,4,Travel_Rarely,No,2,1,0
EMP000205,18,Female,Married,5,Medical,Marketing,Marketing Manager,1,1,0,0,0,3130,0,15,4,2,4,3,4,2,0,Non-Travel,No,0,2,0
EMP000206,24,Male,Single,2,Other,Operations,Operations Manager,1,6,0,0,0,5226,0,17,4,1,3,2,3,3,4,Non-Travel,Yes,0,1,0
EMP000207,28,Male,Single,3,Marketing,R&D,Research Director,3,8,2,0,1,9287,0,11,29,1,4,2,3,3,2,Travel_Frequently,Yes,0,2,1
EMP000208,39,Female,Single,4,Technical Degree,Sales,Sales Executive,3,1,1,1,0,11159,0,10,2,3,2,1,2,4,3,Travel_Rarely,Yes,0,2,1
EMP000209,30,Male,Single,4,Marketing,IT,Software Engineer,1,12,0,0,0,5475,0,16,6,2,3,3,3,3,3,Travel_Rarely,No,0,3,0
EMP000210,28,Male,Single,4,Medical,R&D,Research Director,3,0,0,0,0,6540,0,17,14,4,3,2,3,2,1,Travel_Rarely,Yes,0,2,0
EMP000211,34,Male,Married,5,Life Sciences,Operations,Operations Manager,2,2,0,0,0,5425,1,14,5,2,3,2,1,3,1,Travel_Rarely,No,5,2,0
EMP000212,32,Female,Single,3,Technical Degree,Sales,Sales Executive,1,0,0,0,0,3316,1,16,8,1,3,4,4,4,2,Travel_Frequently,No,1,2,0
EMP000213,26,Male,Married,1,Life Sciences,Sales,Sales Representative,2,6,3,3,1,6211,0,9,11,2,4,3,4,3,1,Travel_Frequently,No,3,2,0
EMP000214,21,Male,Single,3,Technical Degree,IT,Manager,1,3,1,1,0,3336,0,5,17,2,3,3,2,3,1,Travel_Rarely,Yes,2,4,1
EMP000215,35,Female,Married,4,Marketing,IT,Data Scientist,2,0,0,0,0,5198,0,7,10,1,2,2,2,3,0,Travel_Rarely,No,0,2,1
EMP000216,30,Male,Married,3,Medical,R&D,Research Director,2,0,0,0,0,5470,0,9,7,4,3,3,4,3,2,Travel_Rarely,No,1,3,0
EMP000217,21,Male,Single,4,Marketing,R&D,Research Scientist,1,1,1,1,0,2885,0,14,2,4,2,3,4,3,3,Travel_Frequently,Yes,0,1,0
EMP000218,30,Male,Single,3,Marketing,R&D,Research Director,3,12,0,0,0,10328,0,6,24,4,3,3,3,2,1,Non-Travel,No,1,3,0
EMP000219,24,Male,Single,1,Technical Degree,R&D,Laboratory Technician,2,5,3,1,1,5249,1,5,2,3,3,3,4,3,1,Travel_Rarely,No,0,3,0
EMP000220,38,Male,Married,3,Technical Degree,Sales,Sales Executive,2,1,0,0,0,5471,1,11,25,4,2,1,1,3,2,Travel_Frequently,Yes,8,3,1
EMP000221,23,Female,Single,4,Life Sciences,Marketing,Marketing Specialist,1,5,2,1,0,3578,0,12,10,2,3,2,2,3,2,Travel_Rarely,Yes,1,3,0
EMP000222,35,Male,Married,3,Other,Sales,Manager,4,0,0,0,0,12421,2,17,7,2,1,2,4,3,1,Non-Travel,No,6,3,0
EMP000223,40,Male,Married,4,Medical,R&D,Manager,3,5,0,0,0,10364,0,21,10,2,1,3,3,1,1,Non-Travel,No,1,4,0
EMP000224,26,Male,Single,3,Other,IT,Manager,2,2,2,0,0,5904,0,19,4,3,3,4,3,4,3,Non-Travel,Yes,0,3,1
EMP000225,28,Male,Single,2,Life Sciences,Sales,Manager,1,1,1,0,0,3087,1,13,21,2,2,3,3,3,2,Non-Travel,No,2,3,0
EMP000226,31,Female,Single,2,Life Sciences,Marketing,Marketing Specialist,3,1,1,1,1,6626,2,11,7,4,2,2,1,3,1,Non-Travel,No,0,4,0
EMP000227,30,Male,Married,4,Marketing,IT,Software Engineer,2,3,3,3,3,5615,1,14,5,4,4,3,4,2,5,Travel_Rarely,Yes,3,4,1
EMP000228,21,Male,Single,3,Medical,Sales,Sales Executive,1,3,0,0,0,3433,0,11,5,2,4,2,1,2,3,Non-Travel,No,2,4,0
EMP000229,26,Male,Single,5,Human Resources,Marketing,Marketing Specialist,3,6,2,2,0,9230,1,11,4,3,2,2,2,3,1,Travel_Rarely,No,0,2,0
EMP000230,36,Female,Married,3,Life Sciences,R&D,Manager,4,5,4,4,0,13199,1,10,6,3,4,2,3,3,2,Travel_Rarely,No,1,2,0
EMP000231,26,Male,Single,3,Life Sciences,IT,Data Scientist,2,8,3,0,2,6299,1,9,15,2,3,2,2,4,2,Non-Travel,Yes,0,3,0
EMP000232,40,Male,Divorced,3,Life Sciences,Marketing,Marketing Specialist,3,4,1,0,1,7976,1,14,10,2,3,3,4,3,4,Non-Travel,No,3,4,0
EMP000233,36,Female,Single,2,Life Sciences,Marketing,Marketing Manager,3,1,1,1,1,8708,2,17,11,3,2,3,3,3,3,Non-Travel,Yes,1,2,0
EMP000234,27,Male,Married,4,Marketing,R&D,Research Director,2,9,0,0,0,7952,0,11,0,1,2,3,3,2,1,Travel_Frequently,No,0,4,0
EMP000235,25,Female,Single,4,Marketing,Sales,Sales Representative,2,3,1,1,0,5741,0,13,1,3,1,3,3,3,1,Non-Travel,Yes,0,3,1
EMP000236,22,Female,Married,4,Medical,R&D,Laboratory Technician,2,1,1,0,0,5147,0,12,7,2,2,4,3,3,1,Travel_Rarely,No,2,2,0
EMP000237,22,Male,Single,3,Life Sciences,IT,Manager,1,4,4,2,0,4263,1,10,2,1,2,1,3,4,3,Travel_Rarely,No,1,4,0
EMP000238,26,Male,Single,3,Life Sciences,Marketing,Marketing Manager,2,3,2,0,0,5407,0,9,10,3,3,3,3,3,0,Travel_Rarely,No,3,1,0
EMP000239,24,Female,Single,2,Life Sciences,Sales,Sales Representative,1,0,0,0,0,3581,1,16,6,4,4,3,1,2,0,Travel_Rarely,Yes,1,3,0
EMP000240,27,Female,Divorced,3,Technical Degree,Sales,Sales Representative,1,1,0,0,0,3559,0,14,9,1,3,2,3,4,2,Travel_Rarely,No,1,4,0
EMP000241,35,Female,Divorced,3,Technical Degree,IT,Data Scientist,3,3,0,0,0,5324,0,13,23,1,2,3,4,4,4,Travel_Rarely,No,0,3,0
EMP000242,30,Male,Single,5,Technical Degree,R&D,Research Director,3,2,2,1,0,8885,1,9,2,2,4,1,2,2,3,Non-Travel,No,1,3,0
EMP000243,34,Male,Married,4,Human Resources,R&D,Research Director,2,4,4,4,0,5344,0,20,9,3,3,2,3,3,2,Travel_Rarely,No,0,4,0
EMP000244,27,Female,Married,4,Other,Sales,Manager,2,1,0,0,0,5792,0,14,1,3,2,1,2,4,1,Travel_Frequently,No,0,2,0
EMP000245,30,Male,Single,3,Medical,R&D,Research Director,2,4,4,3,0,4587,0,5,6,4,3,4,3,4,3,Travel_Rarely,No,0,3,0
EMP000246,26,Female,Single,2,Medical,Operations,Operations Manager,2,8,0,0,0,6548,0,16,16,3,4,3,1,3,3,Non-Travel,No,2,3,1
EMP000247,27,Male,Divorced,3,Other,Operations,Operations Manager,3,7,0,0,0,9197,0,6,8,2,3,3,3,3,2,Travel_Frequently,No,0,2,0
EMP000248,42,Female,Married,3,Marketing,R&D,Laboratory Technician,4,5,2,2,0,12295,1,8,18,4,2,1,3,1,3,Travel_Rarely,No,5,2,0
EMP000249,25,Male,Single,4,Life Sciences,Operations,Operations Specialist,1,1,0,0,0,3653,0,15,5,4,3,3,4,3,4,Travel_Rarely,Yes,0,3,1
EMP000250,31,Male,Single,3,Marketing,R&D,Laboratory Technician,3,4,4,0,1,12175,0,9,1,4,4,3,2,2,1,Travel_Rarely,No,1,2,0
EMP000251,24,Female,Single,5,Human Resources,Marketing,Marketing Specialist,1,6,0,0,0,4312,0,10,9,3,3,3,2,4,4,Travel_Rarely,No,1,4,0
EMP000252,41,Male,Married,5,Technical Degree,Sales,Sales Representative,4,1,0,0,0,14582,2,13,3,3,3,3,2,4,1,Travel_Rarely,No,4,4,0
EMP000253,23,Male,Single,3,Life Sciences,IT,Software Engineer,2,0,0,0,0,6005,1,13,1,1,3,4,2,4,2,Non-Travel,Yes,0,4,0
EMP000254,23,Male,Single,4,Human Resources,R&D,Research Scientist,1,5,1,0,1,5090,0,5,15,3,3,2,4,3,4,Non-Travel,Yes,1,4,1
EMP000255,36,Female,Single,4,Human Resources,Sales,Sales Executive,3,5,3,0,3,9930,1,15,27,2,3,4,3,3,3,Travel_Rarely,No,1,3,0
EMP000256,31,Female,Single,2,Life Sciences,Operations,Operations Manager,3,8,0,0,0,10590,1,12,2,2,3,3,1,3,4,Travel_Rarely,Yes,4,2,0
EMP000257,26,Male,Single,5,Other,Sales,Sales Executive,2,4,2,1,0,5712,0,12,4,1,2,3,1,1,2,Travel_Frequently,No,2,3,1
EMP000258,33,Male,Married,2,Other,Operations,Operations Manager,1,9,0,0,0,4371,0,11,7,2,2,3,1,3,4,Travel_Frequently,Yes,3,1,1
EMP000259,28,Male,Single,4,Life Sciences,Sales,Manager,2,1,0,0,0,6053,0,13,7,3,2,3,2,4,3,Travel_Rarely,No,4,3,1
EMP000260,25,Female,Married,3,Technical Degree,Sales,Sales Executive,2,0,0,0,0,4592,0,16,11,4,1,2,1,3,1,Non-Travel,No,0,3,0
EMP000261,26,Male,Single,3,Medical,Marketing,Marketing Specialist,3,6,0,0,0,6800,0,16,8,2,4,3,1,3,2,Travel_Rarely,No,4,3,0
EMP000262,39,Male,Married,3,Technical Degree,HR,Human Resources,3,2,1,0,1,10232,1,14,16,1,2,2,3,3,2,Non-Travel,No,0,2,0
EMP000263,35,Male,Married,5,Other,R&D,Laboratory Technician,4,1,1,0,1,11878,2,20,1,4,1,2,1,3,3,Travel_Frequently,No,1,2,0
EMP000264,31,Female,Married,2,Medical,Sales,Sales Representative,2,0,0,0,0,5262,1,13,7,4,3,3,1,3,1,Travel_Rarely,Yes,4,1,1
EMP000265,29,Female,Married,2,Medical,HR,Manager,2,7,0,0,0,5577,0,11,1,1,3,1,3,4,2,Travel_Rarely,Yes,0,4,0
EMP000266,26,Male,Single,3,Other,R&D,Research Scientist,3,8,1,0,0,10638,0,16,2,2,2,3,3,2,3,Travel_Frequently,Yes,0,2,1
EMP000267,25,Male,Single,2,Human Resources,R&D,Research Director,1,2,1,0,1,3281,1,8,3,2,4,3,4,4,0,Travel_Rarely,No,0,2,0
EMP000268,34,Female,Married,4,Life Sciences,HR,Human Resources,1,10,1,1,1,5080,1,13,2,3,2,4,3,2,2,Non-Travel,Yes,3,2,0
EMP000269,21,Female,Single,4,Other,HR,Human Resources,1,2,0,0,0,3680,1,15,16,2,3,1,3,3,4,Travel_Frequently,Yes,1,3,0
EMP000270,20,Male,Single,5,Life Sciences,Operations,Operations Manager,1,2,2,0,0,3375,0,17,16,3,3,2,3,4,2,Travel_Frequently,No,0,3,1
EMP000271,32,Male,Single,4,Medical,IT,Software Engineer,2,14,1,1,1,7266,1,8,7,3,3,3,3,3,3,Travel_Frequently,No,2,4,0
EMP000272,25,Male,Married,5,Technical Degree,R&D,Manager,1,7,0,0,0,4406,1,12,3,3,4,3,3,3,2,Travel_Frequently,No,3,3,0
EMP000273,36,Female,Married,4,Technical Degree,R&D,Research Director,4,1,0,0,0,11539,2,15,11,2,4,3,4,2,4,Non-Travel,Yes,1,4,0
EMP000274,35,Female,Single,5,Technical Degree,R&D,Research Scientist,4,2,2,0,1,7572,1,5,5,3,2,2,3,1,3,Non-Travel,No,0,3,0
EMP000275,28,Female,Married,2,Life Sciences,R&D,Research Scientist,2,3,2,2,0,5634,0,8,32,3,4,4,1,2,0,Non-Travel,No,3,4,0
EMP000276,35,Male,Married,3,Life Sciences,R&D,Research Scientist,2,1,1,1,0,5859,1,16,24,3,3,1,3,2,2,Travel_Rarely,No,2,4,0
EMP000277,36,Male,Married,5,Other,IT,Software Engineer,3,8,3,1,0,7423,1,17,8,1,4,4,3,4,4,Travel_Rarely,No,1,2,0
EMP000278,38,Female,Married,4,Life Sciences,Marketing,Marketing Manager,4,13,1,0,1,15768,1,12,3,2,1,4,3,3,4,Travel_Rarely,Yes,1,2,0
EMP000279,25,Male,Married,5,Life Sciences,HR,Manager,2,7,0,0,0,6888,0,8,3,4,3,4,3,3,0,Travel_Rarely,No,0,4,0
EMP000280,20,Female,Single,1,Technical Degree,HR,Human Resources,1,2,0,0,0,3944,0,9,5,3,4,4,3,4,1,Travel_Rarely,No,1,3,0
EMP000281,18,Female,Married,5,Marketing,R&D,Research Scientist,1,1,1,1,1,3330,0,10,15,3,1,3,3,4,2,Travel_Rarely,No,1,3,0
EMP000282,35,Male,Married,4,Medical,HR,Human Resources,2,0,0,0,0,4830,0,18,3,4,2,4,2,4,3,Travel_Rarely,No,0,4,0
EMP000283,28,Male,Single,2,Life Sciences,IT,Data Scientist,2,0,0,0,0,5004,0,18,9,3,3,3,2,4,4,Non-Travel,No,0,4,0
EMP000284,22,Female,Married,1,Other,IT,Data Scientist,1,0,0,0,0,2939,0,11,17,3,4,3,2,3,1,Travel_Frequently,Yes,1,3,0
EMP000285,29,Male,Single,3,Human Resources,Sales,Sales Executive,3,1,0,0,0,6799,0,19,2,3,3,2,1,3,2,Travel_Frequently,Yes,0,3,1
EMP000286,27,Female,Married,5,Life Sciences,IT,Manager,1,2,2,1,0,3232,0,15,5,2,3,4,3,3,5,Travel_Rarely,No,2,3,0
EMP000287,28,Male,Single,4,Marketing,IT,Software Engineer,1,0,0,0,0,3221,0,14,8,4,2,1,3,3,3,Travel_Frequently,No,2,3,1
EMP000288,27,Female,Married,5,Life Sciences,Sales,Manager,3,8,2,0,2,9497,0,7,4,3,4,4,1,3,0,Non-Travel,No,1,3,0
EMP000289,33,Female,Married,3,Technical Degree,Sales,Manager,3,4,4,0,0,8255,0,10,2,2,2,2,3,1,3,Non-Travel,No,3,3,0
EMP000290,22,Female,Single,5,Medical,IT,Software Engineer,1,4,1,0,1,3838,1,13,16,2,3,2,4,3,1,Travel_Rarely,No,0,3,0
EMP000291,27,Male,Single,3,Technical Degree,HR,Manager,2,3,3,1,3,5049,0,8,3,1,3,4,3,1,2,Travel_Rarely,No,6,1,1
EMP000292,24,Female,Single,3,Marketing,IT,Manager,1,1,1,1,0,3274,0,12,3,4,4,2,1,4,3,Travel_Rarely,No,0,2,0
EMP000293,32,Male,Single,2,Marketing,Sales,Sales Representative,3,13,3,0,0,11129,1,7,2,1,4,3,3,2,3,Travel_Frequently,Yes,0,3,1
EMP000294,24,Male,Single,5,Other,Sales,Sales Executive,2,1,1,0,0,5312,0,14,8,3,4,3,4,4,1,Travel_Frequently,No,1,3,1
EMP000295,21,Male,Single,3,Medical,Sales,Sales Representative,2,3,0,0,0,4840,0,8,8,4,2,3,4,3,7,Travel_Rarely,No,1,1,1
EMP000296,31,Male,Married,2,Technical Degree,R&D,Laboratory Technician,1,1,0,0,0,3585,0,14,5,4,4,4,4,3,3,Travel_Rarely,Yes,9,2,0
EMP000297,30,Male,Married,1,Medical,R&D,Research Scientist,2,12,0,0,0,6805,0,14,30,2,2,3,3,3,3,Travel_Rarely,No,0,3,0
EMP000298,21,Male,Single,3,Life Sciences,Marketing,Marketing Manager,1,3,1,1,1,3614,0,13,8,2,4,3,2,3,1,Travel_Rarely,Yes,1,4,0
EMP000299,36,Female,Married,5,Medical,IT,Software Engineer,3,1,1,0,0,9834,2,19,5,4,4,4,2,3,4,Travel_Rarely,Yes,0,3,0
EMP000300,30,Female,Married,3,Medical,Operations,Operations Specialist,1,12,1,1,0,4636,0,13,1,2,3,3,1,4,0,Travel_Frequently,No,6,4,0
EMP000301,26,Male,Married,4,Medical,Sales,Sales Representative,2,4,1,1,1,5169,0,11,3,2,4,3,4,3,1,Non-Travel,Yes,1,4,0
EMP000302,19,Female,Single,5,Technical Degree,Sales,Sales Executive,1,1,1,1,0,3228,0,19,3,4,3,3,3,3,2,Travel_Frequently,No,0,3,0
EMP000303,34,Male,Single,3,Marketing,Sales,Sales Representative,2,1,1,0,1,4836,0,15,6,4,1,4,4,3,3,Non-Travel,No,0,2,0
EMP000304,30,Male,Married,4,Other,R&D,Research Director,2,1,1,1,1,4083,0,14,7,3,1,4,1,3,4,Travel_Rarely,Yes,0,4,0
EMP000305,32,Female,Married,3,Marketing,R&D,Research Scientist,1,9,1,0,1,4820,0,10,7,3,1,4,2,3,7,Travel_Rarely,No,0,2,0
EMP000306,30,Male,Single,5,Life Sciences,IT,Data Scientist,2,1,1,0,1,3550,0,19,17,3,4,2,1,3,0,Travel_Rarely,No,1,2,1
EMP000307,20,Female,Single,2,Life Sciences,Sales,Sales Executive,1,2,2,1,0,4380,1,10,11,4,3,1,3,3,0,Non-Travel,No,1,4,0
EMP000308,26,Male,Married,4,Other,Sales,Sales Representative,1,2,2,1,2,3796,0,11,11,4,3,3,3,4,1,Travel_Rarely,No,0,3,0
EMP000309,34,Male,Single,4,Life Sciences,R&D,Laboratory Technician,2,0,0,0,0,4349,1,16,3,3,2,3,4,3,3,Travel_Rarely,No,0,3,0
EMP000310,21,Male,Single,2,Life Sciences,R&D,Manager,1,3,3,2,1,3461,0,10,7,3,4,4,1,2,7,Travel_Rarely,No,1,1,0
EMP000311,27,Female,Married,3,Life Sciences,IT,Manager,1,2,2,0,2,2682,0,12,20,3,2,4,3,3,2,Travel_Rarely,Yes,1,4,0
EMP000312,22,Female,Single,3,Medical,IT,Software Engineer,1,4,1,1,1,4412,0,9,17,3,3,2,3,4,0,Travel_Rarely,No,1,2,0
EMP000313,33,Female,Married,2,Marketing,Sales,Sales Representative,2,2,2,0,2,5509,0,11,7,1,2,4,3,2,1,Non-Travel,Yes,0,3,1
EMP000314,28,Female,Single,4,Life Sciences,IT,Software Engineer,3,1,1,0,0,6563,1,15,6,2,3,2,4,1,3,Travel_Rarely,No,0,4,0
EMP000315,33,Male,Married,5,Marketing,HR,Manager,1,4,1,1,1,3633,0,10,10,3,2,3,4,3,0,Non-Travel,No,0,1,0
EMP000316,32,Female,Married,4,Medical,R&D,Research Director,1,6,6,6,0,4522,0,15,13,3,3,2,2,2,3,Travel_Frequently,Yes,0,2,0
EMP000317,41,Male,Divorced,3,Technical Degree,Sales,Sales Representative,3,16,0,0,0,11871,0,15,3,2,3,2,2,2,0,Travel_Frequently,Yes,1,2,0
EMP000318,40,Male,Married,1,Technical Degree,IT,Data Scientist,3,0,0,0,0,8680,0,20,22,2,4,2,3,4,3,Non-Travel,No,0,4,0
EMP000319,21,Female,Single,2,Technical Degree,Sales,Sales Executive,1,2,0,0,0,3457,0,5,1,3,3,2,3,1,1,Travel_Rarely,No,1,3,0
EMP000320,31,Male,Divorced,3,Medical,R&D,Research Director,1,5,2,2,0,2972,0,9,10,4,3,2,3,3,2,Travel_Rarely,No,2,3,0
EMP000321,42,Male,Married,5,Life Sciences,Sales,Sales Representative,3,0,0,0,0,10939,2,15,16,2,2,4,2,4,3,Travel_Rarely,Yes,2,4,0
EMP000322,30,Female,Married,5,Technical Degree,R&D,Research Scientist,2,3,0,0,0,5339,1,13,7,2,1,3,2,1,2,Travel_Rarely,No,3,4,0
EMP000323,43,Female,Single,3,Medical,HR,Manager,2,8,0,0,0,6860,0,17,10,4,3,1,3,2,0,Travel_Rarely,Yes,0,2,0
EMP000324,27,Female,Single,3,Medical,Marketing,Marketing Manager,2,0,0,0,0,6246,0,9,7,2,2,3,4,3,4,Travel_Rarely,No,0,2,0
EMP000325,36,Male,Single,4,Other,IT,Manager,2,2,2,2,2,5573,1,16,16,3,2,2,4,3,2,Travel_Rarely,No,0,3,0
EMP000326,41,Male,Married,4,Human Resources,Operations,Operations Specialist,3,2,0,0,0,10164,0,9,1,3,1,3,4,2,7,Travel_Rarely,No,3,4,0
EMP000327,23,Female,Married,4,Other,IT,Manager,1,5,0,0,0,4520,0,7,13,4,3,4,4,3,1,Travel_Rarely,Yes,2,4,1
EMP000328,27,Female,Married,4,Human Resources,R&D,Research Scientist,2,1,1,1,1,6392,1,15,10,3,4,3,2,3,3,Travel_Rarely,No,0,3,0
EMP000329,42,Male,Single,1,Other,R&D,Research Director,3,1,1,0,0,8940,1,14,3,4,1,4,3,3,1,Travel_Rarely,Yes,6,3,0
EMP000330,29,Female,Single,5,Technical Degree,R&D,Research Scientist,2,0,0,0,0,4764,0,23,8,3,1,2,1,3,4,Travel_Frequently,Yes,2,1,1
EMP000331,34,Female,Married,2,Life Sciences,HR,Human Resources,2,16,0,0,0,7835,0,14,4,3,4,3,3,3,2,Travel_Rarely,No,8,3,0
EMP000332,36,Male,Married,3,Human Resources,HR,Human Resources,3,3,1,1,1,10779,0,15,3,3,3,3,1,4,3,Non-Travel,No,0,4,0
EMP000333,25,Female,Married,5,Other,IT,Manager,1,0,0,0,0,2921,0,14,32,3,1,4,3,2,3,Non-Travel,No,3,1,1
EMP000334,34,Female,Single,3,Life Sciences,Sales,Sales Executive,3,0,0,0,0,9157,0,14,7,4,3,2,3,3,2,Travel_Rarely,No,2,3,0
EMP000335,31,Male,Married,2,Medical,IT,Software Engineer,3,0,0,0,0,7278,1,10,11,3,2,2,4,2,1,Travel_Rarely,Yes,7,4,0
EMP000336,25,Male,Single,3,Life Sciences,Sales,Manager,2,1,0,0,0,4911,0,16,3,3,2,3,2,3,3,Travel_Rarely,No,0,2,0
EMP000337,26,Female,Married,4,Human Resources,Sales,Manager,1,6,0,0,0,4279,0,6,13,3,3,3,2,3,2,Travel_Frequently,No,3,3,0
EMP000338,42,Female,Married,2,Marketing,R&D,Research Scientist,3,4,4,0,3,8278,1,7,8,1,4,2,1,3,4,Travel_Rarely,No,1,2,0
EMP000339,23,Female,Married,3,Life Sciences,HR,Manager,1,5,4,2,0,3718,0,12,18,3,4,4,3,3,4,Travel_Rarely,No,1,3,0
EMP000340,35,Female,Married,3,Life Sciences,Sales,Sales Executive,2,0,0,0,0,4779,1,13,14,1,3,3,1,3,4,Travel_Rarely,No,0,3,0
EMP000341,30,Male,Single,4,Human Resources,R&D,Manager,3,1,1,1,1,9090,1,12,12,3,3,3,4,1,1,Travel_Rarely,No,1,4,0
EMP000342,36,Male,Married,2,Marketing,R&D,Research Scientist,3,2,2,1,2,7803,1,9,17,4,3,3,4,3,2,Travel_Frequently,Yes,1,2,0
EMP000343,35,Male,Divorced,4,Medical,Sales,Manager,4,2,2,0,2,12458,3,14,7,2,4,3,3,3,3,Non-Travel,Yes,0,2,0
EMP000344,29,Male,Single,3,Medical,IT,Data Scientist,2,0,0,0,0,6277,0,16,7,3,4,3,3,3,4,Travel_Rarely,Yes,0,1,0
EMP000345,25,Female,Single,4,Life Sciences,Sales,Sales Executive,2,3,0,0,0,6012,1,7,6,1,2,2,3,4,1,Travel_Rarely,Yes,0,4,0
EMP000346,40,Male,Divorced,3,Life Sciences,IT,Data Scientist,3,1,0,0,0,9793,0,16,12,2,3,2,2,4,2,Travel_Rarely,No,4,2,0
EMP000347,38,Female,Married,4,Marketing,R&D,Research Director,2,1,1,0,1,5410,0,17,19,1,3,3,3,3,2,Travel_Frequently,No,0,4,0
EMP000348,30,Male,Married,4,Marketing,R&D,Laboratory Technician,2,5,1,0,1,5913,1,20,2,1,4,3,3,3,1,Travel_Rarely,No,0,4,0
EMP000349,29,Male,Single,2,Medical,Marketing,Marketing Specialist,2,0,0,0,0,6148,0,16,5,4,1,3,4,2,1,Travel_Rarely,No,6,3,0
EMP000350,23,Male,Married,4,Marketing,IT,Data Scientist,1,5,5,2,2,3401,1,5,11,3,3,2,3,2,1,Travel_Rarely,No,0,3,0
EMP000351,35,Female,Married,5,Life Sciences,IT,Software Engineer,3,11,1,1,1,11237,0,14,20,2,2,3,4,2,2,Travel_Rarely,No,3,4,0
EMP000352,41,Male,Married,2,Other,Sales,Sales Representative,3,1,1,1,1,9755,0,18,6,3,1,3,3,3,4,Travel_Rarely,No,0,2,0
EMP000353,22,Male,Single,4,Life Sciences,Sales,Manager,1,4,4,0,0,3123,1,16,25,4,4,2,4,4,2,Travel_Rarely,No,0,3,0
EMP000354,23,Female,Single,4,Life Sciences,HR,Manager,1,2,2,1,0,3112,1,17,11,3,4,2,1,3,3,Travel_Rarely,No,1,4,0
EMP000355,25,Female,Divorced,1,Life Sciences,R&D,Research Scientist,1,7,1,1,1,4511,1,17,23,4,3,4,1,3,2,Travel_Rarely,Yes,0,3,0
EMP000356,25,Female,Married,3,Life Sciences,Marketing,Marketing Specialist,2,7,2,0,0,6757,0,12,13,4,1,1,3,2,2,Travel_Frequently,No,3,3,0
EMP000357,29,Male,Married,5,Life Sciences,R&D,Laboratory Technician,3,8,1,0,0,10930,1,12,24,4,2,1,3,4,3,Travel_Frequently,Yes,1,3,0
EMP000358,28,Male,Divorced,4,Medical,R&D,Laboratory Technician,1,0,0,0,0,2497,0,12,21,2,3,3,3,3,1,Travel_Frequently,Yes,3,4,0
EMP000359,22,Female,Single,5,Technical Degree,R&D,Manager,2,4,0,0,0,5271,0,7,7,3,4,3,3,3,6,Travel_Frequently,No,0,3,0
EMP000360,41,Female,Single,4,Life Sciences,IT,Data Scientist,2,6,0,0,0,7398,0,8,7,1,3,3,4,3,1,Travel_Rarely,Yes,2,4,0
EMP000361,23,Female,Single,1,Medical,R&D,Laboratory Technician,2,0,0,0,0,5630,1,17,2,4,3,3,4,3,3,Travel_Rarely,No,1,4,0
EMP000362,28,Male,Married,2,Other,Operations,Operations Manager,3,10,0,0,0,10735,2,8,8,3,1,1,3,3,2,Non-Travel,No,3,3,0
EMP000363,24,Male,Single,4,Life Sciences,R&D,Research Scientist,1,6,0,0,0,4201,0,12,4,1,4,1,1,2,4,Travel_Rarely,No,0,3,0
EMP000364,38,Male,Single,4,Technical Degree,IT,Software Engineer,2,13,2,2,2,7564,0,14,19,4,3,2,1,4,2,Travel_Rarely,No,1,2,0
EMP000365,26,Female,Married,2,Life Sciences,R&D,Research Director,1,3,3,1,1,4000,0,14,17,1,2,1,2,4,2,Travel_Frequently,No,2,3,0
EMP000366,30,Male,Single,4,Life Sciences,IT,Manager,1,1,0,0,0,3573,0,19,3,3,2,3,4,2,3,Travel_Rarely,No,0,4,0
EMP000367,42,Female,Married,4,Medical,Sales,Sales Executive,4,3,1,0,1,12786,2,13,2,3,3,3,3,3,1,Travel_Rarely,No,2,3,0
EMP000368,27,Male,Single,4,Life Sciences,IT,Software Engineer,1,6,1,1,0,3626,0,12,1,2,2,3,2,3,2,Travel_Rarely,No,1,4,0
EMP000369,31,Female,Single,3,Other,R&D,Research Director,2,2,0,0,0,4399,1,18,1,4,3,3,2,3,4,Travel_Frequently,Yes,1,2,0
EMP000370,24,Male,Single,3,Life Sciences,R&D,Laboratory Technician,1,2,2,2,0,3768,0,8,3,4,2,4,1,3,0,Travel_Rarely,Yes,0,2,0
EMP000371,28,Female,Single,5,Marketing,Sales,Sales Executive,2,0,0,0,0,5304,0,15,10,3,1,4,2,4,3,Travel_Frequently,No,2,1,1
EMP000372,33,Male,Divorced,5,Marketing,IT,Software Engineer,3,2,1,1,1,8062,0,11,5,4,4,2,2,4,2,Travel_Rarely,No,2,1,0
EMP000373,22,Female,Married,3,Life Sciences,Sales,Sales Representative,1,2,2,2,1,2732,0,13,13,4,3,2,1,2,6,Non-Travel,No,1,2,1
EMP000374,27,Female,Married,4,Technical Degree,Sales,Manager,2,5,3,0,1,7002,0,13,8,3,4,3,3,3,2,Travel_Rarely,Yes,0,4,0
EMP000375,31,Male,Divorced,2,Medical,Sales,Manager,2,2,0,0,0,4939,0,6,4,3,1,4,2,2,5,Non-Travel,No,1,4,0
EMP000376,20,Female,Married,2,Technical Degree,Sales,Sales Executive,2,0,0,0,0,4717,1,10,3,3,3,3,4,3,2,Travel_Rarely,Yes,1,1,0
EMP000377,33,Female,Single,2,Technical Degree,IT,Data Scientist,1,3,0,0,0,3530,1,8,3,2,3,2,3,3,1,Travel_Rarely,Yes,1,3,1
EMP000378,30,Female,Married,2,Medical,R&D,Research Director,2,7,1,1,1,5505,1,12,15,1,4,3,3,2,3,Travel_Frequently,Yes,0,3,0
EMP000379,25,Female,Divorced,5,Medical,Sales,Sales Representative,3,7,0,0,0,7772,1,7,3,4,4,3,4,3,2,Travel_Rarely,No,0,3,0
EMP000380,29,Female,Married,4,Life Sciences,R&D,Laboratory Technician,1,1,0,0,0,3286,0,10,6,1,3,1,4,3,3,Travel_Frequently,Yes,0,1,0
EMP000381,42,Male,Married,3,Life Sciences,R&D,Research Scientist,2,2,2,2,0,6370,0,8,11,3,4,3,3,2,4,Travel_Rarely,No,0,4,0
EMP000382,21,Male,Single,4,Life Sciences,R&D,Laboratory Technician,1,3,0,0,0,4705,0,10,13,1,3,3,3,3,0,Travel_Rarely,No,1,3,0
EMP000383,29,Female,Single,4,Human Resources,R&D,Laboratory Technician,3,0,0,0,0,8701,1,12,8,3,4,3,2,3,3,Travel_Rarely,No,2,4,0
EMP000384,38,Male,Married,2,Medical,R&D,Laboratory Technician,2,2,1,1,0,6790,0,14,4,1,2,3,3,4,2,Travel_Rarely,Yes,0,4,0
EMP000385,24,Male,Single,4,Life Sciences,R&D,Manager,1,4,1,1,1,4082,0,14,15,3,2,4,1,2,3,Travel_Frequently,Yes,3,2,0
EMP000386,26,Female,Single,4,Life Sciences,IT,Data Scientist,2,2,0,0,0,6307,0,18,10,3,3,3,2,3,3,Travel_Rarely,Yes,0,3,0
EMP000387,36,Male,Single,4,Life Sciences,Sales,Sales Representative,3,3,3,1,1,8580,2,13,17,3,3,4,2,4,6,Travel_Rarely,No,0,2,0
EMP000388,29,Female,Married,4,Life Sciences,Marketing,Marketing Manager,1,11,3,0,0,5352,0,8,15,3,2,3,1,3,0,Travel_Rarely,Yes,1,3,0
EMP000389,25,Female,Single,2,Medical,Sales,Manager,3,0,0,0,0,8510,1,15,13,3,4,3,3,2,6,Travel_Rarely,No,0,3,0
EMP000390,22,Female,Single,3,Life Sciences,IT,Manager,1,0,0,0,0,3051,1,15,25,2,3,2,3,3,5,Travel_Rarely,Yes,2,4,1
EMP000391,34,Male,Single,4,Life Sciences,R&D,Laboratory Technician,2,1,0,0,0,4959,0,17,8,2,3,2,4,4,3,Travel_Rarely,No,3,2,0
EMP000392,43,Male,Married,5,Technical Degree,R&D,Research Scientist,3,2,2,0,0,9311,1,14,4,3,3,3,2,4,4,Travel_Frequently,No,2,3,0
EMP000393,30,Male,Divorced,3,Other,HR,Human Resources,3,3,0,0,0,8143,1,13,22,3,3,2,4,1,1,Travel_Frequently,Yes,0,2,0
EMP000394,34,Male,Single,1,Medical,IT,Data Scientist,1,0,0,0,0,3195,0,18,10,2,4,3,4,3,2,Travel_Rarely,No,0,3,0
EMP000395,25,Male,Single,5,Technical Degree,R&D,Laboratory Technician,2,7,0,0,0,6232,0,17,19,3,3,3,3,2,0,Travel_Rarely,No,2,3,0
EMP000396,23,Male,Single,3,Life Sciences,R&D,Research Director,1,5,0,0,0,4702,1,8,5,2,1,2,2,2,2,Travel_Rarely,Yes,1,4,0
EMP000397,21,Male,Single,3,Technical Degree,Sales,Manager,1,1,1,1,1,3757,0,11,4,3,3,3,4,4,1,Travel_Rarely,No,1,1,0
EMP000398,32,Female,Single,3,Life Sciences,Marketing,Marketing Manager,2,1,1,0,0,4774,0,10,17,4,4,4,4,4,4,Non-Travel,No,0,4,0
EMP000399,38,Female,Married,3,Technical Degree,IT,Data Scientist,2,0,0,0,0,4802,0,16,6,3,1,4,2,3,4,Travel_Rarely,No,5,4,0
EMP000400,27,Male,Married,3,Other,R&D,Research Director,2,2,0,0,0,5162,1,7,10,3,3,3,3,4,3,Travel_Rarely,No,8,4,0
EMP000401,34,Male,Single,4,Technical Degree,IT,Software Engineer,1,1,0,0,0,3273,0,13,10,4,1,3,3,3,3,Travel_Rarely,Yes,2,2,1
EMP000402,28,Female,Married,2,Technical Degree,R&D,Manager,3,4,0,0,0,6286,0,14,21,3,3,2,3,3,2,Travel_Rarely,No,2,2,0
EMP000403,33,Female,Single,5,Marketing,IT,Software Engineer,2,3,1,1,1,5943,0,17,5,2,3,1,1,3,3,Travel_Rarely,No,0,1,1
EMP000404,27,Male,Single,5,Life Sciences,R&D,Manager,2,9,0,0,0,5766,0,10,4,3,2,4,2,3,2,Travel_Rarely,No,0,4,0
EMP000405,19,Female,Married,5,Marketing,R&D,Laboratory Technician,1,1,1,1,0,2942,0,20,3,3,1,3,1,3,1,Travel_Rarely,No,0,4,1
EMP000406,24,Male,Married,5,Medical,Sales,Sales Representative,1,0,0,0,0,3282,0,14,17,4,4,2,4,4,5,Travel_Rarely,No,0,2,0
EMP000407,25,Male,Single,4,Life Sciences,Operations,Operations Specialist,2,6,0,0,0,7507,1,18,16,1,4,2,3,3,1,Non-Travel,No,0,2,0
EMP000408,28,Female,Divorced,3,Medical,IT,Manager,2,0,0,0,0,4896,0,11,6,4,4,4,4,3,2,Travel_Rarely,No,4,4,1
EMP000409,32,Female,Married,1,Technical Degree,IT,Software Engineer,1,1,0,0,0,3394,0,15,7,4,2,4,2,3,2,Travel_Rarely,No,0,3,0
EMP000410,21,Female,Single,2,Life Sciences,R&D,Research Director,1,3,3,0,0,3090,0,10,4,2,4,3,4,4,4,Travel_Rarely,No,0,3,0
EMP000411,22,Female,Single,3,Marketing,R&D,Research Scientist,2,3,0,0,0,5331,0,15,9,4,2,1,1,4,2,Travel_Rarely,No,1,3,1
EMP000412,27,Female,Single,3,Technical Degree,HR,Human Resources,1,5,5,1,4,3638,0,10,14,3,3,3,2,3,3,Travel_Rarely,Yes,0,3,0
EMP000413,39,Female,Single,5,Life Sciences,IT,Data Scientist,3,8,0,0,0,9866,1,14,10,3,3,4,4,4,5,Non-Travel,No,4,3,0
EMP000414,31,Male,Single,3,Medical,Operations,Operations Manager,2,8,1,0,1,5806,0,14,6,4,2,4,1,2,3,Travel_Rarely,No,0,4,0
EMP000415,22,Female,Single,3,Human Resources,R&D,Manager,1,0,0,0,0,3520,0,19,2,2,3,3,1,3,6,Travel_Frequently,No,2,3,0
EMP000416,21,Male,Married,4,Other,HR,Human Resources,1,3,0,0,0,3288,0,7,5,2,3,2,1,2,1,Travel_Rarely,Yes,1,4,0
EMP000417,26,Male,Single,2,Medical,IT,Software Engineer,1,8,2,0,2,4491,0,14,1,1,3,4,2,4,1,Travel_Rarely,Yes,1,2,1
EMP000418,27,Male,Single,5,Medical,Sales,Manager,2,7,3,3,1,5848,0,18,6,3,2,4,1,1,1,Non-Travel,No,1,3,1
EMP000419,36,Female,Married,3,Life Sciences,R&D,Manager,3,3,3,0,2,7080,0,14,16,3,3,3,4,4,7,Travel_Frequently,No,0,4,0
EMP000420,22,Female,Single,3,Life Sciences,Sales,Manager,1,4,3,0,0,3067,1,17,7,1,4,3,2,4,0,Travel_Frequently,No,1,3,1
EMP000421,32,Female,Married,5,Life Sciences,IT,Manager,2,0,0,0,0,3220,1,11,7,2,4,3,4,3,2,Travel_Rarely,No,0,2,0
EMP000422,22,Male,Single,4,Other,Marketing,Marketing Specialist,1,0,0,0,0,2941,0,10,2,2,1,3,4,4,5,Non-Travel,No,1,2,0
EMP000423,38,Female,Married,3,Human Resources,Marketing,Marketing Manager,3,7,0,0,0,10596,2,15,6,4,2,2,4,3,3,Non-Travel,No,6,3,0
EMP000424,36,Male,Married,4,Technical Degree,IT,Data Scientist,2,3,1,1,0,5225,1,15,3,3,4,1,1,4,1,Non-Travel,Yes,0,2,1
EMP000425,35,Male,Married,4,Medical,R&D,Manager,4,0,0,0,0,9678,2,11,4,2,4,4,3,3,5,Non-Travel,No,1,4,0
EMP000426,36,Female,Single,2,Life Sciences,IT,Manager,4,2,1,0,0,10935,1,11,11,3,3,2,2,3,1,Travel_Rarely,Yes,1,2,1
EMP000427,26,Male,Single,5,Marketing,Marketing,Marketing Manager,1,0,0,0,0,2863,0,14,11,1,1,2,4,4,2,Travel_Rarely,No,1,4,0
EMP000428,40,Female,Married,5,Marketing,HR,Human Resources,3,3,0,0,0,7708,1,12,16,3,1,2,3,2,2,Non-Travel,No,1,3,0
EMP000429,27,Male,Married,4,Medical,R&D,Research Scientist,1,0,0,0,0,3421,0,14,12,4,3,2,2,4,3,Travel_Rarely,Yes,1,1,1
EMP000430,32,Male,Married,4,Technical Degree,Marketing,Marketing Manager,2,0,0,0,0,5967,1,15,11,3,4,2,3,4,5,Non-Travel,No,0,3,0
EMP000431,40,Female,Divorced,5,Technical Degree,IT,Manager,3,1,0,0,0,7880,0,19,8,2,1,3,3,2,2,Travel_Rarely,Yes,0,3,1
EMP000432,20,Male,Single,3,Technical Degree,Marketing,Marketing Manager,1,1,0,0,0,2469,0,17,3,4,1,1,3,1,2,Non-Travel,No,2,1,1
EMP000433,37,Male,Married,5,Marketing,Marketing,Marketing Manager,2,2,2,0,1,4638,0,9,8,4,4,1,2,3,3,Travel_Rarely,No,0,3,0
EMP000434,32,Male,Married,4,Technical Degree,R&D,Research Scientist,2,2,0,0,0,5291,1,19,7,2,2,3,4,3,3,Non-Travel,Yes,0,3,0
EMP000435,34,Female,Married,3,Life Sciences,Marketing,Marketing Specialist,3,4,4,0,0,7154,1,11,5,2,3,3,3,2,2,Travel_Frequently,No,0,4,0
EMP000436,23,Female,Married,4,Technical Degree,HR,Manager,1,5,2,0,1,3996,0,12,11,1,3,2,2,4,2,Travel_Rarely,Yes,0,2,1
EMP000437,23,Female,Married,3,Life Sciences,Sales,Sales Representative,1,0,0,0,0,3178,1,15,16,4,3,3,3,4,3,Travel_Rarely,Yes,1,2,1
EMP000438,28,Female,Married,2,Life Sciences,HR,Manager,1,3,1,1,0,3507,1,10,2,3,4,3,3,3,2,Non-Travel,Yes,1,1,0
EMP000439,28,Female,Married,4,Life Sciences,R&D,Laboratory Technician,2,10,1,0,1,6985,1,11,10,4,2,3,4,2,2,Travel_Rarely,No,5,2,0
EMP000440,26,Female,Married,4,Life Sciences,R&D,Manager,2,0,0,0,0,4280,1,9,7,2,2,3,4,4,0,Travel_Rarely,No,2,3,0
EMP000441,38,Female,Married,4,Human Resources,Operations,Operations Specialist,3,17,0,0,0,10501,0,9,3,4,2,3,4,3,2,Travel_Rarely,No,3,4,0
EMP000442,18,Male,Married,2,Medical,Sales,Manager,1,0,0,0,0,2971,1,22,15,2,3,3,3,4,5,Travel_Rarely,No,0,4,0
EMP000443,27,Male,Married,3,Other,Operations,Operations Manager,2,0,0,0,0,4593,0,15,5,1,3,2,2,3,2,Non-Travel,Yes,2,3,1
EMP000444,21,Female,Single,4,Life Sciences,Sales,Sales Executive,1,0,0,0,0,3004,0,14,3,2,1,3,3,3,2,Non-Travel,No,0,1,0
EMP000445,39,Male,Married,5,Life Sciences,R&D,Laboratory Technician,3,3,3,0,0,7250,2,16,8,3,1,2,3,4,3,Travel_Rarely,No,2,2,0
EMP000446,31,Male,Single,5,Marketing,R&D,Laboratory Technician,2,1,0,0,0,4076,0,13,3,3,1,3,1,4,2,Travel_Rarely,Yes,1,3,1
EMP000447,26,Female,Single,5,Medical,IT,Software Engineer,3,2,2,1,2,8105,2,14,6,3,3,2,4,3,3,Travel_Rarely,No,0,4,0
EMP000448,22,Male,Single,3,Marketing,Sales,Sales Executive,2,4,2,0,2,6654,0,17,0,3,3,2,1,1,1,Travel_Rarely,Yes,2,4,0
EMP000449,31,Female,Single,4,Medical,Operations,Operations Manager,2,2,2,2,1,4199,1,13,10,2,4,3,1,4,2,Travel_Rarely,No,9,4,0
EMP000450,21,Female,Single,2,Technical Degree,IT,Data Scientist,2,3,3,0,2,6637,0,5,9,4,2,4,3,4,2,Non-Travel,No,1,3,0
EMP000451,31,Male,Married,2,Medical,IT,Software Engineer,1,0,0,0,0,3657,0,13,4,2,3,2,4,2,1,Travel_Frequently,Yes,0,2,0
EMP000452,41,Female,Single,2,Marketing,Sales,Sales Representative,2,8,0,0,0,5177,0,14,0,4,2,3,3,4,1,Travel_Frequently,No,4,4,0
EMP000453,39,Female,Single,5,Medical,R&D,Laboratory Technician,2,11,2,2,0,8142,0,14,5,4,4,2,4,4,1,Travel_Rarely,No,3,1,0
EMP000454,23,Male,Single,2,Technical Degree,Operations,Operations Specialist,1,1,1,1,0,2576,0,17,18,2,3,3,4,1,3,Travel_Frequently,No,2,3,0
EMP000455,39,Female,Married,2,Technical Degree,R&D,Laboratory Technician,3,3,3,3,0,9131,1,5,9,3,3,4,2,3,1,Non-Travel,No,0,1,0
EMP000456,19,Female,Single,3,Medical,Sales,Sales Executive,1,1,1,0,1,3901,0,16,9,4,3,2,3,3,3,Travel_Rarely,Yes,0,2,0
EMP000457,27,Male,Married,4,Life Sciences,R&D,Laboratory Technician,2,0,0,0,0,5282,0,14,10,3,4,4,2,2,2,Non-Travel,No,1,4,0
EMP000458,24,Male,Single,5,Marketing,Operations,Operations Manager,1,6,6,0,0,4440,0,11,25,4,2,3,4,3,0,Travel_Rarely,Yes,6,4,0
EMP000459,19,Male,Single,3,Other,R&D,Research Scientist,1,1,1,0,0,3563,1,12,1,3,3,3,4,3,0,Travel_Frequently,Yes,0,4,0
EMP000460,34,Male,Married,3,Life Sciences,R&D,Research Scientist,1,6,4,4,4,5591,1,15,3,3,4,2,3,3,2,Non-Travel,No,1,3,0
EMP000461,36,Male,Married,2,Technical Degree,IT,Software Engineer,3,2,2,1,2,7676,2,13,11,2,4,2,4,4,1,Non-Travel,No,0,2,0
EMP000462,36,Female,Married,3,Marketing,Operations,Operations Manager,3,1,1,0,1,9689,2,16,9,3,2,4,2,3,1,Travel_Frequently,No,0,4,0
EMP000463,29,Male,Divorced,2,Marketing,Sales,Sales Representative,1,2,2,0,2,2828,1,16,2,1,4,2,3,1,3,Travel_Rarely,No,0,2,1
EMP000464,31,Female,Married,3,Human Resources,Sales,Manager,3,0,0,0,0,6545,0,12,5,4,3,2,2,3,3,Travel_Rarely,No,0,2,0
EMP000465,42,Male,Single,4,Marketing,Sales,Sales Representative,3,1,0,0,0,8633,1,17,2,4,4,3,1,3,2,Travel_Rarely,No,8,3,0
EMP000466,27,Male,Married,3,Technical Degree,Sales,Manager,1,1,0,0,0,3631,0,17,24,4,1,3,4,2,4,Travel_Rarely,Yes,0,2,1
EMP000467,31,Female,Married,4,Marketing,R&D,Research Scientist,1,6,4,0,4,4475,1,11,6,3,4,3,1,3,0,Travel_Rarely,No,0,4,1
EMP000468,25,Female,Married,5,Life Sciences,Sales,Sales Representative,1,0,0,0,0,2819,1,17,2,2,4,4,3,4,1,Travel_Frequently,No,0,2,0
EMP000469,37,Female,Married,2,Technical Degree,R&D,Laboratory Technician,4,1,1,1,0,11513,1,14,4,2,3,4,4,2,2,Travel_Rarely,Yes,4,3,0
EMP000470,36,Male,Married,1,Other,R&D,Manager,2,1,0,0,0,4565,1,9,7,1,3,4,1,2,2,Travel_Rarely,No,0,3,0
EMP000471,31,Female,Single,4,Technical Degree,R&D,Laboratory Technician,2,4,1,1,1,6030,1,13,14,4,2,1,4,4,0,Travel_Rarely,Yes,0,3,0
EMP000472,29,Male,Married,2,Life Sciences,Operations,Operations Manager,1,1,1,0,0,3433,0,12,3,4,3,2,1,3,1,Travel_Frequently,Yes,1,2,0
EMP000473,30,Male,Married,3,Medical,Sales,Manager,2,0,0,0,0,5842,0,14,18,3,1,2,3,4,5,Non-Travel,No,0,4,0
EMP000474,31,Male,Married,3,Marketing,R&D,Research Scientist,1,1,1,0,0,2560,0,19,10,4,3,1,3,3,3,Travel_Rarely,Yes,2,4,0
EMP000475,20,Female,Single,5,Marketing,R&D,Manager,1,2,0,0,0,5046,1,11,11,4,3,4,2,2,1,Travel_Frequently,Yes,1,4,0
EMP000476,31,Male,Single,4,Life Sciences,R&D,Manager,2,3,0,0,0,4755,1,18,19,1,2,4,3,2,6,Non-Travel,No,1,3,0
EMP000477,40,Female,Divorced,1,Life Sciences,IT,Data Scientist,3,0,0,0,0,6826,0,13,8,2,4,2,2,3,1,Travel_Rarely,Yes,5,2,1
EMP000478,24,Female,Single,1,Technical Degree,IT,Software Engineer,1,1,1,0,1,3128,1,16,21,1,4,2,3,3,3,Travel_Rarely,No,1,2,0
EMP000479,30,Female,Single,2,Technical Degree,R&D,Research Director,3,7,0,0,0,9400,0,13,8,2,2,1,2,4,1,Travel_Rarely,Yes,0,1,1
EMP000480,28,Male,Married,3,Technical Degree,Marketing,Marketing Specialist,2,4,0,0,0,6264,0,11,4,3,2,2,1,4,1,Travel_Rarely,No,3,2,1
EMP000481,26,Male,Married,3,Other,IT,Software Engineer,3,3,2,1,0,9372,2,11,18,3,2,3,3,2,1,Travel_Rarely,No,3,3,0
EMP000482,35,Male,Single,4,Medical,Sales,Sales Representative,2,3,1,0,0,6088,1,7,6,3,2,3,3,3,5,Travel_Rarely,Yes,4,1,1
EMP000483,25,Male,Married,3,Other,Sales,Sales Representative,1,2,1,0,0,4073,0,14,16,4,2,3,1,2,2,Travel_Rarely,No,0,3,0
EMP000484,34,Female,Married,3,Technical Degree,IT,Manager,2,2,0,0,0,6145,1,16,10,2,1,3,4,3,4,Travel_Rarely,Yes,0,4,0
EMP000485,30,Female,Married,3,Human Resources,Operations,Operations Manager,3,2,2,0,1,6856,0,5,8,2,2,1,3,3,2,Non-Travel,No,1,2,0
EMP000486,21,Female,Married,1,Life Sciences,R&D,Research Scientist,1,3,0,0,0,3426,0,15,14,3,3,4,4,3,2,Non-Travel,No,1,3,0
EMP000487,25,Female,Single,5,Life Sciences,Sales,Sales Representative,1,3,0,0,0,3328,0,7,3,3,2,4,4,4,2,Travel_Rarely,No,1,3,0
EMP000488,29,Female,Married,2,Technical Degree,Marketing,Marketing Manager,2,5,2,2,0,5857,0,16,17,1,3,2,4,4,2,Travel_Rarely,Yes,2,3,0
EMP000489,25,Male,Single,3,Other,Sales,Manager,2,7,2,0,1,7349,0,7,8,4,4,3,3,3,2,Non-Travel,Yes,1,3,0
EMP000490,28,Female,Single,2,Technical Degree,IT,Manager,2,2,0,0,0,5974,1,12,11,2,2,3,2,3,4,Travel_Rarely,Yes,6,3,1
EMP000491,28,Male,Married,3,Technical Degree,Sales,Sales Executive,2,9,0,0,0,6715,0,5,2,3,1,2,4,4,3,Non-Travel,No,0,1,0
EMP000492,25,Female,Single,5,Medical,Sales,Sales Representative,2,7,0,0,0,7295,0,9,16,3,3,3,3,2,2,Travel_Frequently,No,0,2,0
EMP000493,22,Female,Single,2,Technical Degree,R&D,Research Director,1,3,3,3,2,4049,1,16,12,3,1,3,2,3,5,Travel_Frequently,No,1,4,1
EMP000494,32,Female,Single,3,Technical Degree,IT,Software Engineer,3,2,0,0,0,6751,0,14,5,3,2,3,4,2,4,Travel_Frequently,No,0,1,1
EMP000495,18,Male,Single,1,Technical Degree,Sales,Sales Representative,2,1,0,0,0,4503,1,16,14,1,3,4,2,2,3,Travel_Frequently,Yes,0,3,1
EMP000496,27,Female,Married,4,Technical Degree,IT,Software Engineer,1,5,5,0,2,4183,1,11,11,2,4,2,4,3,5,Travel_Rarely,No,1,1,0
EMP000497,32,Female,Married,4,Life Sciences,Sales,Manager,2,4,2,0,0,5695,1,12,12,4,4,2,4,2,3,Travel_Rarely,No,0,4,0
EMP000498,36,Female,Single,4,Technical Degree,R&D,Laboratory Technician,2,10,0,0,0,7574,0,17,1,4,2,4,3,4,1,Travel_Rarely,No,0,4,0
EMP000499,27,Female,Married,3,Medical,R&D,Research Director,3,5,2,0,2,8509,1,11,27,3,4,2,2,3,7,Non-Travel,No,1,4,0
EMP000500,42,Male,Married,5,Human Resources,IT,Manager,3,5,1,1,0,9988,0,12,5,4,3,3,4,3,4,Travel_Rarely,No,2,4,0
EMP000501,22,Male,Single,3,Marketing,IT,Manager,2,1,0,0,0,5195,0,18,11,4,1,2,3,3,1,Travel_Rarely,Yes,0,4,0
EMP000502,29,Female,Single,3,Marketing,Sales,Manager,1,5,1,1,1,4268,1,11,3,4,2,2,4,3,3,Travel_Rarely,Yes,4,1,0
EMP000503,27,Female,Single,4,Human Resources,Sales,Manager,1,9,2,0,0,4976,0,10,5,4,4,2,3,4,0,Non-Travel,No,1,3,0
EMP000504,21,Female,Single,3,Life Sciences,Marketing,Marketing Manager,2,3,0,0,0,5387,0,10,13,3,2,2,2,3,1,Non-Travel,Yes,0,3,1
EMP000505,31,Male,Married,2,Life Sciences,R&D,Manager,3,11,1,1,1,12248,0,11,5,2,2,1,4,2,1,Travel_Rarely,Yes,1,3,0
EMP000506,28,Male,Married,3,Technical Degree,R&D,Manager,2,2,0,0,0,5199,0,7,7,2,4,4,3,3,4,Travel_Rarely,No,2,3,0
EMP000507,22,Male,Single,2,Medical,Sales,Manager,1,0,0,0,0,4002,0,10,7,2,3,1,2,2,1,Travel_Frequently,Yes,0,3,1
EMP000508,31,Male,Divorced,3,Medical,Operations,Operations Manager,1,2,2,2,1,2582,0,11,29,4,3,4,2,4,3,Travel_Rarely,Yes,0,3,0
EMP000509,20,Male,Single,4,Other,Marketing,Marketing Manager,1,0,0,0,0,2513,0,16,8,1,3,2,2,3,5,Travel_Rarely,Yes,1,2,0
EMP000510,33,Male,Single,2,Marketing,Sales,Sales Representative,2,0,0,0,0,5178,1,17,7,2,4,3,3,3,2,Travel_Frequently,No,0,3,0
EMP000511,24,Male,Single,4,Life Sciences,HR,Human Resources,2,1,1,0,0,4045,1,11,13,3,4,3,2,3,3,Travel_Rarely,No,0,3,0
EMP000512,45,Female,Married,5,Medical,Marketing,Marketing Specialist,3,3,2,2,1,7960,0,17,4,4,4,2,2,4,3,Non-Travel,No,0,4,0
EMP000513,24,Male,Single,3,Life Sciences,R&D,Research Scientist,1,6,5,0,4,4575,0,5,6,2,4,1,4,3,3,Travel_Rarely,Yes,0,3,0
EMP000514,28,Female,Single,3,Marketing,R&D,Manager,2,0,0,0,0,4864,0,17,4,2,4,4,1,3,0,Travel_Frequently,No,1,4,0
EMP000515,31,Female,Married,5,Life Sciences,R&D,Research Director,1,1,1,1,0,3531,0,15,30,1,3,4,3,3,2,Travel_Frequently,No,0,2,0
EMP000516,25,Male,Married,4,Other,Sales,Sales Executive,2,7,0,0,0,7462,0,11,6,2,3,4,1,3,1,Travel_Rarely,Yes,3,2,0
EMP000517,35,Female,Married,2,Marketing,IT,Software Engineer,3,10,7,2,0,10596,1,7,6,4,2,3,2,4,4,Travel_Frequently,Yes,0,4,0
EMP000518,29,Female,Married,3,Life Sciences,R&D,Research Director,2,9,1,0,0,6034,0,11,3,1,3,3,3,3,2,Non-Travel,Yes,2,4,0
EMP000519,19,Male,Single,4,Medical,R&D,Research Scientist,1,0,0,0,0,2941,0,14,3,1,3,4,4,3,2,Travel_Rarely,Yes,1,2,1
EMP000520,21,Male,Single,4,Marketing,R&D,Research Director,2,3,1,1,0,5558,1,16,8,1,4,3,2,2,1,Travel_Rarely,Yes,1,3,1
EMP000521,36,Male,Married,4,Medical,IT,Software Engineer,3,1,0,0,0,8370,1,12,11,1,1,2,2,4,2,Non-Travel,No,1,2,1
EMP000522,28,Female,Single,4,Marketing,IT,Data Scientist,1,5,1,0,0,3812,0,9,0,3,4,4,3,3,5,Travel_Rarely,No,1,3,0
EMP000523,27,Male,Single,4,Other,HR,Manager,1,2,2,0,0,3445,0,13,7,4,4,1,3,3,4,Travel_Frequently,No,0,2,1
EMP000524,28,Male,Married,3,Medical,Marketing,Marketing Specialist,3,5,1,0,0,10067,1,10,20,3,2,4,2,3,3,Travel_Rarely,No,1,3,0
EMP000525,22,Female,Single,4,Medical,Sales,Manager,1,2,2,2,0,2264,0,8,5,3,4,3,3,3,2,Travel_Rarely,Yes,0,2,0
EMP000526,27,Male,Married,5,Technical Degree,IT,Software Engineer,2,9,2,0,2,7255,1,5,4,3,3,3,4,3,1,Travel_Rarely,No,0,3,0
EMP000527,28,Female,Single,3,Medical,HR,Manager,3,0,0,0,0,7182,0,20,3,2,2,3,3,2,4,Non-Travel,No,0,3,0
EMP000528,45,Male,Divorced,4,Life Sciences,Sales,Manager,4,1,0,0,0,8819,3,15,2,2,3,3,4,3,4,Travel_Frequently,No,3,4,0
EMP000529,28,Female,Married,3,Life Sciences,Sales,Sales Representative,1,8,1,0,1,3847,0,18,8,3,4,3,3,4,5,Travel_Rarely,No,0,4,0
EMP000530,27,Male,Single,3,Other,R&D,Manager,1,6,6,2,1,4384,1,12,11,2,3,2,3,4,2,Travel_Rarely,No,2,4,1
EMP000531,29,Male,Married,5,Other,Marketing,Marketing Specialist,3,1,0,0,0,7862,1,17,10,1,3,4,3,3,2,Non-Travel,No,1,2,0
EMP000532,28,Male,Married,1,Life Sciences,IT,Data Scientist,2,0,0,0,0,6142,0,20,5,4,2,3,3,3,3,Travel_Rarely,No,2,2,0
EMP000533,27,Female,Married,3,Marketing,HR,Human Resources,2,1,1,1,1,6257,1,17,16,3,1,3,3,1,1,Travel_Rarely,No,0,3,0
EMP000534,35,Male,Married,3,Life Sciences,Sales,Sales Representative,4,3,0,0,0,10457,3,18,16,4,4,2,3,4,0,Travel_Rarely,Yes,0,4,0
EMP000535,26,Female,Married,3,Technical Degree,Operations,Operations Manager,2,0,0,0,0,4937,1,19,4,3,2,2,3,4,2,Travel_Rarely,No,2,3,0
EMP000536,37,Female,Married,4,Life Sciences,R&D,Laboratory Technician,3,9,0,0,0,11480,1,8,20,3,3,4,4,3,3,Travel_Frequently,No,3,3,0
EMP000537,27,Female,Single,2,Life Sciences,HR,Human Resources,2,3,0,0,0,4959,0,11,16,4,1,3,3,3,5,Travel_Frequently,Yes,1,3,0
EMP000538,35,Male,Divorced,2,Technical Degree,IT,Data Scientist,3,12,2,0,1,12509,1,17,4,3,4,3,3,3,1,Travel_Rarely,No,0,3,0
EMP000539,33,Female,Single,3,Medical,Sales,Sales Executive,2,1,1,1,1,5116,1,13,5,2,4,1,4,3,2,Travel_Rarely,No,6,2,0
EMP000540,26,Female,Single,3,Life Sciences,IT,Software Engineer,1,0,0,0,0,3162,0,15,19,2,2,3,2,2,2,Travel_Rarely,No,2,4,0
EMP000541,21,Male,Single,4,Technical Degree,Sales,Manager,2,3,2,0,2,5652,0,11,6,2,4,3,1,4,3,Travel_Rarely,Yes,2,4,0
EMP000542,42,Female,Married,4,Technical Degree,Sales,Manager,4,0,0,0,0,12361,3,14,17,3,2,2,2,4,0,Travel_Rarely,Yes,1,4,0
EMP000543,27,Female,Married,3,Technical Degree,IT,Software Engineer,2,2,2,2,2,6011,0,13,12,4,4,1,3,3,3,Travel_Rarely,No,0,4,0
EMP000544,30,Female,Married,3,Other,Sales,Manager,2,3,3,1,0,4961,1,11,6,1,2,3,2,3,4,Travel_Rarely,Yes,0,2,0
EMP000545,24,Male,Married,4,Medical,R&D,Laboratory Technician,1,3,0,0,0,3671,0,9,13,4,3,2,3,3,2,Non-Travel,No,0,3,0
EMP000546,25,Female,Married,2,Life Sciences,Sales,Sales Representative,2,0,0,0,0,5102,0,16,5,2,2,4,3,3,1,Travel_Rarely,Yes,4,3,0
EMP000547,37,Male,Married,2,Life Sciences,R&D,Laboratory Technician,3,3,0,0,0,8950,0,11,14,4,3,3,2,3,1,Travel_Rarely,No,1,3,0
EMP000548,39,Male,Single,4,Medical,Sales,Sales Representative,3,0,0,0,0,9390,0,18,3,3,1,2,2,3,0,Travel_Rarely,Yes,1,4,0
EMP000549,32,Male,Single,3,Life Sciences,IT,Data Scientist,2,1,1,1,0,5205,0,14,4,3,3,2,3,3,4,Travel_Rarely,No,0,2,0
EMP000550,28,Male,Married,3,Marketing,Sales,Sales Representative,1,10,3,3,1,5205,0,14,6,4,3,2,1,4,1,Travel_Frequently,No,0,3,0
EMP000551,33,Female,Single,3,Life Sciences,IT,Data Scientist,1,1,0,0,0,3944,0,14,6,3,2,3,2,2,2,Travel_Rarely,No,2,4,0
EMP000552,25,Male,Married,3,Medical,IT,Manager,2,7,0,0,0,6988,1,5,3,3,2,1,2,2,0,Travel_Rarely,Yes,0,4,0
EMP000553,29,Male,Married,3,Life Sciences,R&D,Research Scientist,2,3,1,1,0,5654,0,14,6,1,3,3,1,3,3,Non-Travel,No,1,3,0
EMP000554,23,Male,Single,5,Medical,Marketing,Marketing Specialist,1,1,1,0,1,3011,0,20,7,2,3,2,4,3,2,Travel_Rarely,Yes,1,2,0
EMP000555,23,Male,Single,3,Technical Degree,Sales,Sales Representative,1,5,4,2,0,4583,0,12,8,2,3,3,2,3,2,Travel_Rarely,Yes,1,3,0
EMP000556,32,Female,Single,4,Medical,R&D,Research Director,1,4,0,0,0,3265,0,14,24,3,3,3,4,3,2,Travel_Frequently,No,1,2,0
EMP000557,30,Female,Married,5,Medical,Sales,Manager,1,3,3,3,2,3826,1,12,15,3,3,4,3,2,1,Travel_Rarely,Yes,0,3,0
EMP000558,30,Male,Single,4,Human Resources,R&D,Research Scientist,1,0,0,0,0,3083,0,14,3,3,2,4,3,4,4,Travel_Rarely,Yes,0,4,0
EMP000559,27,Female,Married,4,Technical Degree,Operations,Operations Manager,3,2,2,0,0,8893,0,18,10,4,3,3,3,3,5,Travel_Rarely,Yes,4,2,0
EMP000560,30,Male,Married,4,Marketing,Sales,Manager,2,6,0,0,0,6886,1,15,6,2,3,2,3,2,1,Travel_Rarely,Yes,0,1,0
EMP000561,24,Female,Married,3,Marketing,IT,Data Scientist,1,6,4,2,1,3970,1,11,9,1,4,3,4,4,2,Travel_Rarely,No,0,2,0
EMP000562,19,Female,Married,4,Marketing,IT,Data Scientist,1,1,1,0,1,2845,1,12,12,2,3,4,3,4,1,Non-Travel,No,0,4,0
EMP000563,29,Male,Married,2,Life Sciences,Sales,Sales Representative,2,0,0,0,0,4011,0,20,7,2,3,2,4,2,3,Travel_Rarely,No,0,3,1
EMP000564,21,Female,Single,5,Life Sciences,Operations,Operations Specialist,2,0,0,0,0,5035,1,15,0,3,4,3,2,4,2,Travel_Frequently,No,1,4,0
EMP000565,34,Male,Single,4,Marketing,Operations,Operations Specialist,1,16,0,0,0,6660,0,15,1,3,1,3,3,3,2,Travel_Rarely,No,1,2,0
EMP000566,38,Male,Married,4,Medical,Marketing,Marketing Specialist,2,0,0,0,0,4436,1,11,31,3,3,4,4,3,1,Travel_Frequently,No,0,2,1
EMP000567,43,Female,Married,1,Life Sciences,R&D,Research Director,3,1,0,0,0,6215,1,8,1,4,1,4,3,3,2,Travel_Rarely,No,1,1,1
EMP000568,28,Female,Married,5,Life Sciences,Sales,Sales Executive,3,8,6,0,2,8646,1,8,3,1,3,2,2,4,1,Travel_Frequently,Yes,1,2,1
EMP000569,24,Male,Single,2,Life Sciences,R&D,Research Scientist,1,2,0,0,0,3622,1,14,12,2,4,4,4,3,4,Travel_Rarely,No,0,1,0
EMP000570,30,Female,Single,4,Other,HR,Manager,1,0,0,0,0,2996,0,13,12,1,3,1,3,2,1,Travel_Rarely,Yes,1,3,0
EMP000571,27,Female,Married,3,Life Sciences,R&D,Research Director,1,0,0,0,0,3252,0,11,24,3,3,2,3,3,4,Travel_Rarely,No,0,1,0
EMP000572,29,Male,Single,4,Life Sciences,IT,Data Scientist,2,0,0,0,0,5579,0,15,20,4,2,4,1,3,1,Travel_Rarely,No,1,3,0
EMP000573,36,Male,Married,4,Marketing,IT,Manager,3,0,0,0,0,9216,2,14,14,4,4,4,2,3,2,Travel_Rarely,No,4,3,0
EMP000574,26,Female,Married,2,Marketing,Sales,Sales Executive,3,3,3,1,2,7664,0,15,7,4,3,1,3,4,5,Non-Travel,No,3,2,0
EMP000575,28,Male,Single,3,Marketing,R&D,Manager,3,0,0,0,0,10114,1,14,3,3,3,1,3,3,1,Travel_Frequently,Yes,1,1,0
EMP000576,23,Male,Single,3,Medical,Operations,Operations Manager,1,0,0,0,0,3003,0,19,7,3,2,3,3,4,2,Travel_Rarely,No,0,4,0
EMP000577,28,Female,Single,4,Medical,Sales,Sales Executive,3,10,0,0,0,10747,2,15,4,2,1,3,1,3,3,Travel_Rarely,No,2,3,0
EMP000578,41,Female,Married,4,Technical Degree,R&D,Research Scientist,2,10,1,0,0,7035,0,8,8,3,3,3,4,3,2,Travel_Rarely,No,9,3,0
EMP000579,24,Male,Married,2,Life Sciences,Sales,Manager,1,6,0,0,0,4475,0,19,1,2,1,3,3,4,1,Travel_Rarely,No,2,4,0
EMP000580,35,Female,Married,3,Medical,R&D,Laboratory Technician,4,6,0,0,0,12289,2,18,5,1,1,2,1,1,1,Travel_Rarely,No,0,3,0
EMP000581,27,Male,Married,4,Human Resources,R&D,Laboratory Technician,2,5,0,0,0,5515,0,11,21,3,2,4,4,3,1,Travel_Rarely,No,0,4,0
EMP000582,35,Male,Married,3,Life Sciences,Sales,Manager,2,1,1,0,1,5443,1,18,27,3,2,4,3,3,0,Non-Travel,No,0,3,0
EMP000583,34,Female,Married,5,Life Sciences,Sales,Sales Representative,1,2,0,0,0,3837,0,19,6,1,2,3,4,3,3,Travel_Frequently,No,2,3,0
EMP000584,22,Female,Single,3,Life Sciences,HR,Manager,1,1,1,0,1,3795,0,17,12,4,4,3,4,3,1,Non-Travel,No,0,2,0
EMP000585,34,Male,Single,2,Life Sciences,R&D,Laboratory Technician,3,16,3,2,0,10745,2,12,6,4,3,3,3,2,7,Travel_Rarely,Yes,0,3,0
EMP000586,21,Female,Married,2,Life Sciences,Sales,Sales Representative,1,3,3,1,0,4001,1,12,2,3,2,3,2,4,2,Travel_Frequently,No,1,2,1
EMP000587,22,Female,Single,3,Life Sciences,Marketing,Marketing Specialist,1,4,2,1,2,3952,1,7,3,4,4,3,4,3,3,Non-Travel,No,0,2,0
EMP000588,27,Male,Single,3,Life Sciences,HR,Human Resources,2,1,1,1,1,5247,0,18,9,2,2,3,2,2,4,Travel_Rarely,Yes,0,1,0
EMP000589,39,Male,Married,2,Medical,Sales,Sales Representative,4,4,3,1,0,13156,2,14,8,4,4,4,2,3,1,Travel_Frequently,No,0,3,0
EMP000590,32,Male,Married,1,Life Sciences,Marketing,Marketing Manager,2,7,3,0,3,6377,0,10,11,4,3,2,3,2,2,Non-Travel,No,4,2,0
EMP000591,23,Female,Single,4,Technical Degree,R&D,Research Scientist,1,0,0,0,0,3217,0,11,8,2,3,2,4,3,3,Travel_Rarely,Yes,1,4,0
EMP000592,20,Male,Single,4,Technical Degree,Sales,Sales Executive,2,2,0,0,0,4128,1,6,9,2,2,3,3,4,3,Travel_Frequently,No,2,2,0
EMP000593,33,Male,Married,2,Medical,Marketing,Marketing Specialist,3,0,0,0,0,6174,1,12,1,3,2,2,3,3,4,Travel_Frequently,Yes,0,2,1
EMP000594,29,Male,Married,4,Human Resources,Sales,Manager,2,1,1,0,1,4671,1,15,30,3,3,3,2,2,5,Non-Travel,Yes,0,3,1
EMP000595,30,Male,Married,5,Technical Degree,Marketing,Marketing Specialist,2,6,0,0,0,6786,0,14,10,2,3,2,3,4,4,Travel_Rarely,No,1,3,0
EMP000596,31,Female,Married,5,Technical Degree,IT,Software Engineer,2,2,0,0,0,5708,0,16,9,4,1,2,2,2,3,Travel_Frequently,No,2,3,1
EMP000597,37,Male,Single,5,Life Sciences,R&D,Manager,4,12,0,0,0,14642,2,15,20,2,2,2,4,3,1,Travel_Rarely,No,1,4,0
EMP000598,28,Male,Single,4,Technical Degree,Sales,Manager,3,1,1,0,1,9738,0,18,3,3,4,2,1,1,1,Travel_Rarely,No,0,3,0
EMP000599,38,Female,Married,3,Other,Sales,Manager,4,0,0,0,0,11191,3,15,16,2,2,3,3,4,4,Non-Travel,No,2,3,0
EMP000600,24,Male,Married,2,Life Sciences,Sales,Sales Representative,1,2,0,0,0,3592,0,11,8,2,3,1,4,3,1,Travel_Rarely,No,5,3,0
EMP000601,20,Male,Married,3,Technical Degree,Marketing,Marketing Specialist,2,2,1,0,1,5127,0,12,6,4,2,4,2,2,3,Travel_Frequently,No,2,2,0
EMP000602,35,Female,Married,4,Technical Degree,R&D,Laboratory Technician,3,9,1,1,0,9439,0,6,2,2,4,3,3,3,0,Travel_Rarely,Yes,0,4,0
EMP000603,22,Female,Single,5,Medical,Sales,Manager,2,2,2,1,0,6554,0,16,10,2,3,4,1,2,5,Non-Travel,Yes,2,3,0
EMP000604,29,Female,Married,3,Medical,HR,Manager,2,8,0,0,0,6442,0,9,21,3,1,2,1,4,4,Travel_Rarely,No,2,3,0
EMP000605,39,Male,Single,3,Life Sciences,Sales,Manager,4,0,0,0,0,12428,3,13,12,1,3,3,3,2,6,Travel_Rarely,No,1,2,0
EMP000606,20,Male,Single,4,Life Sciences,Sales,Sales Representative,1,0,0,0,0,2992,0,14,5,1,3,3,4,3,2,Travel_Rarely,No,2,3,0
EMP000607,31,Female,Married,3,Life Sciences,Sales,Sales Representative,2,10,1,1,1,6968,0,19,6,3,3,2,1,4,4,Travel_Frequently,No,0,1,0
EMP000608,20,Female,Single,3,Marketing,IT,Manager,1,2,0,0,0,3624,1,8,4,3,4,1,2,2,2,Travel_Frequently,No,2,3,1
EMP000609,28,Male,Married,3,Marketing,Sales,Manager,1,0,0,0,0,2524,1,15,5,3,2,4,3,2,2,Travel_Rarely,No,5,4,0
EMP000610,18,Male,Single,5,Other,R&D,Laboratory Technician,1,1,1,1,0,2710,0,14,8,3,4,4,4,3,0,Travel_Rarely,Yes,2,2,0
EMP000611,21,Female,Single,3,Marketing,Sales,Manager,1,3,0,0,0,3563,1,10,6,4,1,4,1,3,3,Non-Travel,No,1,4,0
EMP000612,24,Male,Single,3,Life Sciences,HR,Human Resources,1,0,0,0,0,2899,0,17,4,2,4,4,4,3,1,Travel_Rarely,Yes,0,4,0
EMP000613,20,Male,Married,3,Life Sciences,R&D,Manager,1,2,0,0,0,3715,0,6,13,2,3,3,3,3,2,Non-Travel,Yes,1,4,0
EMP000614,32,Male,Married,3,Other,Sales,Sales Representative,1,4,0,0,0,4242,0,17,10,4,3,3,3,3,0,Travel_Rarely,No,3,3,0
EMP000615,31,Female,Married,3,Medical,R&D,Research Scientist,1,5,0,0,0,3515,1,12,8,3,4,2,2,4,3,Travel_Rarely,No,1,3,0
EMP000616,40,Female,Married,3,Technical Degree,HR,Human Resources,3,4,1,0,1,7539,0,12,21,4,3,3,2,3,0,Non-Travel,No,0,2,0
EMP000617,22,Female,Single,3,Life Sciences,Sales,Sales Executive,1,4,2,0,0,3658,0,16,11,2,3,2,3,3,5,Travel_Frequently,Yes,2,3,0
EMP000618,26,Male,Married,1,Medical,IT,Manager,2,1,0,0,0,4878,0,18,6,3,2,1,4,4,2,Non-Travel,No,0,3,0
EMP000619,21,Male,Single,4,Medical,R&D,Manager,2,1,1,1,1,5256,0,13,7,1,3,2,4,3,2,Travel_Frequently,Yes,2,3,1
EMP000620,25,Male,Married,3,Life Sciences,IT,Data Scientist,1,4,1,0,1,4226,0,5,5,1,1,3,4,3,3,Travel_Rarely,Yes,0,3,0
EMP000621,41,Female,Single,5,Technical Degree,HR,Manager,2,2,0,0,0,5645,1,12,25,3,2,3,1,3,1,Travel_Rarely,Yes,0,2,1
EMP000622,33,Female,Married,1,Marketing,Marketing,Marketing Specialist,2,3,0,0,0,6100,1,11,2,3,1,3,1,1,2,Travel_Rarely,No,3,4,0
EMP000623,22,Female,Single,1,Medical,R&D,Manager,2,1,0,0,0,4861,0,13,13,4,3,4,2,4,3,Non-Travel,No,0,2,1
EMP000624,19,Male,Married,5,Technical Degree,Sales,Sales Executive,1,1,0,0,0,2862,0,15,5,1,1,2,2,2,1,Travel_Rarely,Yes,0,1,1
EMP000625,19,Female,Single,2,Medical,IT,Manager,2,0,0,0,0,4518,0,16,5,2,4,4,3,4,2,Non-Travel,No,1,2,0
EMP000626,32,Female,Married,1,Life Sciences,IT,Data Scientist,2,0,0,0,0,4765,0,14,3,3,2,3,3,4,2,Travel_Rarely,No,2,4,0
EMP000627,24,Male,Single,2,Other,Operations,Operations Specialist,1,6,2,2,2,4269,0,13,27,2,3,2,2,4,3,Travel_Rarely,No,0,2,0
EMP000628,47,Male,Married,4,Life Sciences,Sales,Sales Representative,5,6,3,1,1,19054,2,16,2,4,2,4,4,2,3,Non-Travel,No,2,3,0
EMP000629,27,Female,Single,4,Technical Degree,HR,Human Resources,1,3,0,0,0,3346,1,18,14,4,3,3,3,3,5,Travel_Rarely,Yes,1,4,0
EMP000630,24,Female,Single,3,Technical Degree,R&D,Research Scientist,1,4,1,1,1,3798,1,9,2,3,2,2,3,3,4,Travel_Rarely,Yes,4,2,0
EMP000631,21,Male,Married,4,Life Sciences,IT,Software Engineer,2,3,0,0,0,5201,0,16,4,2,2,2,3,2,1,Travel_Rarely,No,1,3,0
EMP000632,35,Female,Married,3,Medical,Operations,Operations Manager,4,11,0,0,0,12020,2,10,4,3,3,1,3,3,5,Non-Travel,Yes,0,4,0
EMP000633,25,Female,Single,5,Life Sciences,R&D,Research Scientist,2,7,6,1,2,6899,1,8,1,2,2,3,3,1,2,Travel_Rarely,Yes,0,3,0
EMP000634,28,Male,Married,2,Medical,IT,Data Scientist,3,1,1,0,1,8133,1,17,8,2,2,3,3,3,0,Non-Travel,Yes,3,2,0
EMP000635,29,Male,Single,4,Technical Degree,R&D,Manager,2,1,0,0,0,5255,0,12,11,4,3,4,4,3,5,Travel_Rarely,Yes,0,2,0
EMP000636,27,Male,Married,2,Life Sciences,R&D,Research Scientist,2,0,0,0,0,5185,0,10,10,3,3,3,3,4,1,Travel_Rarely,No,0,3,0
EMP000637,33,Male,Married,3,Life Sciences,R&D,Research Director,1,0,0,0,0,2929,1,14,9,4,2,2,3,3,4,Non-Travel,No,7,3,0
EMP000638,21,Male,Married,2,Marketing,Sales,Sales Executive,1,3,3,3,2,3733,0,9,6,4,4,3,3,3,7,Non-Travel,No,2,3,0
EMP000639,27,Male,Single,4,Marketing,R&D,Research Scientist,2,1,0,0,0,6659,0,15,7,2,4,4,4,3,3,Travel_Frequently,No,0,2,0
EMP000640,26,Female,Married,4,Technical Degree,Sales,Sales Executive,2,1,1,1,0,6052,0,15,28,1,2,1,2,1,3,Travel_Frequently,Yes,0,4,1
EMP000641,34,Female,Married,3,Technical Degree,R&D,Laboratory Technician,3,0,0,0,0,7138,0,17,0,3,2,2,4,4,1,Non-Travel,No,4,3,0
EMP000642,36,Female,Married,4,Technical Degree,R&D,Laboratory Technician,4,12,4,1,1,11232,2,5,2,2,1,4,2,4,5,Travel_Rarely,No,0,4,0
EMP000643,23,Male,Single,4,Technical Degree,IT,Manager,1,0,0,0,0,3442,0,14,10,3,2,1,4,1,6,Travel_Rarely,No,0,2,0
EMP000644,34,Male,Married,4,Life Sciences,R&D,Laboratory Technician,2,2,0,0,0,5761,1,5,7,4,4,4,1,2,4,Non-Travel,No,0,4,0
EMP000645,21,Male,Single,3,Marketing,R&D,Research Scientist,1,1,0,0,0,3440,0,16,7,3,4,3,3,1,5,Travel_Rarely,Yes,2,2,0
EMP000646,27,Female,Married,3,Medical,Sales,Manager,3,0,0,0,0,7317,2,17,5,1,4,2,1,4,5,Travel_Frequently,No,1,2,0
EMP000647,28,Male,Married,2,Human Resources,Marketing,Marketing Manager,1,10,5,1,0,4725,0,11,13,3,2,1,2,1,7,Travel_Rarely,No,9,1,0
EMP000648,36,Male,Married,3,Medical,Sales,Manager,3,1,0,0,0,8387,1,13,6,1,3,2,3,1,2,Non-Travel,No,0,3,0
EMP000649,33,Female,Married,4,Human Resources,Operations,Operations Manager,3,3,1,1,0,9020,0,7,15,2,2,4,3,3,0,Travel_Frequently,Yes,0,3,0
EMP000650,21,Male,Married,4,Technical Degree,R&D,Laboratory Technician,1,3,0,0,0,4521,1,17,3,2,3,4,1,2,5,Non-Travel,No,0,3,0
EMP000651,33,Female,Married,4,Technical Degree,Sales,Sales Representative,2,4,2,0,2,6411,1,15,6,3,3,4,3,4,3,Non-Travel,No,0,2,0
EMP000652,29,Male,Single,3,Medical,R&D,Manager,2,3,0,0,0,5790,0,15,9,4,1,4,4,4,1,Travel_Frequently,No,5,3,0
EMP000653,41,Male,Married,4,Medical,Sales,Sales Executive,3,4,1,0,0,5473,0,14,4,1,1,3,3,2,0,Non-Travel,No,2,3,1
EMP000654,25,Female,Single,3,Marketing,Sales,Sales Representative,3,6,3,0,1,9504,0,13,3,1,1,4,1,3,6,Travel_Rarely,No,3,3,0
EMP000655,26,Female,Married,5,Life Sciences,R&D,Research Scientist,3,8,5,3,2,9775,0,20,20,4,2,2,2,4,1,Travel_Rarely,No,0,4,0
EMP000656,42,Male,Married,3,Other,HR,Human Resources,3,5,0,0,0,7650,0,15,2,3,3,4,4,1,2,Travel_Rarely,No,5,3,1
EMP000657,37,Male,Single,4,Technical Degree,Sales,Manager,2,3,0,0,0,6062,0,10,2,3,3,2,2,3,2,Travel_Rarely,No,0,4,1
EMP000658,21,Female,Married,4,Technical Degree,IT,Data Scientist,1,2,2,0,2,3990,1,5,3,4,2,3,4,3,1,Travel_Rarely,No,0,3,0
EMP000659,27,Female,Married,5,Medical,IT,Manager,1,6,0,0,0,5072,1,5,6,2,4,3,2,4,1,Travel_Rarely,No,1,4,0
EMP000660,31,Female,Married,3,Life Sciences,HR,Manager,1,4,3,0,2,3859,0,10,3,3,3,4,3,3,3,Travel_Rarely,No,0,4,0
EMP000661,34,Female,Single,3,Technical Degree,R&D,Research Scientist,3,2,2,1,1,7754,2,14,7,4,4,3,3,2,4,Travel_Rarely,No,0,4,0
EMP000662,22,Male,Single,3,Medical,Sales,Manager,1,2,1,1,1,3954,0,15,7,3,3,2,3,3,2,Non-Travel,No,1,4,0
EMP000663,40,Male,Divorced,3,Other,Sales,Sales Executive,2,22,5,0,1,8823,0,11,6,2,3,4,3,3,2,Travel_Frequently,No,0,3,0
EMP000664,20,Male,Single,4,Technical Degree,IT,Software Engineer,2,2,0,0,0,5536,0,7,11,3,4,1,4,4,3,Travel_Rarely,No,2,2,1
EMP000665,22,Female,Single,5,Life Sciences,HR,Manager,2,1,0,0,0,4323,0,10,22,4,4,1,1,3,1,Non-Travel,Yes,2,3,1
EMP000666,39,Male,Single,2,Marketing,R&D,Manager,4,1,1,0,1,14239,3,14,5,4,2,1,4,3,3,Travel_Rarely,No,2,4,0
EMP000667,28,Female,Single,4,Technical Degree,Sales,Manager,3,10,1,0,0,9290,1,12,6,4,3,4,4,4,5,Travel_Rarely,Yes,0,3,0
EMP000668,29,Female,Married,5,Marketing,Sales,Manager,1,5,1,0,1,4400,0,5,6,3,3,2,2,3,0,Travel_Rarely,No,3,2,0
EMP000669,30,Female,Single,2,Marketing,IT,Data Scientist,2,1,0,0,0,5256,0,15,8,4,2,1,2,2,5,Travel_Rarely,No,0,3,0
EMP000670,23,Male,Married,3,Life Sciences,R&D,Laboratory Technician,1,2,2,2,2,3661,0,15,2,3,2,3,3,3,4,Non-Travel,Yes,1,4,0
EMP000671,20,Male,Single,5,Life Sciences,Operations,Operations Manager,1,2,2,0,1,3269,0,12,1,2,1,3,2,3,2,Travel_Rarely,No,2,3,0
EMP000672,31,Male,Married,5,Technical Degree,Operations,Operations Specialist,1,1,0,0,0,3348,0,15,29,4,4,4,3,3,3,Non-Travel,No,1,3,0
EMP000673,32,Male,Single,3,Life Sciences,IT,Software Engineer,3,3,0,0,0,9743,1,13,1,4,1,3,2,3,1,Travel_Rarely,No,5,4,0
EMP000674,30,Female,Divorced,1,Technical Degree,R&D,Research Scientist,3,7,0,0,0,8827,1,13,3,1,4,2,3,4,1,Travel_Rarely,No,2,3,0
EMP000675,25,Male,Single,2,Marketing,Sales,Sales Executive,2,4,4,0,2,6088,0,9,12,4,4,2,4,3,2,Non-Travel,No,3,2,0
EMP000676,22,Female,Single,4,Other,R&D,Research Scientist,1,4,0,0,0,4364,1,17,13,1,3,1,4,4,4,Travel_Rarely,No,1,4,0
EMP000677,27,Female,Single,2,Human Resources,Operations,Operations Manager,3,4,4,0,4,7756,1,14,8,3,3,3,3,3,3,Travel_Rarely,Yes,1,2,0
EMP000678,43,Female,Married,2,Technical Degree,R&D,Manager,3,0,0,0,0,7211,1,15,17,1,3,3,2,3,1,Travel_Frequently,Yes,0,4,0
EMP000679,27,Male,Married,4,Medical,IT,Software Engineer,2,1,1,0,1,4667,0,15,10,2,2,3,4,2,2,Travel_Rarely,No,0,2,0
EMP000680,26,Male,Married,4,Medical,Operations,Operations Specialist,1,2,1,0,0,3300,0,10,6,4,3,4,2,3,3,Travel_Rarely,No,0,4,0
EMP000681,27,Male,Single,4,Life Sciences,IT,Manager,3,9,0,0,0,8055,0,17,4,2,3,1,3,3,2,Travel_Rarely,Yes,1,3,1
EMP000682,27,Male,Married,2,Life Sciences,HR,Human Resources,3,2,0,0,0,8524,2,17,1,2,4,1,2,3,2,Travel_Rarely,No,3,4,0
EMP000683,39,Male,Married,2,Marketing,Sales,Sales Representative,3,1,0,0,0,10310,2,15,1,2,4,3,4,2,0,Travel_Rarely,Yes,3,4,0
EMP000684,33,Male,Married,4,Technical Degree,Sales,Sales Representative,2,0,0,0,0,5095,0,16,1,1,4,4,3,3,2,Travel_Rarely,No,5,2,0
EMP000685,24,Female,Single,4,Life Sciences,R&D,Laboratory Technician,1,6,0,0,0,5139,0,20,5,4,3,3,3,3,1,Travel_Rarely,No,0,2,0
EMP000686,26,Male,Single,4,Medical,Operations,Operations Manager,1,7,0,0,0,3704,0,13,5,3,3,4,2,3,4,Travel_Rarely,No,5,3,0
EMP000687,28,Male,Single,5,Marketing,Marketing,Marketing Specialist,1,7,0,0,0,3862,0,6,17,1,3,3,4,1,6,Travel_Rarely,No,3,3,0
EMP000688,29,Female,Single,5,Other,Sales,Sales Representative,1,2,2,1,0,2643,0,14,10,3,2,4,4,3,0,Travel_Rarely,No,1,3,0
EMP000689,23,Female,Single,3,Life Sciences,R&D,Manager,1,0,0,0,0,2000,0,10,13,3,3,2,2,4,0,Travel_Rarely,No,0,3,0
EMP000690,25,Female,Married,3,Life Sciences,HR,Manager,1,1,0,0,0,3244,1,12,6,4,1,3,4,3,4,Travel_Rarely,No,3,4,0
EMP000691,40,Male,Single,4,Other,R&D,Manager,3,9,2,1,2,8442,1,11,27,2,4,3,1,4,2,Travel_Frequently,No,1,2,0
EMP000692,39,Female,Married,4,Life Sciences,Sales,Manager,3,0,0,0,0,5386,2,15,4,4,1,2,4,3,2,Travel_Rarely,Yes,1,1,1
EMP000693,26,Female,Divorced,3,Technical Degree,R&D,Laboratory Technician,3,8,0,0,0,9191,2,16,13,1,3,4,4,4,3,Travel_Rarely,No,0,1,0
EMP000694,25,Female,Divorced,4,Marketing,Operations,Operations Manager,2,3,0,0,0,5619,0,20,16,3,2,4,3,3,1,Travel_Frequently,Yes,3,3,0
EMP000695,33,Male,Married,2,Medical,Operations,Operations Manager,2,6,3,0,0,6444,1,12,16,3,4,3,3,2,3,Travel_Rarely,No,2,3,0
EMP000696,20,Female,Single,4,Medical,HR,Manager,2,2,2,1,2,5280,1,13,12,1,3,3,4,3,3,Travel_Rarely,No,0,4,0
EMP000697,38,Male,Single,1,Other,HR,Manager,4,13,0,0,0,15626,2,14,6,1,3,2,2,2,3,Travel_Rarely,No,1,2,0
EMP000698,24,Female,Married,3,Life Sciences,Sales,Manager,1,1,1,0,0,2778,0,12,2,2,3,4,2,3,2,Travel_Frequently,Yes,0,2,1
EMP000699,31,Male,Single,5,Life Sciences,IT,Manager,2,4,2,0,2,5042,0,8,13,3,1,3,3,3,1,Travel_Rarely,No,5,4,0
EMP000700,20,Female,Single,2,Marketing,Sales,Sales Representative,1,0,0,0,0,3563,1,13,15,2,2,2,3,3,0,Travel_Rarely,Yes,1,2,1
EMP000701,33,Female,Married,3,Medical,Sales,Manager,2,3,1,0,1,6833,1,11,7,2,3,3,4,1,2,Travel_Rarely,Yes,0,4,0
EMP000702,32,Male,Single,2,Marketing,Sales,Sales Executive,3,14,0,0,0,9195,1,8,6,1,2,1,4,3,3,Non-Travel,Yes,4,2,0
EMP000703,31,Female,Married,5,Other,R&D,Research Scientist,1,0,0,0,0,3103,0,13,6,4,1,2,4,3,4,Travel_Rarely,No,0,1,1
EMP000704,23,Male,Single,4,Other,Marketing,Marketing Manager,1,3,0,0,0,3195,0,13,6,3,2,2,2,4,3,Travel_Rarely,No,1,3,0
EMP000705,25,Male,Married,5,Life Sciences,Operations,Operations Manager,1,4,0,0,0,3346,0,14,6,2,3,2,3,1,1,Travel_Rarely,No,1,2,0
EMP000706,30,Male,Married,5,Medical,IT,Data Scientist,3,12,0,0,0,10678,0,9,3,4,1,1,3,2,4,Travel_Frequently,Yes,0,3,0
EMP000707,24,Female,Single,4,Life Sciences,IT,Manager,1,1,0,0,0,3320,0,12,19,3,3,4,2,3,3,Non-Travel,No,0,3,0
EMP000708,24,Male,Single,2,Other,R&D,Research Scientist,1,3,3,2,0,3401,0,5,13,1,1,1,4,2,3,Travel_Frequently,Yes,0,2,1
EMP000709,37,Female,Married,3,Medical,R&D,Manager,3,19,1,1,1,11358,2,13,12,3,4,4,3,1,4,Travel_Frequently,Yes,1,2,0
EMP000710,19,Female,Single,3,Medical,IT,Data Scientist,1,1,1,0,1,2698,0,15,3,3,2,2,1,3,1,Travel_Rarely,No,1,3,0
EMP000711,38,Female,Single,4,Technical Degree,R&D,Research Director,2,8,0,0,0,7440,0,9,10,3,2,4,2,3,3,Travel_Rarely,Yes,1,3,0
EMP000712,23,Female,Single,4,Marketing,Sales,Manager,2,5,0,0,0,5937,0,5,16,3,2,1,3,4,3,Travel_Frequently,No,1,4,1
EMP000713,33,Male,Divorced,3,Life Sciences,IT,Manager,1,3,0,0,0,3182,1,13,7,2,3,4,3,3,2,Travel_Rarely,Yes,1,4,0
EMP000714,30,Male,Single,2,Medical,Sales,Sales Executive,3,2,2,1,2,8339,0,13,1,2,4,3,3,3,2,Travel_Rarely,No,0,3,0
EMP000715,22,Male,Single,3,Marketing,Sales,Manager,2,1,1,1,1,4959,0,12,12,3,3,2,2,3,2,Travel_Rarely,Yes,1,4,1
EMP000716,24,Female,Single,2,Technical Degree,R&D,Research Scientist,1,3,0,0,0,3244,0,7,11,3,4,3,4,3,5,Non-Travel,No,9,2,0
EMP000717,34,Male,Married,4,Marketing,Sales,Sales Representative,2,0,0,0,0,4339,0,20,6,3,4,1,1,4,2,Travel_Rarely,No,0,2,0
EMP000718,26,Male,Single,4,Life Sciences,HR,Manager,2,0,0,0,0,4253,1,14,5,1,3,2,4,3,2,Travel_Rarely,Yes,4,4,1
EMP000719,47,Female,Married,4,Medical,HR,Manager,3,1,0,0,0,6872,1,12,7,4,2,3,4,2,2,Travel_Rarely,No,0,1,0
EMP000720,25,Male,Married,2,Technical Degree,R&D,Laboratory Technician,3,2,2,0,0,8460,0,14,10,2,2,3,3,4,1,Travel_Rarely,Yes,0,3,1
EMP000721,24,Female,Single,5,Other,Operations,Operations Specialist,1,6,1,1,0,4044,0,6,13,2,3,4,2,2,2,Travel_Rarely,No,2,2,0
EMP000722,22,Male,Single,1,Life Sciences,IT,Manager,1,0,0,0,0,3920,0,15,21,2,4,4,1,2,5,Travel_Rarely,No,1,2,0
EMP000723,24,Male,Single,3,Life Sciences,Sales,Sales Representative,1,6,0,0,0,4492,0,13,5,3,3,2,1,3,1,Travel_Rarely,No,4,2,0
EMP000724,28,Male,Single,4,Marketing,IT,Software Engineer,3,8,0,0,0,9921,0,12,16,3,3,2,2,3,1,Non-Travel,No,2,4,0
EMP000725,45,Male,Married,1,Marketing,R&D,Research Scientist,5,4,0,0,0,17955,1,11,8,3,4,2,4,2,2,Travel_Rarely,No,1,2,0
EMP000726,24,Female,Single,2,Life Sciences,IT,Software Engineer,1,3,1,0,0,3456,0,10,16,3,3,3,3,2,5,Travel_Rarely,Yes,1,2,1
EMP000727,19,Male,Single,2,Marketing,IT,Software Engineer,2,1,0,0,0,4105,0,13,3,1,3,3,4,4,1,Travel_Rarely,No,0,1,0
EMP000728,25,Male,Single,4,Human Resources,Sales,Sales Executive,3,2,2,0,0,6969,0,17,15,4,2,2,1,2,6,Travel_Rarely,No,7,4,0
EMP000729,29,Female,Single,5,Marketing,IT,Software Engineer,1,0,0,0,0,2509,0,12,9,2,2,2,3,4,2,Travel_Rarely,No,1,3,0
EMP000730,38,Female,Married,4,Medical,Marketing,Marketing Specialist,3,5,1,1,1,7065,1,10,19,3,2,4,4,3,2,Travel_Rarely,Yes,2,3,0
EMP000731,29,Female,Single,4,Technical Degree,R&D,Laboratory Technician,2,4,0,0,0,5737,0,5,3,3,4,4,3,2,3,Non-Travel,No,0,4,0
EMP000732,26,Female,Married,3,Life Sciences,Sales,Manager,2,0,0,0,0,3785,1,20,20,2,2,4,1,3,2,Non-Travel,Yes,1,2,0
EMP000733,24,Female,Married,1,Medical,Sales,Sales Executive,1,1,1,0,1,3336,0,14,4,4,2,3,3,2,2,Non-Travel,Yes,4,2,1
EMP000734,33,Male,Single,1,Marketing,Sales,Sales Representative,3,2,0,0,0,8183,0,13,2,1,1,1,3,2,1,Travel_Rarely,No,0,2,1
EMP000735,28,Female,Married,5,Marketing,Sales,Sales Representative,2,10,0,0,0,8182,0,18,8,4,3,3,4,3,0,Travel_Rarely,No,1,1,0
EMP000736,34,Male,Single,2,Other,R&D,Research Scientist,2,16,1,1,0,8404,0,9,14,2,1,2,4,3,4,Travel_Rarely,No,0,4,0
EMP000737,22,Male,Single,5,Life Sciences,R&D,Laboratory Technician,1,4,0,0,0,3292,1,7,34,2,1,4,3,4,7,Non-Travel,No,1,3,0
EMP000738,25,Male,Married,2,Life Sciences,Sales,Sales Executive,2,6,0,0,0,5182,0,13,1,4,3,1,1,3,2,Travel_Rarely,Yes,0,4,0
EMP000739,32,Male,Married,4,Other,IT,Manager,2,2,0,0,0,6522,0,13,22,3,2,2,1,3,2,Travel_Rarely,No,3,4,0
EMP000740,21,Male,Single,5,Life Sciences,Operations,Operations Manager,1,3,0,0,0,3197,1,19,4,2,4,2,4,1,2,Travel_Rarely,Yes,1,4,0
EMP000741,22,Male,Single,3,Medical,Marketing,Marketing Manager,1,1,0,0,0,2898,1,15,11,3,4,3,3,3,4,Travel_Frequently,No,0,3,1
EMP000742,27,Male,Married,4,Marketing,R&D,Laboratory Technician,1,6,0,0,0,4025,0,14,16,2,3,4,3,4,3,Non-Travel,Yes,0,1,0
EMP000743,36,Female,Married,3,Human Resources,IT,Data Scientist,3,0,0,0,0,7940,1,15,7,4,1,3,3,3,0,Travel_Frequently,No,1,1,0
EMP000744,39,Female,Single,3,Marketing,Operations,Operations Specialist,3,2,2,1,2,10201,0,8,21,3,3,2,3,3,0,Travel_Rarely,Yes,3,1,1
EMP000745,23,Female,Single,3,Medical,Marketing,Marketing Manager,2,5,0,0,0,6121,1,6,12,2,4,4,4,3,0,Travel_Rarely,No,1,4,0
EMP000746,29,Female,Married,4,Marketing,Marketing,Marketing Specialist,2,11,0,0,0,7252,1,15,0,1,3,4,1,3,4,Travel_Rarely,No,1,3,0
EMP000747,38,Male,Married,3,Human Resources,IT,Data Scientist,3,5,0,0,0,8897,2,8,12,3,4,1,4,3,4,Travel_Rarely,No,0,4,0
EMP000748,34,Female,Divorced,3,Technical Degree,R&D,Research Director,3,1,0,0,0,8276,0,16,4,3,3,4,4,3,1,Non-Travel,Yes,1,3,0
EMP000749,29,Male,Married,5,Life Sciences,Sales,Sales Executive,2,4,2,0,2,6406,1,12,8,4,1,3,2,2,3,Travel_Rarely,No,4,3,1
EMP000750,30,Male,Single,3,Technical Degree,R&D,Manager,1,4,0,0,0,3566,0,11,10,3,4,4,1,2,4,Travel_Frequently,No,1,2,0
EMP000751,23,Male,Single,3,Technical Degree,Sales,Sales Executive,2,5,2,2,1,5622,0,10,0,2,2,1,3,4,0,Travel_Rarely,No,2,2,0
EMP000752,26,Male,Single,5,Technical Degree,Operations,Operations Manager,3,8,1,0,1,10766,1,9,16,3,2,4,2,4,2,Travel_Frequently,Yes,2,2,0
EMP000753,27,Male,Married,3,Technical Degree,R&D,Research Director,1,0,0,0,0,2748,0,16,6,4,2,1,1,4,2,Travel_Rarely,Yes,2,4,0
EMP000754,27,Male,Married,3,Medical,Operations,Operations Manager,1,1,1,1,0,2906,0,13,3,3,1,4,3,3,3,Travel_Frequently,Yes,4,2,1
EMP000755,26,Male,Married,4,Marketing,IT,Software Engineer,3,8,4,2,0,11073,1,11,1,3,3,1,3,2,3,Travel_Frequently,Yes,0,4,0
EMP000756,22,Male,Single,3,Technical Degree,R&D,Research Director,1,4,3,1,0,3663,0,17,14,3,4,2,4,4,0,Travel_Rarely,No,2,4,0
EMP000757,38,Male,Married,3,Life Sciences,Sales,Sales Executive,2,1,1,0,1,5112,1,16,10,2,1,2,3,4,1,Travel_Frequently,Yes,0,3,0
EMP000758,28,Female,Married,3,Life Sciences,Sales,Manager,2,5,0,0,0,5739,0,11,13,4,4,3,1,4,0,Travel_Rarely,No,3,3,0
EMP000759,27,Male,Married,4,Life Sciences,IT,Data Scientist,2,1,1,1,0,4797,1,13,3,3,1,3,3,3,6,Travel_Rarely,No,0,2,0
EMP000760,21,Male,Single,1,Technical Degree,IT,Software Engineer,1,0,0,0,0,2860,0,13,7,2,1,1,4,3,0,Travel_Frequently,No,2,3,1
EMP000761,31,Female,Single,3,Technical Degree,Operations,Operations Specialist,2,8,0,0,0,6390,0,8,9,3,1,3,1,2,2,Non-Travel,Yes,1,2,1
EMP000762,24,Female,Single,3,Medical,Sales,Sales Executive,1,6,0,0,0,4600,1,13,10,4,3,3,2,4,1,Non-Travel,No,6,3,0
EMP000763,24,Male,Single,3,Technical Degree,Sales,Sales Executive,1,0,0,0,0,2597,0,10,9,4,4,4,2,3,3,Travel_Rarely,No,0,3,0
EMP000764,25,Female,Married,4,Technical Degree,Sales,Sales Representative,2,0,0,0,0,6465,0,16,25,2,3,2,3,3,5,Travel_Rarely,No,0,4,0
EMP000765,33,Male,Single,3,Other,R&D,Laboratory Technician,1,15,1,0,1,5700,1,19,6,1,4,3,4,3,2,Travel_Frequently,No,7,2,0
EMP000766,30,Male,Married,4,Life Sciences,IT,Software Engineer,1,5,0,0,0,4391,1,16,2,2,4,2,4,3,1,Non-Travel,No,0,3,0
EMP000767,20,Male,Single,3,Marketing,Sales,Manager,1,2,2,1,2,2757,0,7,15,3,1,1,3,2,0,Non-Travel,No,1,2,1
EMP000768,38,Female,Married,3,Technical Degree,R&D,Research Scientist,2,2,0,0,0,4900,1,20,2,3,3,3,4,3,6,Travel_Rarely,Yes,1,2,0
EMP000769,30,Male,Single,3,Life Sciences,R&D,Research Scientist,2,3,0,0,0,5434,0,15,25,3,4,3,4,3,3,Travel_Frequently,No,2,1,0
EMP000770,29,Female,Single,2,Medical,R&D,Laboratory Technician,3,4,2,2,2,7758,1,7,12,2,4,4,3,3,1,Travel_Rarely,Yes,0,4,0
EMP000771,23,Male,Married,2,Medical,HR,Manager,2,5,1,0,1,6434,1,6,11,1,3,4,3,3,2,Travel_Frequently,No,1,3,0
EMP000772,35,Female,Married,4,Technical Degree,R&D,Manager,3,2,0,0,0,9076,0,9,6,2,4,3,4,4,3,Travel_Rarely,No,0,3,0
EMP000773,28,Male,Single,4,Medical,R&D,Manager,2,5,0,0,0,5468,0,12,20,3,2,3,3,3,4,Travel_Frequently,No,4,2,1
EMP000774,24,Male,Married,2,Medical,IT,Manager,1,6,2,1,1,3383,0,14,11,3,3,3,4,3,1,Travel_Rarely,No,2,3,0
EMP000775,21,Female,Married,4,Medical,R&D,Manager,1,3,2,2,1,3882,0,9,10,2,2,4,4,2,3,Travel_Frequently,No,0,3,1
EMP000776,27,Female,Married,5,Life Sciences,HR,Manager,1,3,0,0,0,3635,0,10,2,4,2,2,3,3,2,Travel_Rarely,No,0,3,0
EMP000777,37,Male,Married,2,Other,Operations,Operations Specialist,4,3,0,0,0,11726,2,13,2,4,1,4,3,3,4,Travel_Frequently,Yes,1,4,1
EMP000778,24,Female,Single,3,Medical,IT,Manager,1,0,0,0,0,2739,1,12,9,2,4,3,3,1,4,Travel_Rarely,No,2,3,0
EMP000779,20,Female,Single,4,Marketing,R&D,Research Scientist,1,2,2,0,0,3083,1,12,5,4,1,4,3,3,3,Non-Travel,No,1,4,0
EMP000780,25,Male,Single,1,Life Sciences,IT,Software Engineer,2,6,6,0,0,6835,0,15,12,4,4,3,2,2,3,Travel_Rarely,No,1,3,0
EMP000781,24,Female,Single,4,Medical,IT,Manager,1,6,1,0,1,4048,1,11,12,3,3,1,1,4,3,Non-Travel,No,0,3,0
EMP000782,29,Female,Married,5,Other,R&D,Research Scientist,2,0,0,0,0,6034,0,19,2,1,3,4,4,3,4,Non-Travel,No,0,4,0
EMP000783,23,Male,Married,2,Human Resources,IT,Software Engineer,2,5,2,2,0,7778,1,11,7,2,1,3,3,3,4,Travel_Frequently,No,0,4,0
EMP000784,24,Male,Single,4,Medical,R&D,Research Director,1,1,1,0,1,3498,0,12,3,1,1,3,4,2,5,Travel_Frequently,No,3,3,1
EMP000785,21,Female,Married,3,Life Sciences,IT,Manager,1,0,0,0,0,4015,1,20,14,3,3,3,3,3,7,Non-Travel,No,1,3,0
EMP000786,31,Male,Single,2,Medical,R&D,Research Director,1,0,0,0,0,3316,0,17,16,3,3,1,4,4,1,Non-Travel,Yes,1,4,0
EMP000787,24,Male,Single,3,Medical,Operations,Operations Specialist,1,6,1,0,0,4036,0,12,11,3,2,2,4,2,3,Travel_Rarely,No,3,3,0
EMP000788,23,Male,Single,2,Marketing,HR,Human Resources,1,4,0,0,0,4537,1,12,11,3,2,3,1,4,1,Non-Travel,Yes,2,3,0
EMP000789,36,Female,Married,3,Medical,R&D,Laboratory Technician,2,1,1,1,1,5081,0,12,8,2,2,4,4,2,4,Travel_Rarely,No,0,3,0
EMP000790,39,Male,Married,1,Technical Degree,R&D,Research Director,3,1,0,0,0,11118,0,15,6,1,4,4,1,1,3,Travel_Frequently,No,0,3,0
EMP000791,33,Female,Single,4,Technical Degree,R&D,Manager,2,15,0,0,0,7618,0,9,1,2,3,3,4,2,1,Travel_Frequently,Yes,2,4,0
EMP000792,37,Male,Single,3,Life Sciences,Sales,Manager,3,11,0,0,0,11318,0,16,21,2,1,4,4,2,3,Travel_Rarely,No,2,3,0
EMP000793,34,Male,Divorced,3,Technical Degree,Sales,Sales Representative,1,2,0,0,0,3402,0,13,1,2,3,4,3,4,2,Travel_Rarely,No,0,3,1
EMP000794,26,Female,Single,2,Technical Degree,R&D,Manager,2,0,0,0,0,4198,0,15,13,3,3,3,4,2,5,Travel_Rarely,No,0,3,0
EMP000795,22,Female,Single,3,Marketing,R&D,Laboratory Technician,2,4,1,0,0,5129,0,10,17,4,3,1,3,4,3,Travel_Rarely,No,0,3,0
EMP000796,25,Male,Married,2,Other,R&D,Research Scientist,1,7,1,1,1,3318,0,12,13,2,2,3,3,3,3,Travel_Frequently,No,0,3,0
EMP000797,24,Male,Single,4,Technical Degree,Sales,Sales Executive,2,6,1,1,1,6150,0,6,6,1,1,4,2,2,3,Travel_Rarely,No,4,2,1
EMP000798,32,Male,Married,2,Marketing,HR,Human Resources,2,12,0,0,0,7790,0,14,9,4,3,3,1,3,7,Travel_Frequently,Yes,2,2,1
EMP000799,27,Female,Married,4,Other,Sales,Sales Representative,2,4,2,2,0,4176,1,10,18,1,3,3,3,2,3,Travel_Frequently,No,2,4,0
EMP000800,19,Male,Married,3,Marketing,Sales,Manager,1,1,1,0,0,2000,0,13,18,3,3,2,3,3,2,Travel_Frequently,Yes,0,4,0
EMP000801,25,Female,Single,4,Marketing,Sales,Sales Representative,2,7,1,0,0,5729,0,19,4,4,3,4,2,2,0,Travel_Rarely,Yes,1,3,0
EMP000802,21,Female,Single,3,Medical,R&D,Research Director,1,3,3,0,0,3645,0,14,3,3,3,2,2,3,1,Travel_Rarely,No,2,3,0
EMP000803,27,Male,Married,3,Other,Sales,Manager,3,4,1,0,0,7602,0,7,19,4,3,3,4,2,1,Travel_Frequently,Yes,0,2,1
EMP000804,36,Male,Divorced,4,Life Sciences,R&D,Manager,3,6,1,0,1,9385,1,16,12,1,2,2,2,4,1,Travel_Frequently,No,0,1,1
EMP000805,22,Male,Married,3,Medical,R&D,Manager,1,4,0,0,0,3536,0,5,11,4,4,2,4,2,0,Non-Travel,No,0,1,0
EMP000806,38,Male,Married,4,Marketing,Sales,Manager,2,8,0,0,0,5551,1,8,3,3,3,3,2,3,1,Non-Travel,No,3,3,0
EMP000807,27,Male,Single,4,Marketing,R&D,Research Scientist,1,1,1,1,1,3524,0,16,0,2,2,4,3,1,1,Travel_Rarely,Yes,0,4,1
EMP000808,32,Male,Single,3,Technical Degree,R&D,Manager,3,0,0,0,0,8370,0,14,6,3,1,1,3,2,2,Travel_Rarely,No,0,4,0
EMP000809,23,Female,Married,5,Marketing,Marketing,Marketing Specialist,1,3,0,0,0,3430,0,9,21,3,2,3,2,2,2,Travel_Frequently,Yes,0,4,0
EMP000810,28,Male,Married,4,Life Sciences,IT,Data Scientist,3,7,0,0,0,7146,0,13,7,4,1,3,2,4,6,Travel_Rarely,No,1,4,0
EMP000811,38,Female,Married,3,Other,Operations,Operations Manager,3,0,0,0,0,7343,1,13,15,3,3,1,3,3,2,Travel_Rarely,No,4,2,0
EMP000812,37,Male,Married,2,Technical Degree,R&D,Research Director,4,3,1,0,1,10963,1,12,10,1,2,4,3,1,1,Travel_Frequently,No,0,2,1
EMP000813,28,Male,Married,4,Other,HR,Human Resources,3,1,0,0,0,7526,0,16,3,1,2,2,4,2,1,Travel_Rarely,No,0,2,0
EMP000814,26,Female,Single,3,Life Sciences,Operations,Operations Manager,3,8,2,2,2,8556,0,17,8,3,1,4,3,4,0,Non-Travel,No,0,2,0
EMP000815,29,Female,Married,3,Marketing,R&D,Research Scientist,2,0,0,0,0,4736,1,16,7,4,4,2,2,3,3,Travel_Rarely,Yes,1,1,0
EMP000816,30,Male,Single,4,Technical Degree,HR,Manager,3,9,2,1,0,9374,1,11,8,3,4,3,3,2,1,Travel_Rarely,Yes,1,3,0
EMP000817,40,Female,Divorced,4,Medical,R&D,Laboratory Technician,3,4,1,0,0,9834,0,13,7,3,4,4,4,4,1,Travel_Rarely,Yes,0,4,0
EMP000818,24,Female,Single,4,Technical Degree,R&D,Research Scientist,1,6,2,0,1,3868,0,5,4,4,4,4,1,3,1,Non-Travel,No,9,2,0
EMP000819,24,Female,Single,4,Life Sciences,Sales,Sales Representative,1,6,3,0,0,4236,0,18,3,3,3,3,4,3,2,Travel_Rarely,Yes,6,2,0
EMP000820,26,Male,Single,2,Marketing,IT,Manager,2,8,0,0,0,5906,0,13,34,3,4,1,3,3,3,Travel_Rarely,No,0,2,0
EMP000821,22,Female,Single,2,Marketing,Operations,Operations Manager,1,3,2,1,0,3269,1,24,4,2,3,1,3,4,0,Non-Travel,Yes,1,2,1
EMP000822,32,Female,Married,4,Marketing,Sales,Sales Executive,3,0,0,0,0,7208,2,15,5,2,2,4,3,3,3,Travel_Rarely,No,3,4,0
EMP000823,20,Female,Married,3,Marketing,IT,Software Engineer,1,1,1,1,1,3603,0,15,9,4,2,3,2,3,4,Travel_Frequently,No,2,3,0
EMP000824,41,Female,Single,4,Life Sciences,Sales,Sales Executive,3,2,0,0,0,7937,1,5,5,3,2,2,3,4,1,Non-Travel,No,0,3,0
EMP000825,29,Female,Single,2,Technical Degree,Sales,Sales Representative,2,6,2,1,1,6059,0,9,4,4,3,3,3,3,2,Non-Travel,Yes,5,4,0
EMP000826,33,Male,Married,2,Medical,IT,Data Scientist,1,3,2,2,0,3378,0,12,4,1,3,2,3,4,6,Travel_Rarely,No,0,3,0
EMP000827,19,Male,Single,4,Medical,Sales,Sales Executive,1,1,0,0,0,3131,0,13,6,3,2,3,3,4,3,Travel_Rarely,Yes,2,2,1
EMP000828,33,Male,Single,3,Medical,R&D,Manager,2,3,0,0,0,5461,0,19,17,2,1,3,1,3,3,Travel_Rarely,No,0,1,1
EMP000829,31,Male,Married,3,Medical,Sales,Sales Representative,2,6,5,0,0,5785,0,12,18,2,1,3,3,2,3,Travel_Rarely,No,0,3,0
EMP000830,31,Male,Married,3,Marketing,HR,Human Resources,3,0,0,0,0,5654,1,14,17,4,2,4,2,3,0,Travel_Frequently,No,0,1,1
EMP000831,27,Female,Single,1,Technical Degree,R&D,Laboratory Technician,2,2,0,0,0,4945,1,14,13,4,3,3,4,2,3,Travel_Rarely,Yes,2,4,0
EMP000832,34,Male,Single,1,Medical,Marketing,Marketing Specialist,1,4,0,0,0,3849,1,10,16,4,1,3,3,2,4,Travel_Rarely,Yes,0,3,0
EMP000833,23,Female,Married,2,Medical,IT,Data Scientist,1,4,1,1,1,4103,0,14,6,3,3,4,3,4,2,Travel_Rarely,Yes,0,2,0
EMP000834,31,Female,Married,4,Medical,Sales,Sales Executive,2,4,4,2,0,4646,0,7,7,4,2,1,4,2,4,Travel_Rarely,No,0,3,0
EMP000835,20,Male,Single,5,Technical Degree,R&D,Research Scientist,2,0,0,0,0,3981,0,19,23,2,4,2,3,4,1,Non-Travel,No,2,1,1
EMP000836,22,Female,Single,3,Medical,Operations,Operations Specialist,2,4,0,0,0,5333,0,13,6,4,4,4,4,3,6,Travel_Rarely,Yes,0,4,0
EMP000837,39,Male,Married,1,Medical,IT,Manager,2,3,3,0,0,5240,0,13,11,4,2,1,4,3,1,Travel_Rarely,Yes,1,3,1
EMP000838,24,Female,Single,4,Marketing,HR,Manager,1,6,0,0,0,3183,0,9,2,3,4,2,3,2,3,Travel_Rarely,No,6,3,1
EMP000839,22,Female,Married,5,Life Sciences,HR,Manager,1,4,0,0,0,3788,0,15,23,4,4,4,3,3,5,Travel_Frequently,No,1,3,0
EMP000840,30,Male,Married,2,Life Sciences,R&D,Manager,2,0,0,0,0,5694,0,11,2,3,3,2,3,3,2,Travel_Rarely,No,9,1,0
EMP000841,38,Male,Married,3,Life Sciences,HR,Human Resources,3,4,4,2,4,7842,1,10,31,3,2,4,2,4,0,Non-Travel,Yes,0,4,0
EMP000842,25,Male,Married,2,Medical,IT,Manager,1,5,3,0,0,3906,0,13,12,2,1,2,3,4,4,Non-Travel,No,3,2,0
EMP000843,45,Female,Married,2,Life Sciences,Sales,Sales Executive,3,4,0,0,0,9109,1,11,2,1,3,4,3,2,2,Non-Travel,Yes,0,2,0
EMP000844,24,Female,Single,4,Marketing,Operations,Operations Manager,2,5,0,0,0,5849,0,7,15,3,4,3,2,3,1,Travel_Rarely,No,1,3,0
EMP000845,35,Male,Married,5,Life Sciences,Sales,Manager,4,0,0,0,0,10777,1,14,3,4,2,1,1,2,7,Non-Travel,No,0,4,0
EMP000846,29,Female,Married,4,Medical,R&D,Research Scientist,1,0,0,0,0,2713,0,13,20,1,3,3,4,2,2,Travel_Rarely,No,0,2,0
EMP000847,26,Male,Single,5,Life Sciences,Sales,Sales Representative,1,4,0,0,0,3761,0,9,23,4,2,2,1,4,4,Non-Travel,No,0,1,0
EMP000848,32,Male,Single,3,Marketing,HR,Manager,3,8,1,1,0,10359,0,18,11,2,3,3,2,3,0,Travel_Rarely,No,0,3,0
EMP000849,21,Female,Single,5,Other,R&D,Manager,1,0,0,0,0,2981,0,12,5,4,3,4,3,4,5,Travel_Rarely,No,2,2,0
EMP000850,27,Male,Single,3,Marketing,Sales,Sales Executive,3,2,0,0,0,9389,0,7,10,3,3,1,3,4,1,Travel_Frequently,No,1,2,0
EMP000851,26,Female,Married,2,Marketing,Operations,Operations Manager,2,8,0,0,0,6423,0,7,21,1,2,2,3,3,2,Non-Travel,No,1,4,1
EMP000852,31,Female,Married,4,Technical Degree,R&D,Laboratory Technician,2,7,1,0,1,6242,1,10,6,1,3,3,2,1,4,Travel_Rarely,No,2,4,0
EMP000853,29,Female,Married,3,Life Sciences,R&D,Manager,1,2,2,1,1,3919,0,12,5,3,3,4,2,2,3,Travel_Rarely,No,3,3,0
EMP000854,31,Male,Single,3,Life Sciences,R&D,Manager,3,0,0,0,0,6863,1,16,3,4,3,3,1,3,6,Travel_Frequently,No,2,2,0
EMP000855,34,Male,Single,4,Life Sciences,Sales,Sales Representative,3,2,0,0,0,9207,1,19,6,1,3,2,4,4,4,Travel_Rarely,No,1,2,0
EMP000856,27,Male,Single,3,Life Sciences,R&D,Research Director,2,0,0,0,0,5146,1,9,11,4,2,2,3,3,4,Travel_Rarely,No,0,3,1
EMP000857,30,Female,Single,4,Life Sciences,R&D,Research Director,2,12,1,1,1,6912,1,7,4,1,3,1,4,4,0,Travel_Frequently,Yes,0,3,1
EMP000858,40,Female,Married,3,Marketing,R&D,Laboratory Technician,3,5,0,0,0,7625,2,9,11,3,4,2,3,3,2,Travel_Rarely,No,0,3,0
EMP000859,29,Male,Single,4,Life Sciences,Marketing,Marketing Specialist,2,9,2,1,1,6758,1,8,9,3,3,3,3,4,0,Travel_Rarely,Yes,5,4,0
EMP000860,27,Female,Married,3,Other,Sales,Sales Executive,3,9,0,0,0,9919,0,6,10,4,3,2,3,4,3,Travel_Rarely,No,1,2,0
EMP000861,35,Male,Married,3,Other,HR,Manager,3,4,2,1,0,10406,0,11,12,3,3,4,3,3,0,Travel_Rarely,No,1,3,0
EMP000862,27,Male,Single,1,Human Resources,Sales,Sales Representative,3,0,0,0,0,8136,1,20,7,2,3,3,3,4,1,Travel_Rarely,Yes,1,3,0
EMP000863,41,Male,Divorced,4,Life Sciences,R&D,Laboratory Technician,4,4,4,1,2,9853,1,15,7,3,2,3,2,3,0,Travel_Rarely,No,1,3,0
EMP000864,37,Male,Married,4,Other,R&D,Laboratory Technician,3,8,7,0,3,9840,1,8,9,4,3,3,2,2,3,Travel_Rarely,No,1,3,0
EMP000865,25,Male,Divorced,2,Technical Degree,Sales,Sales Executive,3,1,0,0,0,9652,0,14,3,1,1,4,3,3,8,Travel_Frequently,No,1,3,0
EMP000866,26,Male,Married,3,Other,R&D,Manager,2,8,7,0,1,6637,1,11,14,3,1,2,3,3,6,Travel_Frequently,No,0,2,1
EMP000867,36,Female,Married,3,Marketing,R&D,Research Scientist,2,18,1,1,0,8811,0,13,7,2,2,3,4,3,4,Travel_Rarely,No,0,2,0
EMP000868,35,Female,Married,4,Technical Degree,Operations,Operations Manager,2,3,2,2,0,4143,1,11,4,2,4,4,4,1,1,Travel_Rarely,Yes,1,2,0
EMP000869,36,Male,Single,3,Life Sciences,HR,Manager,3,3,0,0,0,9724,1,10,19,4,2,2,2,2,1,Travel_Rarely,Yes,0,2,1
EMP000870,28,Female,Married,3,Life Sciences,Sales,Sales Representative,1,5,0,0,0,3606,0,19,19,4,3,3,3,4,2,Non-Travel,No,1,3,0
EMP000871,29,Female,Married,4,Life Sciences,Sales,Sales Representative,3,4,0,0,0,7232,2,10,17,4,3,2,3,4,6,Non-Travel,Yes,2,3,1
EMP000872,27,Male,Married,5,Other,Sales,Sales Executive,3,0,0,0,0,7177,1,13,2,2,1,1,3,3,2,Travel_Rarely,No,0,4,0
EMP000873,27,Female,Married,1,Life Sciences,Sales,Sales Representative,2,1,1,0,1,5239,1,19,1,3,1,3,2,3,2,Travel_Frequently,Yes,1,3,1
EMP000874,24,Female,Single,3,Life Sciences,IT,Software Engineer,1,1,0,0,0,2840,0,15,5,4,2,2,1,4,2,Travel_Frequently,No,0,2,1
EMP000875,37,Female,Married,4,Other,Marketing,Marketing Specialist,3,0,0,0,0,8728,0,15,1,3,2,3,2,4,1,Travel_Rarely,No,0,1,0
EMP000876,31,Female,Single,4,Life Sciences,Sales,Manager,2,0,0,0,0,3979,1,19,12,2,1,4,1,4,3,Travel_Rarely,No,0,3,0
EMP000877,31,Female,Married,1,Other,R&D,Manager,2,13,2,2,2,7646,0,12,10,3,3,4,2,3,2,Travel_Frequently,Yes,0,2,0
EMP000878,36,Male,Married,3,Technical Degree,R&D,Research Director,3,4,1,0,0,7661,0,9,8,2,1,2,2,4,1,Travel_Rarely,No,1,4,0
EMP000879,20,Female,Married,2,Life Sciences,HR,Manager,2,0,0,0,0,4738,1,16,8,2,4,4,2,4,3,Non-Travel,No,0,2,0
EMP000880,31,Male,Married,4,Life Sciences,Sales,Manager,1,6,0,0,0,4748,0,5,10,4,3,3,4,2,3,Travel_Rarely,Yes,0,4,0
EMP000881,38,Female,Single,4,Marketing,Operations,Operations Manager,3,3,3,0,3,8852,1,21,14,2,2,3,2,2,2,Travel_Rarely,No,2,3,0
EMP000882,22,Male,Married,2,Human Resources,IT,Software Engineer,1,1,0,0,0,3220,0,11,18,2,2,3,2,3,2,Non-Travel,No,0,2,1
EMP000883,37,Male,Married,3,Other,Operations,Operations Specialist,4,14,0,0,0,12884,3,11,3,3,3,2,3,4,0,Travel_Rarely,No,1,3,0
EMP000884,31,Female,Married,3,Medical,R&D,Manager,1,1,0,0,0,3044,0,16,13,1,1,4,2,3,3,Non-Travel,No,1,3,0
EMP000885,30,Male,Single,4,Medical,HR,Manager,2,0,0,0,0,4483,0,7,3,4,1,4,4,4,2,Travel_Rarely,No,2,1,0
EMP000886,30,Female,Married,2,Medical,IT,Data Scientist,2,1,1,0,0,3594,0,12,20,3,4,3,3,3,2,Travel_Rarely,No,3,1,0
EMP000887,23,Male,Single,3,Technical Degree,IT,Manager,1,5,4,0,2,4117,1,19,23,2,3,2,2,3,4,Travel_Rarely,No,1,2,0
EMP000888,19,Female,Single,4,Medical,Sales,Sales Executive,1,1,1,0,1,2599,0,18,20,3,4,3,3,3,3,Travel_Rarely,No,1,3,1
EMP000889,35,Male,Married,4,Life Sciences,Operations,Operations Manager,3,11,0,0,0,9719,2,18,4,3,4,3,3,2,5,Non-Travel,No,0,3,0
EMP000890,22,Male,Single,4,Technical Degree,Marketing,Marketing Manager,1,4,3,2,3,3852,0,10,2,3,3,3,4,4,1,Non-Travel,No,0,3,0
EMP000891,26,Male,Married,3,Medical,Sales,Manager,2,0,0,0,0,4424,0,18,14,3,2,3,3,2,5,Travel_Frequently,Yes,0,3,0
EMP000892,46,Female,Married,4,Life Sciences,R&D,Laboratory Technician,4,6,0,0,0,11099,1,14,4,2,2,1,2,2,2,Travel_Rarely,No,3,2,1
EMP000893,29,Female,Married,4,Technical Degree,R&D,Manager,3,5,0,0,0,9539,1,11,11,3,4,3,3,2,3,Non-Travel,Yes,0,2,0
EMP000894,31,Female,Single,4,Marketing,Marketing,Marketing Manager,1,13,1,0,0,4885,0,14,5,3,4,2,2,3,2,Non-Travel,No,1,4,0
EMP000895,25,Female,Married,2,Medical,IT,Software Engineer,2,6,4,0,1,5492,1,12,17,4,2,4,4,2,1,Non-Travel,No,0,3,0
EMP000896,38,Female,Single,1,Technical Degree,Sales,Sales Executive,3,7,0,0,0,9335,1,14,7,1,4,3,1,4,2,Non-Travel,No,1,3,0
EMP000897,20,Female,Single,4,Marketing,Sales,Sales Representative,1,2,1,1,1,3291,0,7,6,4,3,4,3,2,1,Travel_Rarely,No,0,4,0
EMP000898,35,Male,Married,5,Marketing,R&D,Laboratory Technician,3,4,0,0,0,8307,0,15,7,4,1,3,2,4,2,Non-Travel,Yes,1,4,0
EMP000899,21,Male,Single,4,Other,Sales,Sales Representative,1,3,1,1,0,4184,0,5,13,3,2,3,2,4,4,Travel_Rarely,No,0,4,0
EMP000900,43,Male,Married,4,Marketing,Sales,Sales Representative,2,17,0,0,0,8737,0,9,1,3,2,4,2,1,1,Travel_Rarely,Yes,1,3,0
EMP000901,33,Male,Married,3,Technical Degree,HR,Human Resources,2,13,6,4,2,8088,0,5,6,3,2,3,3,3,1,Non-Travel,Yes,0,4,0
EMP000902,23,Female,Married,3,Marketing,IT,Data Scientist,1,2,0,0,0,3042,0,20,29,3,4,2,1,2,1,Travel_Rarely,Yes,0,4,1
EMP000903,28,Male,Married,4,Marketing,R&D,Research Scientist,1,1,0,0,0,3859,0,25,9,3,4,4,3,2,2,Travel_Rarely,No,1,3,0
EMP000904,33,Female,Married,4,Life Sciences,HR,Human Resources,2,3,0,0,0,5057,0,19,23,3,1,3,3,3,1,Non-Travel,No,2,4,0
EMP000905,25,Female,Married,4,Medical,Sales,Sales Executive,2,6,3,1,0,6383,1,16,5,3,1,3,4,2,4,Travel_Rarely,Yes,2,3,0
EMP000906,26,Female,Single,5,Technical Degree,R&D,Research Director,3,2,0,0,0,8638,1,8,10,3,3,4,4,3,2,Travel_Rarely,No,4,3,0
EMP000907,38,Female,Single,3,Medical,IT,Data Scientist,3,3,0,0,0,7727,1,7,1,3,3,3,3,2,1,Travel_Rarely,Yes,0,2,0
EMP000908,29,Male,Single,1,Medical,R&D,Manager,1,1,0,0,0,2614,0,15,14,2,2,2,4,3,2,Travel_Rarely,Yes,0,2,0
EMP000909,37,Male,Married,5,Technical Degree,R&D,Manager,3,2,0,0,0,8007,1,11,9,3,1,1,2,2,1,Non-Travel,No,5,4,0
EMP000910,31,Male,Single,2,Life Sciences,Sales,Manager,2,13,2,0,0,7147,1,8,10,4,2,4,3,2,2,Travel_Rarely,No,1,4,0
EMP000911,33,Male,Married,4,Technical Degree,HR,Manager,1,1,1,0,0,2581,0,14,7,2,4,4,1,2,5,Travel_Rarely,No,9,2,0
EMP000912,36,Female,Married,5,Medical,IT,Software Engineer,3,18,4,3,0,10691,0,5,17,4,1,3,3,3,2,Non-Travel,No,3,1,0
EMP000913,40,Female,Married,3,Medical,R&D,Research Scientist,4,1,1,1,0,13324,1,12,33,3,3,4,2,2,7,Travel_Rarely,No,0,3,0
EMP000914,23,Male,Single,4,Medical,Sales,Sales Representative,2,1,1,1,0,4533,1,12,3,4,1,4,4,3,4,Non-Travel,No,1,4,0
EMP000915,34,Female,Married,3,Life Sciences,IT,Software Engineer,2,0,0,0,0,5420,0,16,2,3,4,2,2,2,4,Travel_Rarely,Yes,0,2,0
EMP000916,43,Female,Married,4,Medical,Sales,Manager,3,6,3,3,1,9611,2,7,2,3,3,3,3,3,2,Travel_Rarely,Yes,0,2,0
EMP000917,34,Male,Married,2,Medical,R&D,Research Director,1,0,0,0,0,3101,0,13,4,3,4,3,3,2,3,Travel_Rarely,No,4,3,0
EMP000918,30,Male,Married,4,Medical,R&D,Research Director,2,7,3,2,0,7915,0,10,2,3,2,3,3,2,1,Travel_Rarely,No,3,2,0
EMP000919,38,Female,Married,4,Technical Degree,Operations,Operations Specialist,2,4,0,0,0,5186,0,13,2,3,3,3,3,4,3,Travel_Rarely,No,6,3,0
EMP000920,45,Female,Married,3,Medical,IT,Data Scientist,3,6,0,0,0,9537,0,13,15,4,3,2,4,3,1,Travel_Rarely,Yes,2,4,0
EMP000921,32,Male,Married,4,Technical Degree,HR,Human Resources,2,7,1,0,1,6284,0,9,6,2,4,3,3,3,2,Travel_Rarely,No,4,4,0
EMP000922,33,Male,Married,5,Marketing,IT,Manager,3,0,0,0,0,7852,0,16,7,4,1,3,4,4,4,Non-Travel,Yes,0,3,0
EMP000923,33,Male,Single,4,Life Sciences,R&D,Research Director,1,0,0,0,0,2000,0,11,10,2,2,4,3,4,3,Travel_Frequently,No,0,2,1
EMP000924,21,Male,Married,5,Life Sciences,Sales,Manager,1,0,0,0,0,2642,1,12,8,4,4,4,4,3,2,Travel_Frequently,No,1,3,0
EMP000925,35,Female,Single,3,Life Sciences,IT,Manager,2,2,2,0,0,4935,0,10,10,3,2,3,3,2,1,Travel_Rarely,No,1,3,0
EMP000926,21,Male,Single,3,Other,R&D,Research Director,1,0,0,0,0,2938,0,19,1,1,4,2,3,3,3,Travel_Frequently,Yes,2,2,1
EMP000927,33,Male,Married,3,Other,HR,Manager,3,3,0,0,0,6743,1,17,5,1,3,3,2,4,1,Travel_Rarely,Yes,0,3,0
EMP000928,21,Male,Single,5,Life Sciences,Sales,Manager,1,1,1,0,1,3060,0,8,5,3,3,3,4,4,4,Travel_Frequently,No,1,4,1
EMP000929,23,Female,Single,2,Marketing,Sales,Sales Representative,1,2,0,0,0,2948,0,14,2,1,2,3,1,4,3,Travel_Rarely,Yes,2,2,1
EMP000930,26,Male,Married,3,Human Resources,HR,Manager,1,8,1,0,0,4093,0,13,21,4,3,4,4,2,1,Travel_Rarely,Yes,0,4,0
EMP000931,25,Male,Married,3,Technical Degree,R&D,Laboratory Technician,2,6,0,0,0,4709,1,14,13,2,3,2,3,3,0,Travel_Rarely,No,3,3,0
EMP000932,35,Female,Married,3,Medical,Sales,Manager,3,5,1,0,1,7049,1,8,9,3,3,4,3,3,0,Travel_Rarely,Yes,3,3,0
EMP000933,27,Male,Married,5,Life Sciences,Sales,Manager,2,5,5,0,0,5578,0,23,6,2,1,4,3,3,2,Travel_Rarely,No,0,2,0
EMP000934,22,Male,Single,3,Life Sciences,HR,Manager,1,4,1,0,1,4147,1,9,15,3,3,2,2,3,1,Travel_Frequently,No,0,4,0
EMP000935,25,Male,Single,5,Technical Degree,Sales,Sales Representative,3,3,0,0,0,8293,2,12,11,2,4,1,3,4,3,Travel_Rarely,No,9,4,0
EMP000936,30,Female,Single,3,Technical Degree,R&D,Research Director,1,10,1,1,0,4928,1,20,9,4,3,3,3,3,5,Travel_Frequently,No,1,4,0
EMP000937,30,Female,Single,5,Marketing,R&D,Research Scientist,2,0,0,0,0,5221,1,14,4,1,2,4,2,4,3,Travel_Frequently,Yes,0,3,0
EMP000938,30,Male,Married,3,Life Sciences,R&D,Research Scientist,2,1,1,0,1,4422,1,13,10,3,3,4,3,3,1,Travel_Rarely,No,0,1,0
EMP000939,35,Male,Married,3,Other,IT,Software Engineer,4,0,0,0,0,9657,1,17,1,2,1,3,1,3,2,Non-Travel,No,4,2,0
EMP000940,37,Male,Married,3,Technical Degree,Sales,Manager,4,0,0,0,0,12416,2,14,11,2,4,3,3,4,4,Travel_Rarely,No,0,2,0
EMP000941,33,Female,Married,3,Life Sciences,Marketing,Marketing Specialist,1,0,0,0,0,2846,0,15,5,2,3,3,4,3,2,Travel_Rarely,No,1,2,1
EMP000942,28,Female,Married,3,Life Sciences,IT,Software Engineer,3,0,0,0,0,8606,0,10,2,2,3,2,1,3,4,Travel_Rarely,No,0,2,1
EMP000943,26,Female,Single,3,Marketing,R&D,Manager,2,5,5,0,0,5367,0,8,11,3,2,3,3,4,4,Travel_Frequently,No,1,4,1
EMP000944,43,Female,Single,2,Life Sciences,Marketing,Marketing Specialist,4,0,0,0,0,13336,2,15,15,4,3,3,3,3,0,Travel_Rarely,No,1,4,0
EMP000945,30,Female,Married,3,Life Sciences,IT,Data Scientist,2,1,0,0,0,4382,0,13,10,2,3,4,1,3,4,Non-Travel,No,2,4,0
EMP000946,32,Female,Married,4,Life Sciences,Operations,Operations Specialist,1,2,1,0,1,3404,1,7,8,2,4,3,3,2,4,Travel_Rarely,No,0,2,0
EMP000947,25,Female,Married,3,Human Resources,R&D,Research Director,2,1,1,0,0,5560,0,13,6,1,3,3,2,3,0,Non-Travel,No,2,4,0
EMP000948,25,Male,Married,4,Technical Degree,R&D,Manager,2,7,6,0,0,5637,0,9,8,4,4,3,4,3,2,Travel_Frequently,No,0,3,1
EMP000949,22,Male,Single,5,Life Sciences,R&D,Laboratory Technician,1,4,3,3,3,3120,1,12,1,2,4,3,4,3,1,Travel_Rarely,No,0,3,0
EMP000950,29,Male,Married,3,Other,Sales,Sales Executive,2,2,2,2,0,4694,0,12,8,3,4,3,4,2,1,Travel_Rarely,Yes,2,2,0
EMP000951,25,Male,Single,3,Technical Degree,Marketing,Marketing Manager,2,1,1,0,1,4981,0,16,8,3,1,3,4,4,5,Travel_Rarely,No,9,3,0
EMP000952,26,Female,Married,2,Medical,IT,Data Scientist,3,5,2,0,2,8473,2,7,7,3,2,3,3,3,4,Travel_Rarely,No,0,3,0
EMP000953,37,Male,Married,3,Other,HR,Human Resources,3,0,0,0,0,9388,1,12,9,3,4,4,4,3,1,Travel_Frequently,No,0,3,0
EMP000954,21,Female,Single,4,Marketing,Marketing,Marketing Manager,1,1,0,0,0,2758,1,11,6,4,1,1,3,3,3,Non-Travel,No,1,4,1
EMP000955,24,Male,Single,3,Technical Degree,Operations,Operations Manager,2,2,1,1,1,6098,0,9,0,1,3,3,4,3,4,Non-Travel,No,1,2,0
EMP000956,31,Female,Married,2,Medical,Sales,Sales Executive,2,3,0,0,0,6216,1,9,6,3,4,4,4,2,1,Travel_Rarely,No,4,3,0
EMP000957,30,Male,Married,3,Marketing,IT,Manager,2,1,0,0,0,4971,0,10,7,1,4,3,2,3,4,Travel_Frequently,No,0,4,0
EMP000958,40,Male,Married,4,Life Sciences,HR,Manager,2,0,0,0,0,3593,1,20,29,2,3,4,4,3,3,Non-Travel,Yes,2,4,0
EMP000959,20,Male,Married,4,Medical,R&D,Research Director,1,2,2,0,1,2968,0,12,2,3,4,3,3,2,4,Travel_Frequently,No,0,1,0
EMP000960,38,Female,Married,5,Marketing,Operations,Operations Manager,2,12,0,0,0,7906,0,8,14,3,3,2,3,3,3,Non-Travel,No,1,1,0
EMP000961,22,Male,Single,5,Other,Marketing,Marketing Manager,2,3,0,0,0,5359,1,10,8,3,1,2,4,4,2,Travel_Rarely,Yes,0,4,0
EMP000962,27,Male,Married,2,Marketing,IT,Manager,3,7,0,0,0,10602,1,11,3,4,3,1,4,1,4,Travel_Rarely,No,2,3,1
EMP000963,21,Male,Married,1,Life Sciences,R&D,Manager,1,3,2,2,1,3507,0,11,3,3,3,3,3,4,1,Travel_Frequently,No,1,2,0
EMP000964,18,Female,Single,3,Life Sciences,IT,Software Engineer,1,0,0,0,0,2431,0,13,15,1,3,3,2,4,2,Travel_Rarely,Yes,1,3,0
EMP000965,38,Male,Divorced,3,Other,R&D,Manager,3,3,1,0,1,8612,0,16,8,3,4,4,1,3,2,Travel_Frequently,No,0,1,0
EMP000966,24,Female,Single,3,Medical,Sales,Sales Executive,1,1,1,0,1,4001,1,15,6,2,3,4,4,3,3,Travel_Rarely,No,0,4,0
EMP000967,34,Female,Married,2,Medical,R&D,Laboratory Technician,2,4,0,0,0,5241,1,11,3,3,1,2,3,3,1,Travel_Rarely,Yes,3,2,1
EMP000968,25,Male,Married,2,Technical Degree,Sales,Sales Executive,2,0,0,0,0,6037,1,19,8,3,3,2,1,3,6,Non-Travel,No,0,2,0
EMP000969,40,Female,Married,1,Other,R&D,Research Director,3,0,0,0,0,10971,2,21,1,2,3,2,4,4,3,Non-Travel,Yes,2,1,1
EMP000970,26,Male,Single,5,Technical Degree,IT,Data Scientist,3,7,1,1,1,8303,1,12,3,3,4,3,3,2,4,Travel_Rarely,Yes,1,1,0
EMP000971,27,Female,Single,5,Life Sciences,Sales,Manager,2,9,1,0,0,5513,0,13,27,3,3,3,4,4,0,Non-Travel,No,2,3,0
EMP000972,24,Male,Single,2,Medical,IT,Data Scientist,1,6,3,0,0,3709,1,5,11,1,3,1,2,3,1,Travel_Rarely,No,8,3,1
EMP000973,22,Female,Single,3,Technical Degree,Sales,Manager,1,4,0,0,0,3315,0,12,8,3,1,2,4,1,3,Travel_Rarely,Yes,1,1,1
EMP000974,35,Female,Married,2,Other,R&D,Laboratory Technician,4,11,0,0,0,12930,1,16,6,2,4,3,4,3,1,Travel_Rarely,No,3,3,0
EMP000975,29,Female,Married,5,Human Resources,HR,Manager,1,0,0,0,0,3024,1,8,5,3,4,4,3,4,2,Travel_Rarely,Yes,2,4,1
EMP000976,19,Male,Single,5,Marketing,IT,Manager,1,1,1,0,0,2287,0,10,7,3,2,4,2,4,2,Travel_Rarely,No,0,1,0
EMP000977,41,Male,Single,3,Technical Degree,IT,Data Scientist,2,6,3,0,3,6038,0,20,3,2,3,4,3,2,1,Travel_Frequently,No,0,2,0
EMP000978,27,Female,Single,3,Life Sciences,R&D,Research Director,1,1,1,1,1,3397,1,12,16,1,1,3,4,4,3,Non-Travel,Yes,0,3,0
EMP000979,23,Female,Single,3,Life Sciences,Sales,Manager,1,5,0,0,0,3985,1,13,38,4,3,4,1,4,1,Travel_Rarely,No,0,2,0
EMP000980,21,Male,Single,3,Medical,IT,Data Scientist,1,1,1,1,0,3480,0,16,0,2,3,2,2,3,3,Travel_Rarely,No,1,1,0
EMP000981,23,Male,Married,4,Human Resources,R&D,Research Scientist,1,4,4,0,3,3987,0,14,21,3,1,4,3,3,7,Travel_Rarely,Yes,0,3,1
EMP000982,31,Male,Divorced,3,Life Sciences,R&D,Manager,2,10,1,0,0,8081,0,14,20,1,3,3,2,3,5,Travel_Rarely,No,2,3,0
EMP000983,35,Female,Married,5,Medical,Sales,Sales Executive,3,1,0,0,0,7119,1,17,3,3,1,3,2,3,2,Travel_Frequently,No,2,3,0
EMP000984,27,Male,Single,2,Other,Sales,Sales Executive,1,4,0,0,0,4854,1,11,18,3,4,3,3,3,1,Travel_Rarely,Yes,1,2,0
EMP000985,50,Male,Married,4,Medical,R&D,Research Director,5,6,6,0,0,16798,3,10,9,4,2,3,2,3,5,Travel_Rarely,No,9,3,0
EMP000986,26,Male,Married,3,Life Sciences,R&D,Research Director,2,4,3,0,2,5001,0,7,5,3,3,3,4,3,0,Travel_Rarely,No,0,3,0
EMP000987,28,Male,Divorced,3,Technical Degree,R&D,Research Scientist,1,2,0,0,0,3319,0,8,6,2,4,4,4,2,3,Travel_Rarely,No,5,3,0
EMP000988,22,Male,Single,4,Technical Degree,HR,Human Resources,1,4,0,0,0,3845,0,10,7,1,1,3,2,4,1,Travel_Frequently,No,1,2,1
EMP000989,28,Female,Single,5,Medical,R&D,Research Scientist,1,4,3,1,2,3899,0,9,13,2,4,3,4,2,4,Travel_Rarely,No,3,4,0
EMP000990,36,Male,Married,4,Other,Marketing,Marketing Manager,3,1,1,1,1,9693,1,15,11,3,3,4,2,3,4,Travel_Rarely,Yes,0,2,0
EMP000991,42,Female,Married,4,Life Sciences,R&D,Research Director,3,8,1,0,1,12071,0,12,3,3,2,4,3,4,2,Travel_Rarely,No,0,1,0
EMP000992,33,Male,Single,4,Other,R&D,Research Director,1,5,0,0,0,4116,0,6,19,1,4,2,2,3,1,Travel_Rarely,Yes,7,3,0
EMP000993,20,Male,Married,3,Technical Degree,Sales,Sales Executive,1,0,0,0,0,3795,1,12,5,3,4,4,2,3,1,Non-Travel,No,0,4,0
EMP000994,21,Male,Single,4,Medical,HR,Manager,2,1,0,0,0,6024,1,15,13,3,3,4,3,1,3,Non-Travel,Yes,1,3,1
EMP000995,20,Female,Married,4,Technical Degree,HR,Human Resources,1,0,0,0,0,2090,1,9,15,1,4,2,4,4,1,Non-Travel,Yes,2,1,0
EMP000996,23,Female,Single,3,Life Sciences,HR,Human Resources,1,0,0,0,0,3260,1,15,4,2,1,2,3,4,1,Travel_Rarely,No,1,4,0
EMP000997,25,Male,Single,3,Life Sciences,Marketing,Marketing Manager,2,1,1,1,1,3526,0,13,11,2,3,4,2,2,4,Travel_Frequently,Yes,4,2,1
EMP000998,22,Male,Single,4,Other,IT,Software Engineer,1,1,1,0,0,3672,0,14,10,2,4,1,2,4,0,Travel_Rarely,No,0,3,1
EMP000999,33,Female,Single,4,Life Sciences,Marketing,Marketing Manager,2,3,2,2,0,6019,1,15,6,2,1,4,2,3,3,Travel_Rarely,Yes,3,2,1
EMP001000,22,Female,Single,3,Life Sciences,Sales,Manager,1,4,0,0,0,4223,0,10,4,3,3,2,3,4,0,Travel_Rarely,No,2,2,0
EMP001001,31,Male,Married,4,Medical,R&D,Laboratory Technician,1,13,0,0,0,4959,0,11,15,3,4,1,4,4,5,Travel_Rarely,No,1,3,0
EMP001002,34,Female,Married,4,Life Sciences,R&D,Research Director,2,7,0,0,0,6812,1,7,13,3,3,3,2,3,2,Travel_Rarely,No,4,3,0
EMP001003,26,Male,Married,3,Other,IT,Manager,3,5,4,0,4,9303,2,12,9,3,1,3,2,2,4,Travel_Rarely,No,0,3,1
EMP001004,37,Male,Married,4,Other,R&D,Research Director,4,14,0,0,0,13634,2,5,22,3,4,4,3,3,8,Travel_Rarely,No,4,2,0
EMP001005,32,Male,Single,2,Medical,IT,Data Scientist,2,0,0,0,0,5204,1,13,9,1,2,2,3,3,4,Travel_Rarely,No,0,3,0
EMP001006,25,Male,Divorced,2,Medical,R&D,Manager,1,2,2,2,1,3011,0,10,15,4,1,2,3,4,4,Travel_Frequently,No,0,3,0
EMP001007,28,Female,Married,4,Marketing,Sales,Manager,2,4,4,2,3,5347,0,13,15,3,4,3,2,2,4,Non-Travel,No,0,3,0
EMP001008,25,Male,Single,5,Life Sciences,R&D,Manager,2,7,1,0,1,7091,0,16,4,1,3,3,2,3,3,Non-Travel,No,1,4,0
EMP001009,34,Female,Married,1,Life Sciences,Sales,Sales Representative,1,4,1,0,0,3729,0,7,16,2,3,3,3,4,1,Travel_Rarely,No,2,4,0
EMP001010,32,Female,Married,4,Life Sciences,Sales,Sales Executive,2,8,0,0,0,6786,1,12,5,3,2,1,2,3,2,Non-Travel,No,1,4,0
EMP001011,30,Male,Single,3,Medical,Sales,Manager,3,0,0,0,0,8041,2,18,7,1,4,4,2,3,3,Travel_Rarely,No,0,3,0
EMP001012,21,Male,Single,5,Marketing,Sales,Manager,1,1,0,0,0,3358,0,14,10,4,3,2,1,2,3,Travel_Rarely,No,2,3,0
EMP001013,24,Female,Single,4,Other,IT,Manager,1,6,0,0,0,4220,1,15,3,3,2,3,1,3,3,Travel_Rarely,No,4,4,0
EMP001014,23,Male,Single,5,Technical Degree,R&D,Research Director,1,2,1,1,1,2430,1,10,7,1,4,3,4,4,2,Travel_Rarely,No,1,3,0
EMP001015,19,Male,Single,4,Technical Degree,Sales,Sales Representative,1,1,1,1,0,2795,0,14,7,4,3,2,2,3,5,Travel_Rarely,No,1,3,0
EMP001016,22,Male,Single,4,Medical,R&D,Research Scientist,1,4,2,1,2,3519,1,8,3,4,4,1,1,3,1,Travel_Rarely,No,0,3,1
EMP001017,22,Male,Single,2,Other,Marketing,Marketing Manager,2,0,0,0,0,3567,0,17,6,1,1,1,2,2,1,Travel_Rarely,Yes,1,4,0
EMP001018,27,Female,Single,3,Other,R&D,Manager,3,0,0,0,0,8043,0,15,5,2,2,1,4,3,2,Travel_Frequently,No,2,1,1
EMP001019,34,Female,Married,3,Other,Operations,Operations Specialist,2,1,1,0,1,4546,0,10,2,2,2,4,3,4,4,Travel_Frequently,No,1,2,0
EMP001020,25,Male,Married,4,Life Sciences,R&D,Laboratory Technician,2,7,0,0,0,5636,0,14,13,4,4,3,1,2,4,Travel_Frequently,No,4,4,0
EMP001021,27,Female,Single,2,Marketing,Operations,Operations Specialist,1,2,1,0,1,2493,1,12,6,3,4,1,3,3,3,Travel_Rarely,No,0,1,0
EMP001022,27,Female,Married,2,Marketing,Sales,Sales Representative,2,1,0,0,0,4847,0,15,13,4,4,4,3,4,5,Travel_Rarely,Yes,7,3,0
EMP001023,28,Male,Married,5,Life Sciences,R&D,Research Director,2,5,5,0,0,6152,0,5,2,2,3,1,4,3,1,Travel_Rarely,Yes,1,3,1
EMP001024,29,Male,Single,4,Human Resources,IT,Manager,2,0,0,0,0,5020,0,14,6,4,3,4,3,3,6,Travel_Rarely,Yes,0,2,0
EMP001025,37,Female,Married,5,Life Sciences,Operations,Operations Specialist,3,7,1,0,0,10070,1,5,4,1,1,2,1,3,2,Travel_Rarely,No,0,2,0
EMP001026,26,Female,Married,2,Life Sciences,IT,Data Scientist,2,5,1,1,1,5636,0,15,9,4,3,3,3,3,2,Travel_Rarely,No,6,2,0
EMP001027,37,Male,Married,3,Medical,HR,Human Resources,3,0,0,0,0,9084,2,19,4,1,4,2,3,2,0,Travel_Rarely,No,3,4,0
EMP001028,28,Male,Married,3,Medical,Sales,Manager,2,3,0,0,0,6065,1,12,3,3,4,4,3,2,4,Travel_Rarely,No,1,3,0
EMP001029,27,Male,Married,1,Other,R&D,Research Scientist,2,2,0,0,0,5184,0,18,2,4,2,2,4,3,1,Travel_Rarely,No,2,3,0
EMP001030,46,Male,Married,3,Medical,Sales,Manager,4,0,0,0,0,11414,2,12,8,4,3,3,4,3,3,Travel_Rarely,No,4,4,0
EMP001031,35,Female,Married,3,Medical,R&D,Research Scientist,2,0,0,0,0,6415,0,18,14,4,4,2,3,2,4,Non-Travel,No,1,3,0
EMP001032,19,Male,Single,2,Marketing,R&D,Research Director,1,0,0,0,0,2764,0,15,12,2,4,3,1,2,0,Travel_Frequently,Yes,1,4,1
EMP001033,31,Male,Single,4,Life Sciences,R&D,Manager,3,4,2,0,2,10835,0,9,4,3,2,3,2,4,4,Travel_Rarely,No,0,3,0
EMP001034,22,Male,Single,3,Technical Degree,IT,Software Engineer,1,0,0,0,0,3308,0,20,3,2,2,4,2,3,3,Non-Travel,No,1,4,0
EMP001035,29,Female,Married,1,Technical Degree,Sales,Sales Executive,2,0,0,0,0,4310,0,18,2,3,1,4,2,3,3,Travel_Rarely,Yes,2,2,1
EMP001036,22,Male,Single,4,Medical,R&D,Research Scientist,1,4,4,2,4,3772,0,12,10,4,4,4,3,2,2,Travel_Rarely,No,1,2,0
EMP001037,30,Male,Married,4,Human Resources,R&D,Research Scientist,1,0,0,0,0,2755,1,13,6,3,3,1,2,3,1,Travel_Rarely,No,1,4,0
EMP001038,41,Female,Married,4,Marketing,R&D,Laboratory Technician,2,5,0,0,0,5394,0,10,29,1,3,2,4,4,3,Travel_Frequently,No,0,4,0
EMP001039,32,Female,Divorced,3,Technical Degree,R&D,Research Director,2,13,3,1,1,7540,1,7,10,1,2,3,4,3,4,Travel_Frequently,Yes,3,3,0
EMP001040,26,Male,Single,5,Other,Sales,Sales Representative,3,0,0,0,0,7034,0,11,10,4,3,3,4,2,2,Non-Travel,No,2,2,0
EMP001041,25,Male,Single,5,Technical Degree,Operations,Operations Specialist,3,7,0,0,0,8361,1,8,19,1,2,4,1,4,1,Non-Travel,No,0,2,0
EMP001042,39,Male,Married,4,Medical,R&D,Research Director,3,3,0,0,0,8637,2,18,7,4,4,4,3,2,5,Travel_Rarely,No,3,2,0
EMP001043,31,Male,Single,3,Life Sciences,Sales,Sales Representative,2,7,2,0,2,7134,1,10,2,1,4,2,2,3,2,Travel_Frequently,No,8,3,0
EMP001044,38,Male,Married,1,Technical Degree,R&D,Research Director,3,4,0,0,0,8310,0,12,3,2,1,2,3,3,1,Non-Travel,Yes,1,2,0
EMP001045,33,Male,Single,4,Human Resources,Sales,Sales Representative,2,4,2,0,1,5917,0,5,3,3,3,3,1,4,2,Travel_Frequently,Yes,9,3,0
EMP001046,27,Male,Single,4,Medical,Sales,Sales Representative,3,7,1,1,1,9577,1,17,10,2,2,4,4,2,2,Travel_Rarely,No,2,1,0
EMP001047,31,Male,Single,5,Medical,R&D,Manager,3,0,0,0,0,6890,1,11,7,4,3,3,2,2,2,Travel_Rarely,No,0,3,0
EMP001048,42,Male,Married,4,Marketing,Sales,Sales Executive,3,2,0,0,0,9980,2,19,17,2,2,3,3,3,2,Non-Travel,Yes,2,1,0
EMP001049,28,Male,Married,5,Technical Degree,IT,Data Scientist,2,10,0,0,0,6687,1,15,21,2,2,3,4,3,2,Travel_Rarely,No,0,4,0
EMP001050,25,Male,Married,5,Life Sciences,IT,Software Engineer,2,0,0,0,0,4452,1,15,1,4,1,1,3,4,2,Travel_Rarely,No,1,3,0
EMP001051,24,Female,Single,5,Other,R&D,Manager,1,1,1,1,1,3750,1,16,11,2,2,3,4,3,1,Travel_Rarely,No,5,4,0
EMP001052,33,Female,Married,3,Other,IT,Software Engineer,2,5,3,0,3,6238,0,11,4,3,3,2,4,4,2,Travel_Frequently,No,0,3,0
EMP001053,26,Male,Single,2,Marketing,R&D,Laboratory Technician,2,0,0,0,0,5661,0,13,3,2,4,3,3,3,1,Travel_Frequently,Yes,3,4,0
EMP001054,27,Female,Single,4,Life Sciences,Sales,Manager,3,3,2,2,1,7414,2,15,2,3,2,2,3,4,2,Travel_Rarely,No,0,4,0
EMP001055,36,Male,Married,4,Technical Degree,R&D,Laboratory Technician,4,6,2,2,2,16580,1,13,3,3,4,2,3,3,1,Travel_Rarely,No,0,1,0
EMP001056,22,Female,Single,3,Life Sciences,HR,Human Resources,1,4,3,0,3,3219,1,9,8,3,4,3,1,3,2,Travel_Rarely,Yes,0,1,0
EMP001057,29,Female,Single,4,Marketing,Sales,Sales Executive,1,4,1,0,1,4156,1,22,7,2,3,2,2,3,2,Non-Travel,No,2,3,0
EMP001058,37,Female,Married,4,Life Sciences,IT,Data Scientist,2,3,0,0,0,6080,1,10,14,3,4,3,3,2,1,Travel_Rarely,Yes,4,2,0
EMP001059,30,Female,Single,2,Marketing,IT,Data Scientist,3,6,0,0,0,8991,1,11,6,2,2,1,3,3,3,Travel_Rarely,Yes,1,4,1
EMP001060,29,Male,Single,3,Medical,Marketing,Marketing Specialist,3,0,0,0,0,9012,0,9,14,1,4,3,2,3,3,Travel_Frequently,Yes,3,4,1
EMP001061,33,Female,Married,5,Technical Degree,Sales,Sales Representative,2,5,5,0,0,4894,1,11,12,3,2,1,3,4,1,Travel_Frequently,No,1,4,0
EMP001062,30,Male,Single,3,Technical Degree,Sales,Manager,2,12,1,1,0,7371,0,20,5,2,3,2,4,4,1,Non-Travel,Yes,1,3,1
EMP001063,27,Male,Married,4,Human Resources,Sales,Sales Executive,2,5,5,0,2,6629,0,14,7,1,3,3,2,4,5,Travel_Rarely,No,5,4,0
EMP001064,20,Female,Single,1,Life Sciences,Marketing,Marketing Specialist,1,0,0,0,0,3479,1,17,7,1,4,4,4,4,0,Non-Travel,No,0,3,0
EMP001065,33,Male,Married,4,Life Sciences,IT,Data Scientist,1,3,2,2,0,3977,0,11,13,3,2,3,4,2,2,Travel_Rarely,Yes,2,4,0
EMP001066,21,Female,Single,5,Medical,IT,Data Scientist,1,3,2,0,2,2615,1,13,24,4,4,1,2,4,4,Travel_Rarely,No,0,4,0
EMP001067,34,Male,Married,3,Life Sciences,R&D,Manager,1,0,0,0,0,3358,0,19,13,1,1,4,3,2,3,Travel_Rarely,No,4,3,0
EMP001068,19,Male,Single,3,Life Sciences,R&D,Laboratory Technician,1,1,0,0,0,3306,0,18,5,2,3,2,3,4,2,Travel_Rarely,No,1,3,0
EMP001069,23,Male,Single,4,Marketing,R&D,Research Scientist,1,1,0,0,0,3806,0,13,2,1,1,4,3,3,2,Travel_Frequently,No,0,3,0
EMP001070,30,Female,Married,5,Marketing,IT,Software Engineer,3,4,2,2,0,8726,1,12,14,3,4,3,3,2,1,Travel_Rarely,Yes,0,4,0
EMP001071,27,Male,Single,2,Life Sciences,IT,Software Engineer,1,9,2,2,0,3945,0,14,20,3,2,4,3,4,4,Travel_Rarely,Yes,1,3,0
EMP001072,26,Male,Single,3,Medical,R&D,Manager,2,8,3,1,1,6571,1,9,21,2,4,1,1,1,3,Non-Travel,No,9,4,0
EMP001073,45,Male,Married,2,Marketing,R&D,Laboratory Technician,3,5,0,0,0,7208,0,12,16,4,3,3,4,4,3,Travel_Frequently,No,0,3,0
EMP001074,34,Female,Married,3,Life Sciences,IT,Software Engineer,3,3,2,0,0,8824,1,10,24,1,4,2,2,3,1,Travel_Rarely,No,1,4,0
EMP001075,20,Male,Married,3,Other,Sales,Sales Representative,2,0,0,0,0,4213,0,14,1,1,4,3,2,3,5,Travel_Rarely,No,0,3,0
EMP001076,37,Female,Married,5,Life Sciences,Marketing,Marketing Specialist,4,1,0,0,0,14605,2,16,6,1,4,2,2,3,2,Travel_Frequently,Yes,2,3,1
EMP001077,36,Male,Married,3,Life Sciences,R&D,Research Director,2,2,0,0,0,5471,1,11,11,2,3,2,1,4,3,Travel_Rarely,Yes,0,4,0
EMP001078,32,Male,Married,4,Life Sciences,R&D,Research Director,2,6,1,1,0,4653,0,15,17,3,3,3,3,3,2,Travel_Rarely,No,0,4,0
EMP001079,25,Male,Single,5,Life Sciences,IT,Manager,1,7,7,0,1,5009,0,15,6,2,2,4,1,3,2,Travel_Rarely,Yes,0,3,0
EMP001080,33,Female,Single,3,Other,HR,Human Resources,1,1,1,1,1,4254,0,16,9,2,3,3,1,3,1,Travel_Rarely,No,2,3,0
EMP001081,29,Male,Single,4,Life Sciences,R&D,Research Director,1,3,1,1,1,3261,1,13,5,3,3,3,1,3,2,Non-Travel,No,0,3,0
EMP001082,35,Male,Married,4,Technical Degree,Operations,Operations Manager,3,4,2,2,0,7246,2,14,3,2,4,3,1,3,1,Travel_Rarely,No,1,3,0
EMP001083,23,Female,Single,3,Medical,Operations,Operations Specialist,1,5,1,1,1,3447,0,16,9,2,2,4,3,3,1,Non-Travel,No,0,3,0
EMP001084,25,Male,Single,2,Marketing,R&D,Laboratory Technician,2,7,2,2,2,4786,1,5,2,4,2,2,3,4,2,Travel_Rarely,No,1,2,0
EMP001085,22,Female,Single,3,Other,HR,Manager,1,4,2,0,0,4011,0,8,22,3,3,3,3,2,3,Non-Travel,No,2,3,1
EMP001086,24,Male,Married,3,Technical Degree,HR,Human Resources,2,3,1,0,0,5070,1,9,4,3,3,4,2,3,2,Travel_Frequently,No,0,2,0
EMP001087,25,Male,Married,3,Life Sciences,R&D,Research Director,2,0,0,0,0,4420,0,11,7,3,4,3,3,3,0,Travel_Rarely,No,3,2,0
EMP001088,30,Male,Married,5,Technical Degree,Operations,Operations Manager,2,2,2,2,1,5140,1,10,3,3,2,2,2,2,1,Travel_Rarely,No,6,2,1
EMP001089,24,Male,Married,3,Medical,Sales,Sales Executive,2,4,1,1,1,6782,0,12,7,4,3,4,3,3,3,Travel_Rarely,No,0,4,0
EMP001090,28,Female,Single,5,Medical,Sales,Manager,1,5,0,0,0,3840,0,11,7,2,2,4,4,4,3,Travel_Rarely,No,1,3,0
EMP001091,37,Female,Single,2,Technical Degree,Marketing,Marketing Manager,3,9,9,7,1,9170,2,10,4,2,3,3,1,3,1,Travel_Rarely,Yes,0,2,0
EMP001092,32,Male,Married,5,Human Resources,Sales,Sales Executive,2,2,0,0,0,4615,1,15,7,1,4,3,4,3,1,Travel_Frequently,No,3,2,0
EMP001093,25,Female,Married,4,Life Sciences,IT,Software Engineer,1,7,6,1,2,4600,0,13,17,2,4,2,2,3,2,Travel_Frequently,No,2,4,0
EMP001094,18,Male,Single,4,Technical Degree,Sales,Sales Representative,1,0,0,0,0,2544,1,13,4,2,3,3,2,3,5,Travel_Rarely,No,1,4,0
EMP001095,29,Male,Married,3,Life Sciences,Operations,Operations Manager,3,0,0,0,0,7382,2,13,6,4,2,1,4,3,5,Travel_Rarely,No,2,4,0
EMP001096,25,Female,Married,3,Medical,IT,Software Engineer,1,0,0,0,0,3478,0,12,10,3,3,3,3,3,2,Travel_Rarely,No,5,4,0
EMP001097,22,Female,Married,4,Other,Marketing,Marketing Manager,2,3,0,0,0,4540,0,20,2,2,3,3,2,3,0,Travel_Frequently,No,1,4,0
EMP001098,29,Male,Married,4,Marketing,Operations,Operations Specialist,1,8,3,1,0,3805,0,7,8,4,1,1,3,4,3,Non-Travel,No,4,2,0
EMP001099,36,Female,Married,4,Life Sciences,Sales,Sales Representative,4,0,0,0,0,10892,2,16,0,1,2,4,4,3,2,Travel_Rarely,No,1,3,0
EMP001100,24,Male,Married,2,Marketing,R&D,Laboratory Technician,1,3,2,0,1,3533,0,5,13,2,1,3,4,3,3,Non-Travel,No,0,3,0
EMP001101,34,Female,Married,5,Technical Degree,HR,Manager,2,7,0,0,0,6681,1,9,9,4,1,2,4,4,2,Travel_Rarely,Yes,0,4,0
EMP001102,27,Female,Married,5,Marketing,IT,Data Scientist,1,0,0,0,0,2937,1,9,14,4,4,3,4,2,0,Non-Travel,No,0,3,0
EMP001103,31,Female,Married,4,Life Sciences,Sales,Manager,1,0,0,0,0,3010,0,13,14,2,2,3,2,3,3,Travel_Rarely,No,2,4,0
EMP001104,37,Male,Married,2,Medical,Marketing,Marketing Manager,3,3,3,0,0,10517,0,13,5,4,4,3,3,3,2,Travel_Frequently,No,0,2,0
EMP001105,18,Female,Single,4,Other,Sales,Sales Executive,1,1,1,0,0,3406,0,12,20,2,3,3,2,3,3,Travel_Frequently,No,2,3,0
EMP001106,32,Female,Single,3,Technical Degree,Marketing,Marketing Specialist,1,2,2,1,0,3220,1,7,8,4,3,1,4,3,1,Travel_Rarely,No,4,3,0
EMP001107,44,Male,Married,4,Technical Degree,R&D,Research Director,3,0,0,0,0,7894,1,17,14,4,3,4,1,3,2,Travel_Frequently,No,2,3,0
EMP001108,39,Male,Single,4,Technical Degree,R&D,Research Scientist,2,18,3,3,2,8404,1,14,3,3,3,3,3,4,3,Non-Travel,No,7,2,0
EMP001109,22,Female,Single,2,Life Sciences,R&D,Research Director,2,4,0,0,0,6383,0,12,1,4,4,1,2,4,1,Travel_Rarely,Yes,0,2,0
EMP001110,30,Male,Single,4,Marketing,Sales,Manager,3,5,0,0,0,10622,2,5,12,3,3,1,4,3,4,Travel_Rarely,No,1,3,0
EMP001111,46,Male,Single,3,Medical,R&D,Research Director,3,3,1,0,1,8424,1,13,25,2,1,4,3,3,5,Travel_Rarely,No,1,3,0
EMP001112,26,Male,Married,5,Life Sciences,R&D,Manager,2,8,5,0,0,5647,0,15,8,3,3,2,3,4,2,Travel_Rarely,No,2,2,0
EMP001113,37,Female,Married,3,Life Sciences,R&D,Research Scientist,3,8,0,0,0,11002,0,9,19,3,1,3,3,3,1,Travel_Frequently,Yes,4,2,0
EMP001114,30,Female,Single,3,Technical Degree,IT,Software Engineer,3,0,0,0,0,6923,1,9,18,3,3,3,4,3,3,Travel_Rarely,No,1,4,0
EMP001115,26,Female,Married,5,Life Sciences,R&D,Laboratory Technician,1,7,0,0,0,4440,1,11,10,4,3,1,4,3,1,Travel_Rarely,Yes,0,2,0
EMP001116,37,Male,Married,2,Medical,R&D,Research Scientist,2,4,1,1,1,3795,0,15,10,1,2,3,4,4,4,Non-Travel,Yes,0,3,0
EMP001117,37,Female,Single,4,Life Sciences,Marketing,Marketing Specialist,4,7,2,1,0,12137,1,13,1,3,2,3,2,3,2,Travel_Frequently,No,1,1,0
EMP001118,23,Female,Single,3,Life Sciences,IT,Software Engineer,2,5,0,0,0,6544,1,10,20,3,2,3,3,3,1,Travel_Rarely,Yes,0,4,0
EMP001119,39,Female,Divorced,4,Medical,Sales,Sales Executive,4,2,2,0,0,13532,1,12,11,2,4,2,3,2,2,Travel_Rarely,No,0,4,0
EMP001120,18,Male,Single,4,Technical Degree,IT,Manager,1,1,0,0,0,2738,0,18,6,1,2,4,1,4,4,Travel_Rarely,Yes,1,3,0
EMP001121,26,Female,Married,3,Life Sciences,Operations,Operations Manager,1,7,0,0,0,4557,0,9,19,3,4,3,3,2,1,Non-Travel,Yes,0,1,0
EMP001122,29,Male,Single,5,Life Sciences,Operations,Operations Manager,1,11,2,0,0,4078,0,14,2,2,1,4,4,2,1,Non-Travel,No,3,4,0
EMP001123,26,Male,Single,2,Technical Degree,IT,Software Engineer,3,4,1,1,1,7431,1,10,14,4,4,3,4,2,2,Travel_Frequently,No,5,3,0
EMP001124,29,Female,Single,3,Marketing,HR,Manager,2,6,0,0,0,5518,0,14,2,3,2,2,3,1,3,Travel_Rarely,No,1,2,0
EMP001125,25,Female,Single,3,Technical Degree,R&D,Laboratory Technician,3,7,5,0,0,10534,1,11,4,4,2,1,1,4,4,Non-Travel,No,2,2,0
EMP001126,28,Male,Married,4,Life Sciences,IT,Software Engineer,3,6,0,0,0,8809,1,8,16,4,3,2,4,4,2,Travel_Rarely,Yes,0,2,0
EMP001127,34,Female,Divorced,3,Technical Degree,IT,Manager,2,14,0,0,0,8123,0,5,2,4,4,4,2,3,2,Travel_Rarely,No,2,3,0
EMP001128,29,Male,Divorced,2,Medical,R&D,Research Director,2,1,1,0,1,5713,0,13,6,3,3,3,3,4,4,Travel_Rarely,No,0,4,0
EMP001129,42,Female,Married,5,Marketing,R&D,Research Director,2,11,0,0,0,7181,0,12,15,3,3,4,3,3,3,Travel_Frequently,Yes,0,4,0
EMP001130,28,Male,Married,3,Life Sciences,R&D,Research Director,2,1,1,1,1,6153,1,17,7,2,2,3,2,2,3,Travel_Rarely,No,5,3,0
EMP001131,27,Male,Married,3,Life Sciences,HR,Manager,2,4,0,0,0,5147,0,6,8,3,3,4,2,3,2,Travel_Rarely,No,4,2,1
EMP001132,48,Female,Married,3,Technical Degree,R&D,Research Scientist,3,3,0,0,0,8820,0,8,3,4,4,3,2,3,2,Travel_Rarely,No,2,4,0
EMP001133,37,Female,Married,3,Life Sciences,HR,Human Resources,3,8,0,0,0,7082,1,6,5,2,4,4,3,2,6,Travel_Rarely,Yes,0,3,0
EMP001134,33,Female,Single,2,Life Sciences,Marketing,Marketing Manager,2,2,2,1,0,5876,0,5,20,4,2,4,3,2,5,Travel_Frequently,No,2,4,0
EMP001135,20,Female,Single,2,Marketing,R&D,Research Scientist,1,0,0,0,0,3250,0,18,15,3,4,2,3,3,2,Non-Travel,No,2,2,0
EMP001136,41,Female,Married,2,Marketing,Operations,Operations Specialist,3,6,2,2,0,8683,1,12,21,4,2,4,2,3,4,Non-Travel,Yes,1,3,0
EMP001137,34,Female,Married,2,Marketing,R&D,Research Director,2,4,0,0,0,5338,0,19,6,2,4,3,3,3,5,Travel_Rarely,No,5,2,1
EMP001138,22,Male,Married,3,Marketing,Sales,Sales Representative,1,4,2,2,1,4278,0,8,12,4,3,3,4,2,6,Travel_Rarely,No,1,3,0
EMP001139,32,Male,Married,4,Marketing,Sales,Sales Representative,3,7,2,2,2,8715,1,14,6,4,3,4,3,4,5,Travel_Rarely,No,5,4,0
EMP001140,23,Male,Single,4,Medical,R&D,Manager,1,5,1,0,1,4429,0,6,16,3,3,2,4,4,4,Travel_Frequently,No,1,3,0
EMP001141,39,Male,Divorced,1,Other,R&D,Research Director,3,9,5,0,0,9171,0,16,17,2,4,3,4,2,6,Travel_Rarely,No,1,2,0
EMP001142,40,Female,Single,5,Marketing,IT,Data Scientist,2,5,3,0,2,6335,0,7,9,2,4,2,4,1,1,Non-Travel,No,8,2,0
EMP001143,36,Male,Divorced,4,Marketing,IT,Manager,3,3,3,1,1,7037,1,9,5,1,2,3,2,4,1,Travel_Rarely,No,1,1,0
EMP001144,25,Male,Married,5,Life Sciences,Marketing,Marketing Manager,2,0,0,0,0,4564,1,14,9,1,4,1,3,3,2,Travel_Frequently,No,1,3,0
EMP001145,35,Male,Married,3,Other,HR,Manager,2,1,1,0,0,5278,1,16,16,4,2,2,2,3,1,Travel_Frequently,Yes,0,2,1
EMP001146,21,Female,Married,4,Life Sciences,R&D,Laboratory Technician,1,3,2,1,1,4474,1,14,2,2,2,4,3,3,0,Travel_Rarely,No,1,2,0
EMP001147,30,Male,Married,2,Marketing,R&D,Research Scientist,1,0,0,0,0,3542,0,16,10,2,4,4,4,3,1,Travel_Rarely,No,0,3,0
EMP001148,27,Male,Married,4,Medical,HR,Manager,2,7,0,0,0,6135,0,14,4,2,2,3,2,2,2,Travel_Frequently,No,0,3,0
EMP001149,26,Female,Married,2,Marketing,HR,Human Resources,3,3,0,0,0,10152,0,14,5,2,3,2,1,3,4,Travel_Rarely,No,0,4,0
EMP001150,21,Female,Single,3,Medical,R&D,Manager,1,3,1,1,0,3500,1,11,22,2,3,1,4,3,2,Non-Travel,No,0,3,0
EMP001151,29,Male,Married,3,Technical Degree,Operations,Operations Specialist,2,5,3,0,1,6532,1,14,12,2,3,4,1,3,2,Travel_Rarely,Yes,1,4,0
EMP001152,23,Female,Single,4,Life Sciences,HR,Human Resources,1,5,0,0,0,3902,0,10,2,3,4,3,2,2,1,Travel_Rarely,Yes,1,4,0
EMP001153,25,Male,Married,4,Medical,IT,Data Scientist,3,0,0,0,0,7059,1,14,6,4,3,3,3,3,0,Non-Travel,Yes,0,2,0
EMP001154,33,Female,Single,2,Technical Degree,HR,Manager,2,0,0,0,0,4618,0,14,4,3,4,4,4,4,1,Travel_Rarely,Yes,1,2,0
EMP001155,29,Male,Married,3,Life Sciences,R&D,Research Scientist,3,1,1,0,1,5991,2,12,7,2,4,3,2,3,5,Non-Travel,Yes,3,4,0
EMP001156,25,Female,Married,5,Life Sciences,IT,Manager,3,2,2,1,2,7780,2,14,7,2,3,3,1,3,2,Travel_Rarely,No,4,3,0
EMP001157,23,Female,Married,5,Medical,Sales,Manager,1,5,0,0,0,3461,0,14,4,3,3,3,3,2,1,Travel_Rarely,No,1,4,0
EMP001158,31,Female,Married,4,Human Resources,HR,Manager,1,7,1,0,1,4542,0,12,5,3,2,4,1,2,0,Travel_Rarely,No,2,2,0
EMP001159,32,Male,Married,4,Life Sciences,R&D,Research Scientist,2,2,0,0,0,6001,1,6,1,4,3,2,2,2,1,Travel_Rarely,No,1,4,1
EMP001160,24,Female,Single,2,Life Sciences,Sales,Manager,1,6,1,1,0,4002,0,16,23,4,4,2,2,3,1,Travel_Rarely,Yes,3,3,0
EMP001161,26,Male,Single,3,Marketing,R&D,Research Scientist,2,7,0,0,0,5370,0,10,6,2,3,4,4,3,3,Travel_Rarely,No,0,3,0
EMP001162,29,Female,Single,3,Life Sciences,R&D,Laboratory Technician,2,5,0,0,0,6758,0,14,16,2,4,3,3,3,2,Non-Travel,No,6,3,0
EMP001163,23,Female,Single,3,Medical,Sales,Sales Representative,1,2,1,1,1,3226,0,14,2,3,2,3,3,4,6,Travel_Frequently,Yes,0,4,0
EMP001164,31,Female,Single,4,Technical Degree,IT,Manager,1,5,0,0,0,4514,0,17,11,1,4,3,1,4,2,Travel_Rarely,Yes,3,2,0
EMP001165,22,Female,Single,3,Life Sciences,R&D,Manager,1,4,0,0,0,3929,0,12,2,2,3,3,3,4,1,Non-Travel,No,1,2,0
EMP001166,23,Female,Single,2,Technical Degree,R&D,Research Scientist,2,5,4,0,0,7401,0,12,8,2,2,3,3,2,4,Non-Travel,No,2,2,0
EMP001167,18,Male,Single,3,Marketing,R&D,Manager,1,1,0,0,0,3107,0,20,12,2,3,2,4,3,0,Travel_Rarely,Yes,1,4,0
EMP001168,23,Male,Single,2,Other,IT,Software Engineer,1,5,1,0,1,3076,0,9,12,3,1,4,3,3,6,Travel_Frequently,No,0,4,1
EMP001169,19,Male,Married,4,Human Resources,Sales,Sales Representative,1,1,1,0,0,3262,1,18,34,2,4,3,3,2,3,Travel_Frequently,No,1,2,0
EMP001170,26,Female,Single,2,Medical,R&D,Laboratory Technician,2,8,0,0,0,5875,0,14,6,4,4,2,2,3,4,Travel_Rarely,No,0,4,0
EMP001171,24,Female,Single,3,Marketing,R&D,Laboratory Technician,1,2,2,1,1,2958,0,17,8,3,3,2,4,3,3,Travel_Frequently,Yes,9,3,1
EMP001172,20,Female,Single,4,Technical Degree,Marketing,Marketing Specialist,1,2,0,0,0,3980,1,5,3,3,4,2,3,3,1,Travel_Rarely,No,0,3,0
EMP001173,28,Female,Single,3,Medical,HR,Manager,2,10,3,0,0,7206,1,8,9,2,4,4,2,3,3,Non-Travel,No,0,3,0
EMP001174,39,Female,Married,2,Life Sciences,Sales,Sales Representative,3,4,0,0,0,7945,0,8,13,2,4,4,1,3,4,Travel_Rarely,Yes,0,1,1
EMP001175,44,Male,Single,4,Human Resources,R&D,Manager,3,1,1,0,0,8238,0,11,1,2,2,1,4,3,6,Non-Travel,No,2,2,0
EMP001176,20,Male,Single,2,Medical,HR,Human Resources,1,0,0,0,0,3011,0,17,14,2,2,1,4,4,3,Non-Travel,No,0,4,0
EMP001177,30,Female,Married,4,Life Sciences,Sales,Manager,1,2,1,0,1,2550,1,11,8,4,3,3,2,4,4,Travel_Rarely,No,2,4,0
EMP001178,32,Male,Married,4,Technical Degree,Marketing,Marketing Manager,2,9,5,0,0,7443,1,5,9,3,2,3,4,3,3,Travel_Rarely,Yes,0,4,0
EMP001179,34,Male,Single,3,Marketing,Sales,Manager,1,1,1,1,1,3532,1,9,20,3,2,2,3,3,5,Travel_Rarely,No,5,4,0
EMP001180,26,Male,Single,3,Life Sciences,Sales,Manager,2,8,0,0,0,6325,1,11,14,1,2,3,4,4,1,Non-Travel,No,0,2,0
EMP001181,31,Female,Single,5,Life Sciences,Sales,Manager,1,0,0,0,0,3102,0,15,6,4,1,3,3,4,5,Non-Travel,No,0,3,0
EMP001182,34,Male,Married,3,Life Sciences,IT,Software Engineer,2,0,0,0,0,4079,0,10,2,3,3,3,1,3,0,Travel_Rarely,Yes,1,2,0
EMP001183,40,Female,Married,5,Other,R&D,Research Director,4,4,1,0,0,16236,2,9,10,2,1,2,2,2,3,Travel_Frequently,No,6,3,1
EMP001184,29,Female,Married,2,Other,Sales,Sales Executive,1,8,4,4,0,5015,1,21,12,3,3,1,3,3,1,Non-Travel,No,0,4,0
EMP001185,19,Female,Single,4,Medical,Marketing,Marketing Manager,2,1,0,0,0,4805,0,15,5,3,2,3,1,2,4,Travel_Rarely,No,1,3,1
EMP001186,26,Female,Married,4,Technical Degree,Sales,Manager,2,3,0,0,0,4774,1,8,9,2,3,3,2,4,0,Travel_Frequently,No,1,3,0
EMP001187,31,Female,Married,5,Medical,R&D,Research Director,1,5,1,1,1,3778,0,13,5,3,4,3,1,3,3,Travel_Rarely,No,2,4,0
EMP001188,25,Male,Married,2,Technical Degree,Sales,Manager,3,1,1,0,1,7279,2,14,5,3,3,4,4,3,2,Non-Travel,No,0,4,0
EMP001189,33,Male,Married,3,Medical,Marketing,Marketing Specialist,2,4,1,1,1,6108,0,9,25,1,2,2,1,2,4,Travel_Rarely,Yes,0,4,0
EMP001190,21,Female,Single,2,Marketing,IT,Data Scientist,1,1,1,0,1,2983,1,12,9,2,2,3,3,2,3,Non-Travel,No,1,3,0
EMP001191,43,Male,Single,5,Life Sciences,IT,Software Engineer,4,13,0,0,0,11393,3,8,1,3,2,3,3,2,3,Non-Travel,No,1,2,0
EMP001192,25,Female,Married,3,Life Sciences,Sales,Sales Executive,1,5,2,0,0,3803,0,13,14,3,3,3,2,4,4,Travel_Rarely,Yes,0,3,0
EMP001193,21,Female,Single,5,Life Sciences,R&D,Laboratory Technician,1,3,0,0,0,3269,1,11,3,3,4,2,1,3,3,Non-Travel,No,1,2,0
EMP001194,23,Male,Single,3,Life Sciences,HR,Manager,1,1,0,0,0,3568,1,13,12,2,4,3,3,4,4,Travel_Rarely,No,0,4,0
EMP001195,37,Female,Married,2,Human Resources,R&D,Research Director,3,2,2,1,0,10821,1,14,5,4,4,2,3,2,2,Travel_Rarely,No,1,4,0
EMP001196,23,Female,Single,3,Human Resources,R&D,Manager,1,5,2,0,0,3953,0,13,3,3,3,3,2,3,4,Travel_Frequently,Yes,0,3,1
EMP001197,30,Male,Married,4,Technical Degree,Marketing,Marketing Specialist,2,1,0,0,0,5273,0,11,20,1,3,2,1,4,2,Travel_Frequently,No,3,4,1
EMP001198,41,Female,Single,4,Life Sciences,Sales,Sales Representative,3,0,0,0,0,7037,1,14,2,2,2,1,4,3,1,Non-Travel,No,0,2,1
EMP001199,23,Female,Single,3,Medical,HR,Manager,1,1,1,1,1,3499,0,15,1,4,2,2,2,1,2,Travel_Rarely,No,1,1,0
EMP001200,38,Male,Single,5,Medical,R&D,Laboratory Technician,2,7,3,3,1,6233,0,14,8,3,4,4,3,4,0,Travel_Frequently,Yes,1,3,0
EMP001201,34,Female,Married,3,Medical,IT,Data Scientist,2,10,1,1,0,7027,0,8,6,2,4,1,4,3,3,Travel_Rarely,No,4,3,0
EMP001202,19,Male,Single,4,Life Sciences,Sales,Sales Executive,1,1,0,0,0,3573,1,12,16,2,1,1,4,4,1,Travel_Frequently,No,1,4,0
EMP001203,35,Female,Married,4,Marketing,Sales,Sales Representative,3,7,4,0,2,10134,1,9,8,3,2,3,2,2,4,Travel_Frequently,No,2,4,0
EMP001204,35,Male,Single,3,Life Sciences,HR,Human Resources,3,2,1,1,1,8063,0,16,4,2,3,1,3,3,2,Travel_Rarely,No,0,1,0
EMP001205,19,Female,Single,1,Technical Degree,Operations,Operations Manager,1,1,0,0,0,3554,0,13,12,2,1,3,3,3,2,Travel_Frequently,No,1,1,0
EMP001206,28,Female,Married,3,Technical Degree,Operations,Operations Manager,3,0,0,0,0,10038,0,11,5,3,2,3,2,4,2,Travel_Rarely,No,2,3,0
EMP001207,29,Female,Divorced,1,Medical,Sales,Sales Representative,3,6,5,1,2,9571,0,15,4,4,3,2,4,3,2,Travel_Rarely,No,0,2,0
EMP001208,26,Female,Married,5,Marketing,Sales,Sales Representative,3,6,6,0,2,9827,1,6,13,1,3,3,2,3,3,Travel_Rarely,Yes,0,4,0
EMP001209,25,Male,Divorced,5,Life Sciences,HR,Manager,3,0,0,0,0,8711,1,13,17,3,4,4,3,2,3,Travel_Rarely,No,1,4,0
EMP001210,20,Female,Single,4,Life Sciences,R&D,Manager,1,2,2,2,0,2929,1,6,11,3,3,2,4,3,3,Travel_Frequently,Yes,2,4,0
EMP001211,31,Female,Single,4,Medical,IT,Data Scientist,1,3,3,0,1,3816,0,13,6,2,3,3,4,4,3,Travel_Rarely,No,0,2,1
EMP001212,18,Female,Single,3,Technical Degree,R&D,Laboratory Technician,1,1,0,0,0,3137,0,14,13,4,3,3,3,3,2,Travel_Rarely,Yes,1,1,1
EMP001213,28,Male,Married,2,Life Sciences,R&D,Research Director,3,8,0,0,0,11106,0,13,6,3,2,3,2,2,2,Travel_Rarely,Yes,0,4,0
EMP001214,26,Female,Single,4,Marketing,HR,Manager,2,6,1,1,0,6306,0,8,3,1,3,2,1,3,6,Travel_Rarely,Yes,0,3,0
EMP001215,27,Female,Single,4,Life Sciences,Sales,Sales Representative,1,1,1,1,0,2972,0,19,12,3,4,3,2,3,5,Travel_Rarely,Yes,2,4,1
EMP001216,32,Female,Single,4,Life Sciences,IT,Manager,2,2,2,0,2,5160,1,10,10,3,2,2,3,1,7,Travel_Rarely,No,1,4,0
EMP001217,26,Female,Married,4,Life Sciences,R&D,Laboratory Technician,2,1,1,0,1,6494,0,17,11,4,3,3,3,3,3,Non-Travel,Yes,1,3,0
EMP001218,31,Male,Single,3,Marketing,IT,Data Scientist,1,5,0,0,0,5351,0,11,15,2,3,2,2,4,4,Travel_Rarely,No,1,3,0
EMP001219,27,Female,Single,2,Marketing,Sales,Manager,2,5,1,1,1,6300,1,10,15,3,4,4,2,4,2,Non-Travel,No,2,3,0
EMP001220,25,Male,Married,4,Technical Degree,R&D,Laboratory Technician,1,0,0,0,0,2686,0,15,7,3,3,4,1,4,4,Travel_Rarely,No,1,3,0
EMP001221,28,Male,Single,3,Life Sciences,Operations,Operations Manager,3,6,0,0,0,7560,1,20,7,2,1,3,2,2,2,Travel_Rarely,No,0,3,0
EMP001222,32,Female,Married,4,Life Sciences,HR,Human Resources,2,1,0,0,0,4840,0,15,9,4,4,2,3,2,0,Travel_Rarely,No,2,4,0
EMP001223,31,Female,Married,3,Technical Degree,Marketing,Marketing Specialist,2,8,2,2,2,6643,1,9,9,2,2,3,3,2,3,Travel_Frequently,Yes,5,2,0
EMP001224,18,Male,Single,3,Life Sciences,IT,Manager,2,1,0,0,0,4813,0,17,16,3,3,3,4,4,1,Travel_Frequently,No,1,2,1
EMP001225,32,Male,Married,2,Life Sciences,Marketing,Marketing Specialist,3,7,0,0,0,7947,2,5,0,2,4,3,3,3,2,Travel_Rarely,Yes,5,1,0
EMP001226,30,Male,Single,4,Medical,R&D,Research Scientist,2,2,1,0,1,5683,0,22,16,4,4,1,4,3,1,Travel_Rarely,No,1,3,0
EMP001227,19,Male,Single,4,Technical Degree,Sales,Manager,1,1,0,0,0,3047,0,16,4,4,3,2,4,4,6,Non-Travel,No,0,1,0
EMP001228,34,Male,Married,3,Marketing,IT,Data Scientist,3,2,2,0,0,8099,1,8,14,3,3,3,4,3,2,Travel_Rarely,Yes,0,4,0
EMP001229,29,Male,Divorced,3,Life Sciences,IT,Manager,1,3,0,0,0,3763,0,8,8,4,3,4,1,3,6,Travel_Rarely,No,3,1,0
EMP001230,43,Male,Married,3,Marketing,HR,Human Resources,3,1,0,0,0,7816,0,15,39,1,3,4,1,2,2,Travel_Rarely,No,0,3,0
EMP001231,23,Female,Single,3,Technical Degree,HR,Human Resources,2,5,0,0,0,8717,0,5,6,4,2,3,4,1,0,Travel_Rarely,Yes,0,4,0
EMP001232,32,Female,Married,3,Medical,Marketing,Marketing Specialist,3,3,3,3,0,9292,0,16,2,4,2,4,2,3,5,Travel_Rarely,Yes,2,2,1
EMP001233,26,Male,Single,3,Life Sciences,Sales,Manager,1,0,0,0,0,2357,1,17,5,1,3,4,2,3,4,Travel_Frequently,No,1,4,0
EMP001234,38,Female,Married,3,Technical Degree,HR,Manager,3,20,0,0,0,12923,0,14,14,3,1,2,2,3,1,Travel_Rarely,Yes,1,3,0
EMP001235,28,Female,Single,3,Marketing,Sales,Sales Representative,2,3,0,0,0,6069,0,10,4,4,1,3,4,3,2,Travel_Rarely,No,0,2,0
EMP001236,42,Male,Married,2,Life Sciences,Sales,Manager,4,14,2,1,2,15458,2,23,2,3,1,2,3,3,1,Travel_Rarely,No,4,2,0
EMP001237,21,Male,Single,3,Technical Degree,R&D,Research Director,1,2,0,0,0,4041,0,8,34,4,1,2,1,3,4,Travel_Rarely,No,0,4,0
EMP001238,29,Male,Married,3,Medical,IT,Software Engineer,2,1,1,0,0,5532,1,13,10,3,1,3,4,4,3,Non-Travel,No,0,2,0
EMP001239,32,Male,Married,3,Technical Degree,IT,Software Engineer,1,6,2,0,0,3768,0,6,1,3,3,2,3,2,5,Travel_Frequently,No,0,3,0
EMP001240,33,Male,Single,5,Life Sciences,Operations,Operations Specialist,3,2,0,0,0,7286,0,12,5,4,3,3,3,3,3,Non-Travel,Yes,0,2,0
EMP001241,39,Female,Married,2,Life Sciences,Sales,Manager,3,10,0,0,0,9574,2,9,19,4,1,3,4,4,3,Travel_Rarely,No,0,4,0
EMP001242,30,Female,Married,4,Marketing,R&D,Laboratory Technician,3,3,1,0,1,9664,2,13,0,1,2,2,3,3,4,Travel_Frequently,Yes,0,2,0
EMP001243,20,Female,Single,2,Medical,Sales,Sales Executive,2,2,2,1,1,4781,0,18,16,2,3,1,3,2,4,Travel_Rarely,Yes,0,2,1
EMP001244,24,Male,Single,4,Medical,Sales,Sales Executive,1,6,1,1,0,3694,0,15,5,3,3,2,2,4,0,Travel_Rarely,No,0,3,0
EMP001245,21,Female,Single,5,Technical Degree,R&D,Laboratory Technician,1,3,0,0,0,4799,0,10,11,3,4,3,3,2,5,Non-Travel,No,1,3,0
EMP001246,44,Female,Married,3,Marketing,Sales,Sales Executive,3,1,1,1,1,8219,1,14,5,4,3,3,3,3,2,Travel_Frequently,No,0,4,0
EMP001247,27,Female,Married,4,Technical Degree,R&D,Manager,2,3,1,1,1,5131,0,9,11,2,1,3,2,3,3,Non-Travel,No,0,3,1
EMP001248,26,Male,Single,3,Life Sciences,Sales,Manager,2,0,0,0,0,2922,0,17,4,2,3,2,2,3,1,Travel_Frequently,No,4,3,1
EMP001249,31,Female,Single,2,Technical Degree,R&D,Research Scientist,2,0,0,0,0,4328,0,11,17,4,3,3,1,4,0,Non-Travel,Yes,0,3,0
EMP001250,32,Female,Married,3,Medical,Marketing,Marketing Specialist,1,9,1,0,1,4439,1,18,7,4,2,3,4,2,2,Travel_Rarely,No,0,3,0
EMP001251,28,Female,Divorced,3,Life Sciences,IT,Manager,3,10,1,1,0,9971,0,13,2,4,3,1,3,3,2,Travel_Rarely,Yes,1,4,0
EMP001252,31,Female,Single,3,Life Sciences,IT,Data Scientist,2,6,0,0,0,6059,0,5,17,1,4,4,2,3,2,Travel_Rarely,No,0,2,0
EMP001253,34,Male,Married,3,Life Sciences,IT,Data Scientist,2,16,4,2,0,8513,0,10,4,2,1,3,3,3,0,Travel_Frequently,No,1,3,0
EMP001254,23,Female,Single,3,Medical,R&D,Laboratory Technician,1,0,0,0,0,2427,0,8,7,3,2,3,3,4,4,Travel_Rarely,No,2,3,1
EMP001255,31,Male,Married,4,Medical,IT,Data Scientist,2,2,0,0,0,6432,1,11,9,4,1,3,2,3,4,Travel_Frequently,Yes,0,4,0
EMP001256,30,Female,Married,3,Human Resources,IT,Software Engineer,2,0,0,0,0,5898,0,13,14,3,3,3,3,3,1,Non-Travel,No,5,2,0
EMP001257,35,Male,Single,1,Other,Sales,Sales Executive,3,7,1,1,0,8300,1,5,15,2,3,2,3,3,1,Travel_Rarely,No,3,4,0
EMP001258,36,Male,Married,3,Technical Degree,Marketing,Marketing Manager,4,11,0,0,0,17511,2,17,9,3,1,3,3,3,6,Travel_Rarely,No,2,4,0
EMP001259,25,Female,Single,3,Marketing,R&D,Research Scientist,2,2,1,0,1,4432,0,19,17,4,1,2,2,3,3,Non-Travel,No,1,3,1
EMP001260,20,Female,Single,2,Technical Degree,Sales,Manager,2,2,2,2,1,4692,0,11,8,1,4,4,2,3,1,Non-Travel,Yes,1,3,0
EMP001261,28,Male,Single,2,Life Sciences,HR,Manager,3,9,2,0,0,8709,1,10,19,3,3,2,2,3,8,Travel_Frequently,No,0,1,0
EMP001262,32,Female,Married,3,Marketing,IT,Software Engineer,2,0,0,0,0,4527,1,14,2,4,3,2,1,4,2,Non-Travel,No,1,3,0
EMP001263,38,Female,Married,3,Medical,HR,Manager,3,2,2,0,2,7256,1,11,10,1,3,1,2,4,1,Travel_Rarely,No,1,2,0
EMP001264,22,Male,Single,5,Life Sciences,Sales,Manager,1,1,1,0,1,2995,1,13,11,3,2,3,3,3,2,Travel_Rarely,No,1,3,0
EMP001265,20,Male,Single,2,Life Sciences,R&D,Research Scientist,2,2,1,0,1,5946,1,17,12,2,2,3,4,3,3,Travel_Rarely,No,0,2,0
EMP001266,23,Female,Single,1,Marketing,R&D,Research Scientist,2,2,0,0,0,5177,1,13,9,1,3,2,2,4,2,Travel_Rarely,No,1,2,0
EMP001267,20,Male,Single,3,Life Sciences,Operations,Operations Manager,1,2,1,1,0,4834,0,11,6,3,3,3,3,4,5,Travel_Rarely,No,0,3,1
EMP001268,31,Male,Single,5,Technical Degree,IT,Software Engineer,2,10,0,0,0,8064,1,14,4,1,3,4,2,4,2,Travel_Rarely,No,1,2,0
EMP001269,29,Male,Married,4,Other,IT,Data Scientist,3,2,2,0,2,9944,2,12,13,4,2,3,3,3,2,Non-Travel,No,0,3,0
EMP001270,32,Male,Single,3,Life Sciences,Sales,Sales Representative,1,14,0,0,0,5378,0,12,17,4,2,4,4,3,4,Travel_Rarely,No,4,1,0
EMP001271,23,Female,Single,1,Medical,R&D,Laboratory Technician,1,2,1,0,1,3246,1,8,11,3,3,4,4,3,7,Travel_Rarely,No,1,1,0
EMP001272,34,Male,Single,3,Technical Degree,R&D,Laboratory Technician,1,1,0,0,0,2986,1,15,22,3,4,3,3,2,1,Travel_Rarely,Yes,0,4,0
EMP001273,24,Male,Single,3,Life Sciences,R&D,Research Scientist,2,3,3,2,0,4785,1,14,8,4,4,3,2,3,4,Travel_Frequently,No,5,4,0
EMP001274,29,Male,Married,4,Other,Sales,Sales Representative,2,2,1,1,1,6944,1,9,13,3,4,4,3,4,4,Non-Travel,Yes,1,2,0
EMP001275,43,Male,Married,4,Other,HR,Human Resources,2,0,0,0,0,5812,0,17,13,2,3,4,4,4,0,Travel_Rarely,No,1,2,0
EMP001276,23,Male,Single,3,Life Sciences,R&D,Manager,1,0,0,0,0,2914,0,16,13,2,3,2,3,1,1,Travel_Rarely,No,0,3,1
EMP001277,24,Female,Single,2,Life Sciences,HR,Human Resources,1,6,0,0,0,4388,0,15,17,3,2,3,4,4,4,Travel_Rarely,No,0,4,0
EMP001278,23,Female,Married,4,Human Resources,Sales,Sales Executive,1,5,0,0,0,4042,0,11,12,3,3,3,1,3,1,Travel_Rarely,No,0,4,0
EMP001279,25,Male,Single,4,Human Resources,R&D,Research Scientist,1,2,2,0,0,2959,0,8,3,3,2,3,3,1,4,Travel_Rarely,No,1,2,0
EMP001280,24,Male,Single,4,Medical,IT,Manager,1,0,0,0,0,3352,0,16,22,4,4,3,3,3,0,Travel_Rarely,Yes,0,3,1
EMP001281,25,Male,Married,3,Life Sciences,R&D,Research Director,3,6,1,0,1,9319,0,14,16,3,1,3,2,3,4,Travel_Rarely,Yes,0,4,0
EMP001282,26,Male,Married,4,Marketing,IT,Manager,1,8,0,0,0,4364,0,19,5,3,1,1,2,2,3,Non-Travel,Yes,4,4,1
EMP001283,31,Female,Single,2,Life Sciences,IT,Data Scientist,2,1,0,0,0,4331,1,11,6,4,2,1,2,4,4,Travel_Rarely,Yes,0,4,1
EMP001284,36,Male,Married,3,Other,Marketing,Marketing Manager,3,1,0,0,0,8913,0,15,11,2,1,4,3,1,1,Non-Travel,No,3,4,0
EMP001285,30,Male,Married,4,Technical Degree,Sales,Sales Executive,1,2,2,0,1,3366,0,14,9,3,1,3,3,4,4,Travel_Frequently,No,4,4,0
EMP001286,27,Female,Single,4,Marketing,R&D,Laboratory Technician,2,9,1,1,0,6156,0,14,13,1,2,2,3,4,3,Travel_Rarely,Yes,1,2,0
EMP001287,19,Male,Single,3,Life Sciences,R&D,Research Director,1,1,1,1,1,3742,1,11,3,3,2,2,4,3,3,Travel_Rarely,Yes,2,3,0
EMP001288,43,Female,Married,4,Technical Degree,Operations,Operations Specialist,3,5,2,0,0,9170,0,14,9,2,3,3,2,3,2,Travel_Rarely,No,1,2,0
EMP001289,29,Male,Divorced,4,Life Sciences,IT,Software Engineer,1,0,0,0,0,2208,0,10,7,4,3,3,3,3,0,Non-Travel,No,3,4,0
EMP001290,29,Male,Single,3,Life Sciences,R&D,Laboratory Technician,1,1,1,0,1,3862,1,11,6,2,1,3,3,1,3,Travel_Rarely,No,6,3,0
EMP001291,39,Female,Married,5,Marketing,Sales,Manager,3,1,1,0,1,6406,2,19,4,3,3,2,2,3,1,Travel_Rarely,No,0,1,0
EMP001292,25,Female,Married,3,Medical,R&D,Manager,1,0,0,0,0,2767,1,12,3,1,2,4,1,2,3,Travel_Frequently,No,0,1,0
EMP001293,27,Male,Single,4,Technical Degree,R&D,Laboratory Technician,1,0,0,0,0,3017,1,18,4,1,3,1,2,1,6,Travel_Rarely,No,2,1,0
EMP001294,35,Female,Married,3,Other,IT,Data Scientist,3,2,2,2,0,7001,0,12,5,2,2,3,1,2,5,Travel_Frequently,Yes,3,4,0
EMP001295,36,Female,Single,3,Medical,R&D,Research Scientist,3,4,2,2,2,8610,0,16,10,3,3,4,3,2,3,Travel_Rarely,No,3,2,1
EMP001296,28,Female,Single,4,Medical,R&D,Manager,2,1,0,0,0,6381,0,13,17,4,1,2,1,3,0,Non-Travel,No,2,2,0
EMP001297,29,Female,Single,3,Medical,Sales,Manager,2,2,0,0,0,6436,0,10,11,4,2,2,4,4,3,Travel_Frequently,No,0,3,0
EMP001298,40,Female,Married,1,Medical,Sales,Manager,2,7,2,0,2,7011,0,14,10,4,2,1,4,3,0,Travel_Rarely,Yes,3,4,0
EMP001299,26,Male,Married,5,Technical Degree,R&D,Research Scientist,2,1,0,0,0,5945,0,18,14,3,4,3,2,3,2,Travel_Rarely,Yes,1,4,0
EMP001300,27,Female,Single,4,Marketing,R&D,Manager,2,0,0,0,0,5841,0,18,23,3,3,4,3,2,2,Travel_Rarely,Yes,0,4,1
EMP001301,32,Male,Married,3,Other,HR,Human Resources,1,1,1,0,0,3621,1,13,9,3,4,3,4,4,4,Travel_Rarely,No,0,4,0
EMP001302,27,Male,Single,2,Technical Degree,IT,Data Scientist,1,9,1,0,0,4887,0,20,16,4,3,4,2,3,2,Travel_Rarely,No,0,1,0
EMP001303,27,Female,Married,4,Life Sciences,Sales,Sales Representative,2,0,0,0,0,4741,1,11,9,3,2,2,3,3,2,Travel_Frequently,No,0,3,1
EMP001304,32,Female,Married,2,Life Sciences,R&D,Laboratory Technician,2,0,0,0,0,4446,0,14,6,1,3,3,4,3,2,Non-Travel,No,0,1,0
EMP001305,34,Male,Single,3,Medical,Marketing,Marketing Specialist,3,0,0,0,0,7306,1,18,25,2,1,4,3,3,4,Travel_Rarely,Yes,2,2,1
EMP001306,23,Female,Single,2,Medical,R&D,Research Scientist,1,2,0,0,0,2499,1,13,5,1,4,4,3,4,0,Travel_Rarely,No,2,3,0
EMP001307,29,Male,Married,4,Medical,R&D,Research Director,3,5,3,2,1,9872,1,18,14,2,2,3,1,3,0,Travel_Rarely,Yes,0,2,0
EMP001308,37,Male,Married,1,Life Sciences,R&D,Research Scientist,2,12,2,2,0,7699,1,11,9,3,4,1,2,3,2,Travel_Rarely,No,1,3,0
EMP001309,32,Male,Single,4,Human Resources,R&D,Research Scientist,2,7,1,0,0,6494,1,15,9,3,4,2,3,2,4,Travel_Rarely,No,0,4,0
EMP001310,29,Male,Married,4,Life Sciences,Sales,Sales Executive,1,1,0,0,0,3037,0,11,3,3,2,3,2,3,7,Non-Travel,No,1,4,0
EMP001311,31,Male,Single,3,Technical Degree,Sales,Sales Executive,2,5,5,5,1,6301,0,8,14,3,1,4,3,1,3,Travel_Rarely,Yes,3,2,1
EMP001312,22,Female,Single,2,Life Sciences,Sales,Manager,1,4,3,0,0,3860,1,9,6,2,1,3,4,3,2,Non-Travel,No,1,2,0
EMP001313,27,Male,Married,2,Medical,IT,Data Scientist,3,0,0,0,0,7817,0,11,10,1,3,4,4,4,3,Travel_Rarely,No,1,4,0
EMP001314,24,Male,Single,3,Medical,R&D,Laboratory Technician,1,2,0,0,0,3751,0,7,4,3,4,3,3,4,2,Travel_Frequently,Yes,2,2,0
EMP001315,29,Female,Married,3,Medical,Operations,Operations Specialist,2,1,1,1,0,5155,1,14,13,2,4,3,2,4,1,Travel_Frequently,No,0,3,0
EMP001316,39,Female,Married,4,Medical,IT,Manager,3,0,0,0,0,8709,1,15,5,2,3,2,4,3,2,Travel_Rarely,Yes,1,2,0
EMP001317,23,Male,Single,1,Marketing,IT,Manager,1,0,0,0,0,3419,0,15,3,1,4,3,3,3,2,Travel_Rarely,No,0,4,0
EMP001318,28,Male,Single,4,Marketing,IT,Manager,1,0,0,0,0,2514,1,17,20,4,4,3,2,2,1,Travel_Rarely,No,0,2,0
EMP001319,24,Male,Married,4,Marketing,Sales,Sales Representative,1,6,0,0,0,4443,1,11,8,1,3,3,4,3,2,Travel_Rarely,No,0,3,0
EMP001320,23,Female,Single,3,Technical Degree,HR,Human Resources,1,2,0,0,0,2240,0,6,18,3,2,2,4,4,0,Travel_Rarely,No,1,4,0
EMP001321,31,Female,Single,3,Other,Operations,Operations Specialist,1,3,3,3,0,3954,1,10,2,3,3,2,3,3,2,Non-Travel,No,0,2,0
EMP001322,22,Female,Single,4,Technical Degree,Sales,Sales Representative,1,1,1,1,0,3627,0,16,1,1,3,3,1,3,2,Travel_Rarely,No,1,3,0
EMP001323,31,Male,Married,4,Life Sciences,R&D,Research Scientist,3,0,0,0,0,8983,2,15,47,4,3,3,3,4,3,Travel_Rarely,No,0,2,0
EMP001324,32,Female,Married,5,Human Resources,Sales,Manager,3,1,1,1,0,9414,1,11,11,3,4,3,3,3,3,Travel_Rarely,No,1,3,0
EMP001325,24,Male,Single,3,Other,HR,Human Resources,2,0,0,0,0,5897,0,11,1,3,4,1,1,2,1,Travel_Rarely,No,2,3,0
EMP001326,29,Male,Married,5,Technical Degree,Sales,Manager,3,7,2,0,2,9291,1,10,9,3,3,3,2,2,2,Non-Travel,Yes,3,3,1
EMP001327,44,Male,Married,2,Marketing,R&D,Research Director,3,11,0,0,0,10971,1,14,11,2,1,3,1,2,2,Non-Travel,Yes,0,3,0
EMP001328,19,Female,Single,3,Life Sciences,IT,Software Engineer,2,1,0,0,0,5893,0,13,6,2,3,2,4,3,5,Non-Travel,No,0,3,0
EMP001329,26,Female,Single,3,Technical Degree,Sales,Manager,1,8,0,0,0,4301,1,14,7,4,3,1,1,3,2,Travel_Rarely,No,1,4,0
EMP001330,41,Female,Married,3,Other,IT,Manager,3,2,0,0,0,6751,0,15,13,4,4,3,4,2,2,Travel_Rarely,No,5,2,0
EMP001331,31,Female,Single,4,Technical Degree,Sales,Manager,2,2,2,2,1,5789,0,14,7,4,3,3,1,3,5,Travel_Frequently,Yes,0,4,1
EMP001332,34,Male,Single,2,Marketing,Sales,Sales Representative,1,3,0,0,0,3942,0,13,0,2,2,3,1,2,1,Non-Travel,No,1,4,0
EMP001333,39,Male,Married,5,Life Sciences,R&D,Manager,4,8,2,1,1,15633,1,5,3,4,2,2,3,3,2,Travel_Rarely,Yes,0,4,0
EMP001334,36,Female,Married,4,Medical,IT,Data Scientist,2,13,0,0,0,7615,1,7,17,2,3,3,2,3,2,Non-Travel,No,0,4,0
EMP001335,31,Female,Married,5,Technical Degree,Marketing,Marketing Manager,2,6,0,0,0,6291,0,13,9,2,1,4,1,1,4,Travel_Rarely,No,1,3,0
EMP001336,33,Female,Single,1,Life Sciences,Sales,Sales Executive,3,10,0,0,0,10114,1,8,8,2,4,4,4,3,3,Travel_Frequently,No,2,3,0
EMP001337,23,Male,Married,4,Marketing,Sales,Sales Representative,1,5,2,0,2,3758,1,11,17,1,3,4,1,3,0,Non-Travel,No,0,4,0
EMP001338,27,Female,Single,3,Technical Degree,IT,Data Scientist,1,9,1,0,0,5160,0,17,7,1,2,4,1,4,2,Travel_Frequently,No,4,1,0
EMP001339,39,Male,Single,3,Medical,HR,Human Resources,3,4,0,0,0,9559,0,7,29,3,2,4,3,2,2,Travel_Rarely,No,2,4,1
EMP001340,39,Female,Single,4,Life Sciences,Sales,Sales Representative,2,7,1,0,1,6327,0,13,11,3,4,4,2,3,2,Travel_Rarely,Yes,2,2,0
EMP001341,29,Male,Single,3,Technical Degree,HR,Human Resources,1,6,1,1,0,4228,0,17,5,4,1,2,1,3,2,Travel_Rarely,No,0,3,0
EMP001342,28,Female,Single,3,Life Sciences,Marketing,Marketing Manager,2,6,5,0,3,6083,1,5,16,4,2,3,1,1,1,Travel_Frequently,No,1,4,0
EMP001343,23,Male,Single,4,Medical,Sales,Sales Executive,1,1,1,0,0,4072,0,12,14,2,2,3,4,3,3,Non-Travel,No,2,3,0
EMP001344,33,Female,Married,3,Technical Degree,Sales,Sales Executive,1,0,0,0,0,3267,0,12,1,1,3,3,3,4,5,Non-Travel,Yes,2,3,0
EMP001345,19,Female,Single,3,Technical Degree,R&D,Laboratory Technician,1,1,0,0,0,2573,0,16,7,2,2,4,2,1,3,Travel_Frequently,No,0,3,0
EMP001346,24,Male,Single,3,Other,IT,Data Scientist,2,3,0,0,0,5602,0,10,1,3,1,4,2,3,5,Travel_Rarely,No,0,4,0
EMP001347,31,Male,Married,3,Marketing,Sales,Sales Executive,2,7,1,0,0,6130,0,14,16,4,2,3,3,4,0,Non-Travel,No,2,3,0
EMP001348,30,Female,Single,4,Medical,IT,Data Scientist,3,0,0,0,0,8092,0,11,1,3,3,2,1,4,1,Travel_Rarely,Yes,0,2,1
EMP001349,28,Male,Married,1,Technical Degree,IT,Manager,1,10,0,0,0,4763,0,10,9,3,1,3,2,3,2,Travel_Frequently,No,1,3,0
EMP001350,27,Male,Married,4,Marketing,HR,Human Resources,2,6,1,1,1,6916,0,10,28,3,2,3,1,2,2,Non-Travel,No,1,3,0
EMP001351,20,Female,Married,4,Marketing,Sales,Manager,1,0,0,0,0,2953,0,14,27,2,3,3,3,2,2,Travel_Rarely,No,1,4,0
EMP001352,39,Female,Married,4,Medical,Operations,Operations Manager,3,4,4,0,0,8905,1,12,14,3,3,3,4,3,1,Travel_Rarely,No,0,4,0
EMP001353,24,Male,Single,5,Medical,R&D,Research Director,1,1,0,0,0,3322,0,12,1,3,1,4,4,2,2,Non-Travel,Yes,2,3,1
EMP001354,30,Female,Married,3,Medical,R&D,Manager,3,1,1,1,0,8321,0,15,10,1,4,2,3,3,2,Travel_Rarely,Yes,4,2,0
EMP001355,41,Female,Married,3,Medical,Operations,Operations Manager,3,11,0,0,0,8577,1,12,3,3,2,1,4,2,10,Travel_Frequently,Yes,0,3,1
EMP001356,35,Female,Married,2,Medical,Marketing,Marketing Specialist,2,9,1,1,0,6130,1,5,5,4,2,4,4,4,6,Travel_Rarely,No,7,4,0
EMP001357,42,Female,Married,3,Human Resources,R&D,Research Scientist,2,0,0,0,0,4369,0,15,6,4,4,4,1,3,2,Travel_Rarely,No,0,3,0
EMP001358,24,Female,Single,2,Medical,R&D,Research Scientist,1,1,0,0,0,3319,0,15,7,4,1,2,2,3,3,Travel_Rarely,No,5,1,0
EMP001359,26,Male,Divorced,4,Life Sciences,Sales,Sales Executive,3,6,0,0,0,8493,0,21,5,2,2,4,1,4,1,Travel_Rarely,No,1,3,1
EMP001360,37,Female,Single,4,Medical,Marketing,Marketing Specialist,3,9,0,0,0,8923,1,12,8,4,4,2,2,2,4,Travel_Rarely,No,1,3,0
EMP001361,28,Male,Single,3,Marketing,IT,Manager,2,6,0,0,0,6021,0,11,6,1,3,3,1,2,2,Travel_Frequently,No,3,2,0
EMP001362,23,Male,Single,3,Other,R&D,Manager,1,3,1,0,1,3843,0,17,18,2,3,3,3,4,2,Travel_Rarely,No,0,4,0
EMP001363,42,Female,Married,2,Technical Degree,IT,Software Engineer,3,20,2,0,0,11724,0,9,4,2,2,3,2,3,1,Travel_Rarely,No,0,2,0
EMP001364,25,Male,Single,5,Technical Degree,IT,Data Scientist,2,7,3,2,2,6452,0,8,13,2,3,3,2,3,5,Travel_Frequently,No,0,4,0
EMP001365,29,Female,Married,5,Other,Sales,Sales Executive,2,3,0,0,0,5456,1,10,5,4,4,4,4,1,0,Travel_Rarely,No,3,3,0
EMP001366,28,Female,Married,3,Other,HR,Manager,1,4,1,0,0,4950,0,14,6,3,4,3,4,1,3,Travel_Rarely,No,0,4,0
EMP001367,30,Male,Single,4,Life Sciences,R&D,Research Scientist,2,0,0,0,0,5019,0,20,2,3,2,1,2,3,2,Non-Travel,No,0,3,0
EMP001368,24,Male,Single,3,Medical,IT,Manager,1,6,4,0,1,4013,0,13,11,4,2,2,2,3,5,Non-Travel,Yes,1,3,0
EMP001369,19,Female,Single,3,Medical,Sales,Sales Representative,2,1,1,0,0,3380,1,14,20,4,2,4,3,3,1,Travel_Rarely,Yes,0,3,0
EMP001370,31,Female,Single,1,Medical,IT,Software Engineer,3,5,1,0,1,8874,0,9,9,3,2,1,3,2,2,Travel_Rarely,No,0,3,0
EMP001371,31,Female,Single,4,Technical Degree,R&D,Research Director,2,5,0,0,0,7210,0,5,16,1,2,4,2,4,2,Travel_Rarely,No,0,4,0
EMP001372,21,Female,Single,2,Medical,Sales,Manager,2,0,0,0,0,3925,1,10,11,4,2,4,4,2,1,Travel_Rarely,Yes,0,1,0
EMP001373,26,Male,Married,1,Marketing,Sales,Sales Representative,2,1,1,1,0,4607,0,14,16,3,3,1,1,3,1,Travel_Rarely,Yes,4,2,0
EMP001374,21,Male,Single,2,Medical,IT,Manager,1,3,3,1,3,4584,1,8,16,3,4,4,4,2,1,Travel_Rarely,No,2,3,0
EMP001375,34,Female,Married,3,Medical,Sales,Sales Representative,1,12,2,2,0,4756,0,12,8,3,1,3,4,4,5,Non-Travel,No,1,3,0
EMP001376,21,Male,Single,4,Medical,HR,Manager,1,3,3,2,2,3958,1,9,13,4,3,1,2,4,2,Travel_Rarely,No,2,4,0
EMP001377,32,Female,Married,3,Technical Degree,R&D,Research Director,3,4,0,0,0,8500,1,8,5,3,4,3,3,3,1,Travel_Rarely,No,3,4,0
EMP001378,33,Male,Married,5,Marketing,IT,Manager,2,1,1,1,0,4323,0,11,11,3,3,4,1,3,1,Non-Travel,Yes,0,3,0
EMP001379,28,Female,Married,3,Human Resources,R&D,Laboratory Technician,2,10,0,0,0,7430,0,9,6,3,3,3,4,1,4,Travel_Rarely,Yes,0,2,0
EMP001380,42,Female,Married,3,Technical Degree,R&D,Manager,2,2,2,2,1,3699,1,20,17,4,1,3,3,3,4,Travel_Frequently,Yes,0,3,0
EMP001381,18,Female,Single,3,Medical,Sales,Manager,1,0,0,0,0,3392,1,13,7,4,3,2,3,2,1,Travel_Rarely,No,0,3,0
EMP001382,34,Female,Single,3,Life Sciences,R&D,Laboratory Technician,2,0,0,0,0,4434,0,14,7,3,2,3,2,3,6,Travel_Rarely,No,1,2,0
EMP001383,31,Female,Married,2,Technical Degree,HR,Human Resources,1,13,0,0,0,5052,1,11,5,3,3,3,2,3,2,Travel_Rarely,No,2,3,0
EMP001384,37,Female,Married,3,Technical Degree,IT,Data Scientist,2,7,1,1,0,7392,1,15,6,3,3,1,3,3,3,Non-Travel,Yes,4,3,0
EMP001385,42,Female,Divorced,5,Medical,Sales,Manager,3,1,0,0,0,7948,1,15,14,3,1,3,3,3,2,Non-Travel,Yes,3,4,0
EMP001386,29,Female,Single,4,Life Sciences,IT,Manager,3,0,0,0,0,9043,1,14,3,4,2,2,3,4,0,Travel_Rarely,No,0,3,0
EMP001387,27,Female,Single,5,Marketing,Sales,Sales Executive,2,9,0,0,0,8051,0,11,7,1,4,4,1,2,5,Travel_Rarely,No,0,1,0
EMP001388,39,Female,Married,2,Life Sciences,Sales,Sales Executive,2,1,0,0,0,4466,0,13,7,3,3,3,1,3,1,Travel_Frequently,No,1,3,1
EMP001389,24,Male,Married,3,Other,R&D,Manager,1,3,1,0,0,2487,1,5,5,3,1,2,1,1,3,Travel_Rarely,No,7,4,0
EMP001390,34,Male,Single,3,Marketing,R&D,Laboratory Technician,2,4,4,0,4,6216,1,9,8,3,2,3,4,2,2,Travel_Rarely,No,1,4,0
EMP001391,31,Male,Married,4,Life Sciences,IT,Software Engineer,2,0,0,0,0,4810,1,20,24,4,4,4,1,4,3,Travel_Rarely,Yes,1,3,0
EMP001392,40,Male,Married,5,Life Sciences,Operations,Operations Manager,3,2,0,0,0,8988,0,17,8,2,3,3,3,2,4,Travel_Rarely,No,2,2,0
EMP001393,20,Male,Single,4,Technical Degree,Sales,Sales Representative,1,2,0,0,0,4173,0,7,3,3,4,4,4,3,4,Travel_Rarely,No,0,3,0
EMP001394,20,Male,Single,1,Technical Degree,HR,Manager,1,2,0,0,0,2543,0,8,2,2,2,4,3,4,1,Travel_Rarely,Yes,1,2,0
EMP001395,26,Female,Married,3,Marketing,Marketing,Marketing Manager,3,2,0,0,0,7693,2,19,13,3,4,3,1,3,4,Travel_Rarely,Yes,3,2,0
EMP001396,29,Female,Single,1,Marketing,Sales,Manager,3,7,0,0,0,9724,1,7,11,2,3,4,4,2,6,Travel_Frequently,No,0,3,0
EMP001397,33,Male,Married,1,Marketing,R&D,Laboratory Technician,1,9,0,0,0,4835,0,5,6,2,4,4,1,4,1,Non-Travel,No,0,3,0
EMP001398,23,Male,Married,2,Medical,Sales,Sales Executive,1,0,0,0,0,2799,0,12,4,1,4,3,3,3,3,Travel_Frequently,Yes,0,3,1
EMP001399,19,Female,Married,3,Other,HR,Manager,2,1,0,0,0,6132,0,14,0,3,4,1,4,3,3,Travel_Rarely,No,0,3,0
EMP001400,46,Female,Married,3,Medical,IT,Manager,5,2,2,0,1,10783,3,14,12,4,4,4,3,3,3,Non-Travel,No,6,4,0
EMP001401,26,Female,Married,3,Life Sciences,IT,Software Engineer,2,3,0,0,0,4404,1,7,19,1,3,1,2,3,1,Travel_Rarely,No,0,3,0
EMP001402,36,Female,Married,3,Medical,R&D,Laboratory Technician,2,3,1,1,1,6106,0,15,9,4,4,4,1,3,3,Travel_Rarely,No,5,2,0
EMP001403,22,Female,Married,4,Life Sciences,IT,Software Engineer,2,3,3,1,2,5249,1,9,9,4,3,3,4,2,2,Non-Travel,No,1,3,0
EMP001404,27,Male,Single,2,Medical,Sales,Sales Representative,1,3,1,1,0,3972,0,11,3,3,2,1,2,2,2,Travel_Rarely,No,8,3,1
EMP001405,21,Male,Single,2,Marketing,Operations,Operations Specialist,1,0,0,0,0,3735,1,19,17,3,3,2,1,4,6,Travel_Rarely,No,1,2,0
EMP001406,43,Female,Single,4,Life Sciences,Sales,Sales Representative,2,0,0,0,0,3857,0,20,13,4,3,2,2,3,2,Travel_Rarely,No,3,4,0
EMP001407,25,Male,Single,4,Other,Sales,Manager,2,4,2,0,2,5507,0,14,9,4,3,4,3,4,3,Travel_Frequently,No,0,3,0
EMP001408,20,Female,Single,2,Marketing,Operations,Operations Specialist,1,2,2,0,0,2828,1,13,25,1,3,1,3,2,2,Travel_Rarely,No,0,4,1
EMP001409,39,Female,Married,5,Life Sciences,IT,Manager,2,6,0,0,0,6706,0,5,9,4,2,2,2,3,3,Travel_Frequently,Yes,2,2,1
EMP001410,26,Female,Married,3,Medical,IT,Data Scientist,2,1,0,0,0,4493,0,19,1,1,3,3,2,4,3,Travel_Rarely,No,4,3,0
EMP001411,41,Male,Married,3,Medical,Sales,Manager,2,2,1,1,1,6519,0,12,16,3,2,2,3,3,1,Travel_Rarely,No,0,2,0
EMP001412,31,Male,Single,3,Life Sciences,IT,Software Engineer,2,2,1,1,0,4911,1,12,5,3,3,2,4,1,5,Travel_Rarely,No,1,3,0
EMP001413,29,Female,Married,3,Life Sciences,HR,Manager,1,7,1,1,1,4071,0,11,1,4,3,2,2,4,0,Non-Travel,No,2,4,0
EMP001414,34,Female,Single,4,Life Sciences,IT,Software Engineer,1,16,2,2,1,6611,0,11,2,1,2,2,4,3,2,Travel_Rarely,No,2,4,0
EMP001415,24,Male,Single,3,Medical,Operations,Operations Specialist,2,2,2,0,0,5390,0,5,5,3,3,3,1,2,2,Non-Travel,No,0,4,0
EMP001416,25,Female,Married,3,Life Sciences,Sales,Sales Representative,2,0,0,0,0,5640,0,12,13,4,1,1,1,4,1,Travel_Frequently,No,4,4,0
EMP001417,30,Female,Married,5,Life Sciences,R&D,Manager,3,12,1,0,0,8876,1,10,3,3,3,3,2,2,0,Travel_Rarely,No,0,3,0
EMP001418,34,Female,Single,3,Other,IT,Data Scientist,2,6,0,0,0,6165,0,8,15,4,4,3,2,2,3,Travel_Rarely,No,0,2,0
EMP001419,29,Female,Married,4,Life Sciences,R&D,Manager,3,8,1,0,0,11169,0,10,6,4,2,2,3,1,1,Travel_Rarely,Yes,0,4,0
EMP001420,19,Female,Single,3,Marketing,Sales,Manager,2,1,0,0,0,5183,0,11,6,2,2,2,2,1,5,Travel_Rarely,No,1,2,1
EMP001421,30,Male,Married,3,Life Sciences,Sales,Manager,3,5,0,0,0,7166,0,11,9,4,4,4,1,2,3,Non-Travel,Yes,1,3,0
EMP001422,26,Male,Single,3,Life Sciences,HR,Manager,2,1,0,0,0,6505,1,14,17,3,2,4,3,3,2,Travel_Rarely,No,5,4,0
EMP001423,29,Female,Married,4,Technical Degree,R&D,Research Scientist,2,0,0,0,0,4089,1,15,14,4,2,3,2,4,3,Travel_Frequently,Yes,0,2,1
EMP001424,27,Female,Single,4,Life Sciences,Sales,Sales Executive,1,0,0,0,0,2642,0,20,8,2,4,2,3,3,0,Non-Travel,No,0,3,0
EMP001425,27,Male,Single,1,Life Sciences,R&D,Laboratory Technician,3,9,5,0,0,8174,1,14,14,2,1,3,4,2,3,Travel_Frequently,No,0,2,0
EMP001426,29,Female,Single,2,Marketing,Sales,Sales Executive,2,1,1,0,1,5966,1,13,12,3,4,4,1,4,1,Travel_Rarely,Yes,5,2,0
EMP001427,36,Male,Divorced,5,Life Sciences,Sales,Sales Representative,4,4,0,0,0,17976,2,17,7,4,2,3,3,4,2,Travel_Rarely,No,0,2,0
EMP001428,22,Male,Single,5,Medical,Sales,Sales Representative,1,4,4,0,2,3712,1,8,21,4,2,2,4,3,5,Travel_Rarely,No,2,1,1
EMP001429,26,Female,Married,3,Life Sciences,Marketing,Marketing Specialist,2,0,0,0,0,6496,0,16,35,1,4,1,2,3,3,Travel_Rarely,No,4,4,0
EMP001430,22,Male,Single,3,Medical,Sales,Manager,1,4,4,0,1,4785,1,15,2,3,1,3,3,3,1,Travel_Frequently,Yes,2,4,1
EMP001431,26,Male,Married,4,Life Sciences,IT,Software Engineer,2,4,4,0,0,5882,1,5,6,3,1,2,4,3,0,Travel_Rarely,Yes,1,1,0
EMP001432,29,Male,Married,2,Human Resources,IT,Manager,1,1,0,0,0,3110,0,14,3,4,1,3,3,2,3,Travel_Rarely,No,7,3,0
EMP001433,22,Female,Single,4,Marketing,HR,Manager,1,2,0,0,0,3237,0,10,10,2,3,1,2,2,2,Travel_Rarely,No,0,2,1
EMP001434,30,Male,Married,3,Marketing,Sales,Sales Representative,2,0,0,0,0,5119,0,16,9,2,4,3,1,3,3,Travel_Frequently,No,0,2,0
EMP001435,30,Male,Single,4,Technical Degree,Marketing,Marketing Manager,3,1,0,0,0,10524,1,14,5,3,2,2,2,3,2,Travel_Frequently,No,2,1,0
EMP001436,23,Male,Single,1,Technical Degree,R&D,Manager,1,2,2,0,2,3478,0,9,5,3,2,2,3,3,2,Travel_Rarely,Yes,1,2,1
EMP001437,26,Male,Married,4,Marketing,Sales,Sales Executive,2,6,2,2,2,6008,0,6,8,4,3,4,2,2,2,Travel_Frequently,Yes,3,3,1
EMP001438,19,Male,Single,4,Technical Degree,R&D,Manager,1,1,0,0,0,3187,0,17,8,3,2,1,2,3,1,Travel_Rarely,No,1,4,1
EMP001439,23,Male,Single,4,Medical,Sales,Manager,2,4,4,1,0,6164,0,9,11,3,2,1,3,3,6,Travel_Rarely,No,1,3,1
EMP001440,25,Male,Married,4,Medical,R&D,Research Director,2,6,1,1,1,5854,1,7,3,2,4,1,4,3,1,Non-Travel,No,3,4,0
EMP001441,25,Female,Single,5,Technical Degree,R&D,Manager,1,5,3,1,0,3869,0,10,6,3,3,2,2,3,1,Non-Travel,No,8,1,0
EMP001442,20,Male,Married,5,Other,R&D,Research Scientist,1,2,2,2,2,3110,0,12,9,2,4,4,2,4,4,Travel_Rarely,Yes,1,3,1
EMP001443,22,Male,Married,3,Life Sciences,IT,Data Scientist,1,4,2,1,1,3347,0,10,8,3,4,2,3,3,0,Non-Travel,No,1,1,0
EMP001444,26,Male,Single,2,Marketing,Operations,Operations Specialist,2,6,1,1,1,6632,1,6,3,1,2,3,1,3,6,Travel_Rarely,No,0,2,0
EMP001445,38,Male,Single,4,Technical Degree,R&D,Manager,4,2,1,0,0,10642,1,11,3,2,1,3,2,2,2,Non-Travel,No,1,1,0
EMP001446,34,Female,Married,5,Life Sciences,R&D,Research Scientist,1,2,0,0,0,3371,0,6,9,4,3,4,2,2,2,Travel_Rarely,No,1,3,0
EMP001447,28,Male,Married,2,Other,IT,Software Engineer,1,10,0,0,0,4849,0,8,11,1,2,2,3,4,1,Travel_Rarely,No,0,3,1
EMP001448,32,Male,Single,4,Marketing,R&D,Research Director,2,5,5,0,2,6678,0,8,6,2,3,2,3,3,1,Non-Travel,No,6,2,0
EMP001449,39,Male,Married,2,Marketing,R&D,Laboratory Technician,4,3,3,3,3,12057,2,17,3,2,1,2,1,2,0,Travel_Rarely,Yes,0,3,0
EMP001450,21,Female,Single,1,Life Sciences,IT,Data Scientist,1,3,2,0,0,3861,1,13,4,3,3,2,2,2,3,Non-Travel,No,2,3,0
EMP001451,39,Male,Married,4,Life Sciences,Marketing,Marketing Specialist,2,0,0,0,0,3797,0,14,9,3,3,2,3,2,6,Travel_Rarely,No,0,2,0
EMP001452,33,Female,Single,4,Life Sciences,HR,Manager,2,4,0,0,0,6696,0,13,6,1,3,3,2,2,2,Travel_Frequently,No,2,2,1
EMP001453,36,Male,Married,4,Life Sciences,Sales,Manager,3,9,0,0,0,10467,1,14,2,3,2,3,3,1,2,Travel_Frequently,No,1,3,0
EMP001454,22,Male,Single,5,Medical,R&D,Research Director,1,3,1,0,0,4180,1,5,15,3,4,2,4,3,4,Travel_Rarely,Yes,0,2,0
EMP001455,25,Female,Single,2,Technical Degree,R&D,Research Scientist,3,0,0,0,0,8340,1,14,29,4,4,2,4,3,3,Travel_Frequently,No,0,3,0
EMP001456,35,Female,Married,2,Marketing,R&D,Research Scientist,2,2,2,1,2,5580,1,9,5,2,2,2,4,2,8,Travel_Rarely,No,6,4,0
EMP001457,28,Female,Single,5,Life Sciences,R&D,Research Director,2,1,0,0,0,4844,0,12,4,1,3,3,1,3,3,Travel_Rarely,No,1,1,1
EMP001458,27,Male,Married,3,Life Sciences,R&D,Research Scientist,3,2,0,0,0,8693,0,8,21,2,3,3,3,1,5,Travel_Rarely,No,3,3,1
EMP001459,39,Female,Single,3,Marketing,R&D,Research Director,3,1,1,0,1,6852,0,8,2,3,2,4,4,3,1,Non-Travel,No,4,4,0
EMP001460,27,Male,Single,4,Medical,Sales,Sales Executive,1,2,1,0,1,3036,0,9,11,3,1,3,4,3,6,Travel_Frequently,No,0,2,1
EMP001461,30,Female,Single,5,Human Resources,Marketing,Marketing Specialist,1,8,2,2,1,4292,1,12,14,2,3,3,1,3,4,Travel_Frequently,No,2,3,0
EMP001462,38,Female,Single,4,Technical Degree,Marketing,Marketing Specialist,3,7,1,0,1,8991,0,11,14,3,3,2,4,3,2,Travel_Rarely,No,1,2,0
EMP001463,40,Male,Married,4,Technical Degree,IT,Manager,2,3,3,0,0,3642,0,8,4,3,2,2,3,3,1,Travel_Frequently,No,0,3,0
EMP001464,23,Female,Single,3,Life Sciences,R&D,Research Scientist,2,5,1,1,0,5136,0,12,11,2,1,4,4,3,2,Travel_Rarely,Yes,1,2,0
EMP001465,27,Female,Single,3,Technical Degree,R&D,Research Director,3,9,0,0,0,7944,0,13,4,4,4,3,3,4,6,Travel_Rarely,No,5,4,0
EMP001466,33,Male,Single,5,Life Sciences,IT,Manager,1,2,0,0,0,4097,1,10,22,3,3,2,3,3,3,Travel_Rarely,Yes,1,3,0
EMP001467,41,Female,Married,4,Marketing,HR,Human Resources,4,19,2,0,1,13817,2,12,1,3,3,3,2,1,2,Travel_Rarely,No,0,2,0
EMP001468,23,Female,Single,3,Medical,HR,Human Resources,1,1,1,1,1,2767,0,15,4,3,1,1,1,2,6,Non-Travel,Yes,1,3,0
EMP001469,34,Male,Single,3,Marketing,Sales,Manager,2,15,1,0,0,7905,0,9,3,1,3,4,3,3,3,Travel_Rarely,No,1,4,0
EMP001470,27,Female,Married,4,Life Sciences,HR,Human Resources,1,9,7,3,7,4882,0,13,6,4,1,3,2,2,2,Travel_Rarely,No,0,4,0
EMP001471,38,Male,Married,3,Medical,Marketing,Marketing Manager,2,1,1,1,1,5497,0,11,4,2,3,4,2,3,3,Travel_Rarely,No,1,4,0
EMP001472,23,Female,Married,4,Life Sciences,Sales,Sales Representative,1,2,0,0,0,3110,0,6,7,1,2,2,3,3,0,Travel_Rarely,No,1,2,0
EMP001473,39,Female,Married,1,Life Sciences,R&D,Laboratory Technician,3,6,1,1,1,8986,1,11,11,4,2,2,3,3,2,Travel_Rarely,Yes,0,4,0
EMP001474,33,Male,Single,3,Technical Degree,R&D,Laboratory Technician,2,1,1,1,1,6311,1,18,4,3,3,3,3,3,1,Travel_Frequently,No,9,3,0
EMP001475,26,Male,Married,4,Human Resources,IT,Manager,2,4,0,0,0,5732,0,11,6,1,2,3,3,3,3,Travel_Frequently,Yes,0,3,1
EMP001476,20,Female,Single,2,Technical Degree,Sales,Sales Representative,1,2,0,0,0,3445,1,11,3,4,2,4,2,3,4,Travel_Frequently,No,1,3,0
EMP001477,31,Male,Single,3,Medical,Marketing,Marketing Manager,3,1,1,1,1,9284,0,10,21,4,3,3,2,4,5,Travel_Rarely,Yes,5,4,1
EMP001478,28,Male,Married,5,Life Sciences,Sales,Sales Executive,3,1,1,0,1,9133,2,17,4,3,3,3,3,3,3,Non-Travel,No,0,4,0
EMP001479,19,Male,Single,4,Life Sciences,Marketing,Marketing Specialist,1,1,0,0,0,2385,1,17,13,1,3,2,2,4,5,Travel_Frequently,Yes,0,3,0
EMP001480,39,Female,Single,3,Life Sciences,Sales,Sales Executive,2,1,0,0,0,5479,0,10,9,3,2,4,4,3,4,Travel_Rarely,Yes,1,2,0
EMP001481,26,Female,Single,3,Human Resources,Sales,Sales Representative,1,0,0,0,0,3007,0,18,2,3,2,2,3,1,2,Non-Travel,Yes,3,3,0
EMP001482,38,Male,Married,3,Medical,IT,Data Scientist,3,7,0,0,0,11423,0,9,8,2,2,2,3,3,1,Non-Travel,No,2,4,0
EMP001483,32,Female,Married,4,Technical Degree,Marketing,Marketing Manager,2,4,3,0,1,4984,1,12,0,2,4,2,3,2,4,Travel_Rarely,Yes,1,3,0
EMP001484,39,Male,Married,2,Technical Degree,Operations,Operations Specialist,3,2,1,0,1,7294,1,18,5,1,3,3,3,1,2,Travel_Rarely,No,1,2,0
EMP001485,18,Female,Single,3,Marketing,Sales,Sales Executive,2,0,0,0,0,4685,0,11,7,3,1,1,3,3,4,Travel_Frequently,Yes,1,3,0
EMP001486,30,Female,Married,3,Other,R&D,Research Director,2,4,3,1,3,6386,0,11,2,2,3,4,3,2,1,Travel_Rarely,Yes,0,3,0
EMP001487,44,Male,Married,3,Life Sciences,Sales,Sales Executive,4,4,4,1,3,14877,2,8,18,2,1,4,1,3,2,Non-Travel,No,3,3,1
EMP001488,23,Male,Single,2,Medical,Sales,Manager,1,3,1,1,0,3457,0,5,1,3,2,4,4,3,1,Travel_Rarely,No,0,3,0
EMP001489,29,Male,Single,2,Other,Sales,Manager,2,2,2,2,1,5870,0,9,3,2,4,4,4,4,4,Travel_Rarely,No,1,3,0
EMP001490,21,Male,Single,5,Marketing,Sales,Sales Executive,2,3,0,0,0,5136,0,6,10,3,4,1,3,2,0,Travel_Rarely,No,0,3,1
EMP001491,43,Female,Married,5,Life Sciences,Marketing,Marketing Specialist,3,6,0,0,0,9148,2,11,2,3,4,3,4,3,2,Travel_Frequently,Yes,0,3,0
EMP001492,26,Male,Single,3,Life Sciences,Sales,Sales Representative,3,2,0,0,0,8972,2,16,6,2,3,2,2,3,3,Travel_Rarely,No,2,3,0
EMP001493,30,Female,Single,4,Technical Degree,HR,Manager,2,4,0,0,0,7231,1,11,17,4,3,2,1,3,3,Non-Travel,No,0,3,0
EMP001494,28,Female,Married,4,Life Sciences,HR,Human Resources,3,1,1,0,1,9421,0,11,2,1,2,1,2,3,2,Non-Travel,No,2,4,0
EMP001495,34,Female,Single,2,Other,Sales,Sales Representative,2,0,0,0,0,5873,0,11,2,3,4,1,3,2,6,Travel_Rarely,Yes,0,4,0
EMP001496,24,Male,Married,3,Life Sciences,Operations,Operations Specialist,1,6,1,0,1,4067,0,13,5,3,3,3,4,1,0,Travel_Frequently,No,4,3,0
EMP001497,28,Female,Single,3,Marketing,R&D,Research Director,1,8,0,0,0,3821,1,16,27,3,3,1,3,2,4,Travel_Rarely,No,0,4,0
EMP001498,28,Female,Married,4,Marketing,Marketing,Marketing Manager,2,5,0,0,0,7718,0,13,2,2,2,3,2,3,4,Travel_Rarely,Yes,2,2,0
EMP001499,20,Female,Single,4,Marketing,Operations,Operations Specialist,1,2,1,1,1,2661,1,5,12,2,2,2,3,2,1,Travel_Rarely,Yes,1,3,1
EMP001500,19,Female,Single,5,Medical,Operations,Operations Specialist,1,1,1,1,0,3009,1,11,3,1,2,4,1,3,2,Travel_Frequently,No,1,2,0
EMP001501,31,Male,Single,4,Other,IT,Manager,1,9,3,0,3,4721,0,13,4,3,3,3,1,3,1,Travel_Frequently,Yes,1,4,1
EMP001502,19,Male,Single,5,Technical Degree,R&D,Manager,1,1,1,0,1,3770,1,22,7,2,3,3,1,3,3,Travel_Rarely,No,0,2,0
EMP001503,27,Female,Married,5,Technical Degree,Sales,Sales Representative,1,8,0,0,0,5119,0,5,4,3,2,3,2,1,1,Travel_Frequently,No,2,1,0
EMP001504,23,Female,Married,4,Life Sciences,HR,Manager,2,5,0,0,0,5537,0,15,9,4,2,3,3,3,3,Travel_Rarely,No,2,3,0
EMP001505,29,Female,Married,3,Life Sciences,R&D,Laboratory Technician,2,3,2,0,0,5746,0,8,10,2,1,3,3,4,2,Travel_Rarely,Yes,0,1,1
EMP001506,34,Male,Married,3,Life Sciences,IT,Data Scientist,2,6,0,0,0,5656,0,10,32,3,2,2,3,3,2,Non-Travel,Yes,3,3,0
EMP001507,34,Female,Single,4,Life Sciences,IT,Manager,1,2,2,0,1,3042,1,11,7,2,3,2,3,3,4,Travel_Rarely,Yes,2,3,0
EMP001508,30,Male,Married,4,Technical Degree,R&D,Laboratory Technician,2,9,2,2,1,7330,0,15,9,3,2,4,1,3,1,Non-Travel,No,4,4,0
EMP001509,30,Male,Divorced,3,Medical,Sales,Manager,1,9,1,0,1,4154,1,13,1,4,3,4,3,3,2,Travel_Rarely,No,4,3,0
EMP001510,35,Male,Married,4,Technical Degree,Sales,Sales Executive,3,0,0,0,0,8266,1,13,17,4,3,2,3,4,4,Non-Travel,No,0,3,0
EMP001511,30,Male,Married,5,Life Sciences,HR,Human Resources,1,2,2,1,2,3110,0,9,25,3,1,1,3,3,4,Non-Travel,Yes,0,4,0
EMP001512,25,Male,Married,4,Medical,Sales,Sales Executive,1,0,0,0,0,2022,1,15,7,2,3,3,4,4,3,Non-Travel,No,4,4,0
EMP001513,19,Female,Single,3,Other,IT,Data Scientist,1,0,0,0,0,2901,0,14,21,4,4,1,2,4,2,Travel_Rarely,No,1,4,0
EMP001514,37,Female,Married,4,Other,IT,Manager,3,2,0,0,0,9565,0,8,6,4,2,3,2,3,1,Travel_Rarely,Yes,0,3,1
EMP001515,44,Female,Married,1,Other,Sales,Sales Representative,4,4,1,1,1,13287,3,15,13,2,2,2,4,3,3,Travel_Frequently,Yes,2,4,0
EMP001516,25,Female,Married,2,Technical Degree,HR,Manager,1,2,1,1,1,2859,1,19,15,2,4,3,2,3,3,Travel_Rarely,Yes,0,4,0
EMP001517,26,Male,Married,4,Technical Degree,HR,Human Resources,2,1,1,1,1,5315,0,16,9,1,2,3,4,3,1,Travel_Frequently,No,1,2,0
EMP001518,19,Female,Married,4,Other,R&D,Research Scientist,1,0,0,0,0,2221,0,15,6,4,2,1,1,4,2,Travel_Rarely,No,1,3,0
EMP001519,26,Female,Married,3,Technical Degree,Operations,Operations Specialist,2,2,0,0,0,7016,1,16,3,1,2,4,1,3,3,Non-Travel,Yes,6,3,0
EMP001520,28,Female,Single,5,Human Resources,Sales,Sales Representative,2,3,1,1,1,5700,0,13,5,2,3,1,3,3,3,Travel_Frequently,No,0,3,0
EMP001521,23,Female,Single,3,Life Sciences,R&D,Laboratory Technician,1,2,2,1,0,3684,0,9,3,4,3,4,2,3,3,Travel_Rarely,Yes,0,3,1
EMP001522,23,Male,Married,4,Other,Marketing,Marketing Manager,1,5,0,0,0,4645,0,19,13,3,2,3,2,2,3,Travel_Rarely,No,1,2,0
EMP001523,28,Male,Married,4,Marketing,R&D,Laboratory Technician,3,1,0,0,0,8389,1,15,24,3,2,3,1,3,5,Travel_Frequently,Yes,0,3,1
EMP001524,27,Male,Married,2,Life Sciences,R&D,Research Scientist,2,6,0,0,0,6306,0,12,28,2,4,4,3,3,2,Travel_Rarely,No,9,2,0
EMP001525,23,Female,Married,3,Life Sciences,IT,Software Engineer,1,5,1,0,1,3603,0,15,26,1,1,1,1,2,3,Non-Travel,No,0,3,0
EMP001526,37,Male,Married,5,Other,IT,Manager,3,4,1,1,1,6276,0,14,12,1,2,2,4,3,2,Non-Travel,No,1,2,0
EMP001527,18,Female,Single,2,Marketing,Sales,Sales Representative,1,1,1,0,1,2873,0,12,16,3,2,3,3,3,1,Travel_Rarely,No,1,4,0
EMP001528,36,Male,Married,2,Human Resources,R&D,Research Director,3,0,0,0,0,8172,0,16,20,4,4,3,3,3,1,Non-Travel,Yes,0,3,0
EMP001529,23,Female,Single,3,Life Sciences,R&D,Manager,1,5,3,1,1,4040,1,12,3,3,4,3,3,3,4,Travel_Rarely,Yes,0,4,0
EMP001530,27,Male,Married,2,Medical,HR,Manager,2,6,4,0,1,6398,0,14,19,4,1,4,3,3,2,Non-Travel,No,2,3,0
EMP001531,31,Male,Married,5,Medical,HR,Manager,2,1,1,1,1,4290,1,16,26,2,4,3,2,3,1,Travel_Frequently,Yes,4,2,1
EMP001532,29,Male,Married,2,Marketing,IT,Software Engineer,3,0,0,0,0,7180,0,13,4,3,4,3,3,3,2,Travel_Rarely,No,0,3,0
EMP001533,26,Female,Single,4,Marketing,IT,Data Scientist,3,0,0,0,0,9111,2,17,24,2,4,3,4,3,2,Travel_Frequently,No,3,4,1
EMP001534,25,Male,Married,3,Technical Degree,R&D,Laboratory Technician,3,1,0,0,0,8432,0,13,4,2,4,3,3,2,3,Travel_Rarely,Yes,4,4,0
EMP001535,27,Female,Married,4,Life Sciences,Sales,Sales Executive,1,6,1,1,0,3574,1,12,14,3,4,2,4,4,4,Non-Travel,Yes,7,2,1
EMP001536,35,Male,Married,4,Life Sciences,R&D,Research Scientist,3,4,0,0,0,10164,2,12,5,4,2,1,2,3,3,Travel_Rarely,No,2,3,0
EMP001537,31,Female,Married,3,Life Sciences,Sales,Sales Executive,2,13,0,0,0,8801,1,9,10,4,4,3,3,3,2,Travel_Rarely,Yes,1,3,0
EMP001538,22,Male,Married,5,Other,IT,Data Scientist,1,1,1,0,1,2768,0,20,45,4,3,3,2,3,5,Travel_Frequently,No,2,3,0
EMP001539,40,Female,Married,2,Medical,HR,Human Resources,3,7,1,0,0,9352,0,8,4,2,3,4,4,2,0,Travel_Frequently,No,1,1,0
EMP001540,21,Male,Single,4,Medical,Sales,Sales Representative,2,0,0,0,0,4832,0,8,3,1,1,3,3,3,4,Travel_Rarely,No,1,2,0
EMP001541,37,Female,Married,5,Medical,Marketing,Marketing Manager,3,4,3,3,0,7439,0,15,11,2,3,3,3,4,4,Travel_Frequently,No,4,3,0
EMP001542,32,Male,Single,4,Technical Degree,R&D,Laboratory Technician,1,3,3,2,0,3584,0,10,11,4,2,3,1,3,5,Travel_Rarely,No,2,4,0
EMP001543,21,Female,Single,4,Life Sciences,Sales,Sales Representative,1,3,1,0,1,3769,0,17,19,1,2,4,4,3,0,Travel_Rarely,No,1,2,0
EMP001544,36,Female,Single,1,Life Sciences,Sales,Sales Representative,3,6,4,1,0,9457,1,10,6,3,3,4,4,4,3,Travel_Rarely,Yes,2,2,0
EMP001545,32,Male,Married,1,Technical Degree,R&D,Manager,2,1,1,1,1,6704,0,14,3,4,3,3,3,3,5,Travel_Frequently,No,3,3,0
EMP001546,31,Male,Single,1,Human Resources,R&D,Laboratory Technician,3,13,0,0,0,9416,1,22,4,3,1,3,4,4,5,Travel_Rarely,No,0,3,0
EMP001547,23,Female,Single,5,Marketing,Marketing,Marketing Manager,1,5,1,0,1,3490,1,11,9,1,3,3,4,3,1,Travel_Rarely,Yes,2,3,0
EMP001548,28,Female,Single,5,Life Sciences,R&D,Manager,2,2,2,0,0,6218,0,12,10,3,2,2,4,4,2,Travel_Rarely,Yes,4,4,1
EMP001549,24,Male,Married,3,Marketing,Marketing,Marketing Specialist,1,6,2,2,2,4633,0,16,7,3,4,2,3,4,1,Travel_Rarely,Yes,2,4,0
EMP001550,30,Male,Married,3,Human Resources,Sales,Sales Executive,1,12,3,2,2,4435,1,12,6,3,4,4,1,2,0,Non-Travel,No,0,4,0
EMP001551,22,Male,Married,2,Marketing,IT,Software Engineer,2,4,2,0,2,5142,1,11,6,3,1,4,1,3,2,Travel_Rarely,No,1,2,0
EMP001552,41,Male,Married,3,Medical,Marketing,Marketing Specialist,3,4,0,0,0,6651,2,10,1,3,4,3,4,3,1,Travel_Rarely,No,3,3,0
EMP001553,29,Male,Married,3,Medical,R&D,Research Director,2,4,0,0,0,6553,0,8,10,2,3,4,2,2,0,Non-Travel,No,3,3,0
EMP001554,26,Female,Married,4,Human Resources,Sales,Sales Executive,2,0,0,0,0,5701,1,13,2,2,2,3,4,4,3,Travel_Rarely,No,3,4,0
EMP001555,32,Male,Single,5,Technical Degree,R&D,Research Scientist,3,0,0,0,0,7934,0,17,4,4,1,4,2,3,4,Travel_Frequently,Yes,4,3,0
EMP001556,40,Female,Married,4,Technical Degree,Operations,Operations Specialist,3,20,0,0,0,13348,0,15,5,2,3,2,3,2,5,Travel_Rarely,No,4,3,0
EMP001557,24,Female,Single,4,Life Sciences,HR,Human Resources,1,6,0,0,0,4504,1,9,21,3,3,3,2,3,2,Travel_Rarely,No,4,3,0
EMP001558,34,Male,Married,4,Marketing,HR,Manager,3,0,0,0,0,8448,0,18,11,2,3,3,3,2,4,Travel_Rarely,No,0,2,0
EMP001559,29,Female,Divorced,4,Medical,IT,Software Engineer,3,3,0,0,0,7989,0,14,29,3,3,2,2,3,1,Non-Travel,No,0,4,0
EMP001560,27,Female,Married,3,Life Sciences,Sales,Manager,1,2,1,0,0,2751,0,10,5,1,1,3,3,3,1,Non-Travel,Yes,0,3,1
EMP001561,19,Male,Single,3,Other,R&D,Manager,2,1,1,1,0,4987,0,16,9,2,3,3,4,3,2,Travel_Rarely,Yes,0,2,1
EMP001562,31,Male,Single,3,Medical,Sales,Manager,1,4,2,2,0,3792,0,17,11,2,4,4,3,3,2,Non-Travel,No,3,3,0
EMP001563,34,Female,Single,4,Life Sciences,R&D,Research Director,2,1,0,0,0,5621,0,15,14,4,2,3,4,2,3,Travel_Rarely,Yes,0,2,0
EMP001564,37,Female,Single,5,Other,IT,Software Engineer,3,1,0,0,0,8436,0,14,12,1,2,3,3,4,1,Travel_Rarely,No,0,3,0
EMP001565,34,Male,Single,4,Life Sciences,IT,Software Engineer,1,13,1,0,0,5575,1,8,11,2,2,4,1,3,1,Travel_Rarely,No,0,4,0
EMP001566,27,Male,Single,5,Technical Degree,Operations,Operations Manager,2,0,0,0,0,5206,1,13,10,3,1,1,3,3,2,Non-Travel,Yes,1,4,0
EMP001567,23,Male,Married,1,Technical Degree,Sales,Sales Executive,1,2,0,0,0,2944,0,11,27,4,2,3,4,2,2,Non-Travel,No,1,4,0
EMP001568,19,Male,Single,4,Other,R&D,Manager,1,1,1,0,1,2966,0,11,5,4,4,2,2,3,3,Travel_Rarely,No,0,3,0
EMP001569,34,Male,Married,5,Technical Degree,IT,Manager,3,2,2,0,0,9386,2,7,3,3,1,3,3,3,3,Travel_Frequently,Yes,1,4,0
EMP001570,31,Female,Married,4,Technical Degree,Sales,Sales Representative,1,5,0,0,0,3802,0,14,2,4,4,3,3,2,3,Travel_Frequently,Yes,1,3,0
EMP001571,28,Female,Married,5,Medical,Sales,Sales Representative,2,0,0,0,0,4803,1,13,1,4,3,3,3,1,6,Travel_Rarely,Yes,4,4,0
EMP001572,23,Male,Married,4,Medical,R&D,Laboratory Technician,1,5,1,0,1,4235,0,5,2,3,3,2,1,1,4,Travel_Rarely,No,0,3,0
EMP001573,20,Female,Single,3,Other,R&D,Research Scientist,1,2,0,0,0,3059,1,10,4,1,2,2,4,3,0,Travel_Rarely,Yes,1,4,0
EMP001574,42,Male,Single,3,Life Sciences,Operations,Operations Specialist,4,4,1,1,0,11929,2,10,9,3,2,3,4,3,4,Travel_Rarely,No,0,4,0
EMP001575,39,Male,Married,4,Technical Degree,R&D,Laboratory Technician,2,3,0,0,0,4284,1,12,4,3,1,3,1,4,2,Travel_Rarely,Yes,1,2,0
EMP001576,43,Male,Divorced,5,Life Sciences,Marketing,Marketing Manager,3,2,2,0,0,9701,0,13,15,3,3,3,3,4,3,Non-Travel,No,2,3,0
EMP001577,41,Male,Married,2,Life Sciences,Marketing,Marketing Specialist,3,1,1,1,0,9701,0,16,14,2,3,2,4,2,3,Travel_Rarely,No,0,4,0
EMP001578,28,Male,Married,4,Life Sciences,Sales,Manager,1,3,3,3,2,4021,0,10,13,3,3,4,4,3,7,Travel_Frequently,No,0,3,0
EMP001579,23,Female,Single,4,Life Sciences,IT,Manager,2,2,0,0,0,5529,1,11,10,3,3,2,2,2,4,Travel_Rarely,Yes,1,4,0
EMP001580,26,Male,Single,2,Human Resources,R&D,Laboratory Technician,1,3,2,2,1,3070,0,7,19,3,3,3,2,1,2,Travel_Rarely,No,0,4,0
EMP001581,23,Female,Married,2,Other,Sales,Manager,1,0,0,0,0,2782,0,13,2,2,4,3,4,3,3,Travel_Frequently,No,2,4,0
EMP001582,24,Male,Single,3,Marketing,Marketing,Marketing Specialist,1,0,0,0,0,2601,1,12,2,3,1,3,3,2,3,Travel_Rarely,No,2,2,0
EMP001583,32,Male,Single,3,Technical Degree,R&D,Research Scientist,2,7,2,2,1,5793,0,14,2,3,3,2,4,3,5,Travel_Frequently,No,3,3,0
EMP001584,22,Female,Single,2,Marketing,R&D,Laboratory Technician,1,2,1,1,1,3225,0,20,18,1,1,4,3,2,2,Travel_Rarely,No,1,2,1
EMP001585,30,Female,Divorced,2,Technical Degree,R&D,Manager,3,6,3,0,0,8679,1,13,1,4,4,1,3,2,4,Travel_Rarely,No,2,2,0
EMP001586,21,Male,Single,2,Technical Degree,Sales,Manager,2,0,0,0,0,5801,0,18,14,3,4,3,1,1,3,Travel_Frequently,No,2,2,0
EMP001587,29,Female,Married,4,Life Sciences,R&D,Manager,2,5,0,0,0,6029,1,14,15,4,4,2,4,4,5,Travel_Rarely,No,1,3,0
EMP001588,28,Female,Single,4,Medical,R&D,Manager,2,1,1,0,1,6208,0,10,15,3,1,2,2,3,1,Travel_Rarely,No,4,2,0
EMP001589,40,Female,Married,4,Marketing,R&D,Research Director,3,6,0,0,0,8329,0,12,9,1,4,3,3,4,3,Travel_Rarely,No,8,2,0
EMP001590,21,Male,Married,3,Human Resources,Marketing,Marketing Manager,2,0,0,0,0,5276,0,11,17,3,1,2,3,4,5,Travel_Rarely,No,1,4,0
EMP001591,25,Female,Single,5,Technical Degree,R&D,Research Director,3,2,0,0,0,8123,0,5,11,3,3,2,3,4,6,Travel_Rarely,Yes,0,3,0
EMP001592,25,Male,Single,5,Other,Sales,Sales Executive,1,0,0,0,0,3224,0,17,8,3,1,2,4,4,1,Travel_Rarely,Yes,1,3,0
EMP001593,35,Female,Single,5,Technical Degree,Sales,Sales Executive,2,4,0,0,0,6427,0,17,13,2,4,4,3,1,0,Travel_Rarely,No,1,3,0
EMP001594,29,Male,Married,3,Marketing,IT,Data Scientist,3,2,2,0,0,9759,1,5,16,3,4,3,2,3,3,Travel_Rarely,No,1,3,0
EMP001595,32,Male,Single,5,Other,HR,Human Resources,2,0,0,0,0,4730,1,13,7,2,3,2,2,2,2,Non-Travel,No,2,3,0
EMP001596,29,Female,Single,4,Medical,Operations,Operations Specialist,2,3,2,1,1,5593,0,12,20,4,4,4,4,3,2,Travel_Frequently,No,0,4,0
EMP001597,22,Male,Single,3,Medical,IT,Software Engineer,1,0,0,0,0,3416,0,13,7,2,1,4,4,3,3,Travel_Rarely,No,0,3,0
EMP001598,24,Male,Single,2,Technical Degree,Sales,Sales Executive,1,6,1,0,0,5050,0,12,6,1,4,2,4,1,2,Travel_Rarely,Yes,2,3,0
EMP001599,33,Female,Single,4,Life Sciences,Sales,Sales Executive,1,13,0,0,0,5636,1,12,2,3,2,3,2,3,1,Non-Travel,Yes,0,2,0
EMP001600,31,Female,Married,2,Medical,R&D,Research Director,2,8,1,1,1,6464,0,13,2,4,3,2,3,3,4,Travel_Rarely,No,0,2,0
EMP001601,26,Male,Married,3,Marketing,IT,Software Engineer,2,8,0,0,0,6518,0,15,4,3,2,3,1,3,2,Travel_Rarely,Yes,2,4,0
EMP001602,19,Male,Single,3,Medical,Sales,Manager,1,1,1,1,0,2306,0,16,6,3,3,2,3,3,2,Travel_Rarely,No,2,2,0
EMP001603,22,Male,Single,4,Other,HR,Manager,2,4,0,0,0,6037,1,10,19,4,2,2,2,3,1,Travel_Rarely,Yes,2,4,0
EMP001604,31,Male,Married,5,Human Resources,Marketing,Marketing Manager,2,1,0,0,0,4723,1,17,3,2,3,3,3,1,5,Non-Travel,Yes,4,4,1
EMP001605,23,Female,Single,4,Marketing,IT,Software Engineer,1,1,1,0,1,2694,0,9,11,2,3,4,2,4,1,Travel_Frequently,No,1,3,0
EMP001606,41,Female,Married,4,Marketing,IT,Manager,2,8,4,0,1,7023,0,15,10,2,2,4,1,3,2,Travel_Frequently,No,5,3,0
EMP001607,47,Male,Married,3,Technical Degree,IT,Manager,4,3,0,0,0,12459,3,11,17,2,3,4,2,2,2,Non-Travel,Yes,4,3,0
EMP001608,27,Female,Married,4,Medical,Sales,Manager,3,9,2,2,2,10844,1,8,19,1,3,2,3,3,2,Travel_Rarely,No,0,1,0
EMP001609,34,Female,Married,3,Life Sciences,Sales,Sales Executive,3,11,0,0,0,10162,1,7,11,3,3,3,1,3,4,Travel_Rarely,No,0,1,0
EMP001610,31,Female,Single,5,Technical Degree,Sales,Sales Representative,1,11,4,2,2,4656,0,16,1,1,1,2,3,4,3,Non-Travel,No,1,2,1
EMP001611,35,Female,Married,3,Technical Degree,Sales,Sales Representative,3,1,0,0,0,8395,1,14,2,3,4,3,3,4,3,Non-Travel,No,0,3,0
EMP001612,44,Male,Married,3,Life Sciences,Marketing,Marketing Manager,2,0,0,0,0,3557,0,11,13,3,3,2,2,2,0,Travel_Rarely,No,6,3,0
EMP001613,29,Male,Married,3,Technical Degree,Sales,Manager,3,5,2,0,2,9930,0,8,13,3,3,4,4,4,3,Travel_Frequently,No,2,2,0
EMP001614,18,Male,Single,4,Marketing,IT,Data Scientist,1,1,0,0,0,3822,0,13,12,3,1,2,1,3,3,Non-Travel,No,0,4,0
EMP001615,31,Male,Married,5,Life Sciences,IT,Data Scientist,2,13,3,0,1,7384,1,17,23,3,4,3,3,3,0,Travel_Rarely,Yes,0,3,0
EMP001616,38,Male,Married,3,Technical Degree,HR,Manager,3,9,1,0,0,10034,1,15,7,1,4,2,3,4,2,Travel_Frequently,Yes,3,3,0
EMP001617,20,Female,Married,3,Life Sciences,HR,Manager,2,2,0,0,0,6405,0,13,4,2,4,3,4,3,0,Travel_Rarely,No,1,3,0
EMP001618,42,Male,Single,4,Life Sciences,R&D,Research Director,3,4,1,0,0,8781,1,11,4,4,3,2,3,4,5,Non-Travel,No,2,1,0
EMP001619,43,Female,Married,5,Technical Degree,R&D,Research Director,2,3,0,0,0,4321,0,5,11,4,3,2,2,3,2,Travel_Rarely,No,4,3,0
EMP001620,35,Male,Married,3,Other,Marketing,Marketing Manager,2,9,0,0,0,7855,0,23,14,3,4,3,4,4,1,Travel_Frequently,No,0,4,0
EMP001621,21,Male,Single,2,Life Sciences,Sales,Sales Representative,1,3,0,0,0,3371,0,9,4,4,3,4,4,2,1,Travel_Rarely,No,0,2,0
EMP001622,28,Male,Married,3,Other,Sales,Sales Representative,1,10,0,0,0,4896,0,9,10,1,1,1,4,2,1,Travel_Rarely,No,4,3,0
EMP001623,23,Male,Married,4,Life Sciences,R&D,Laboratory Technician,1,0,0,0,0,3722,0,15,5,4,2,3,3,3,3,Travel_Rarely,No,0,2,0
EMP001624,31,Female,Single,3,Life Sciences,R&D,Manager,3,2,2,1,1,11351,1,18,7,1,3,1,4,2,6,Travel_Rarely,No,9,3,1
EMP001625,22,Male,Married,2,Life Sciences,R&D,Research Director,1,4,1,0,0,3472,0,12,7,3,3,2,4,4,6,Travel_Rarely,No,0,4,0
EMP001626,38,Male,Married,1,Life Sciences,Operations,Operations Manager,3,1,0,0,0,9392,0,14,7,3,4,2,3,3,0,Travel_Rarely,Yes,1,2,0
EMP001627,27,Female,Married,4,Medical,IT,Data Scientist,2,2,2,0,0,5613,0,5,9,4,3,3,2,3,3,Travel_Rarely,No,4,3,0
EMP001628,26,Male,Married,5,Other,Marketing,Marketing Manager,3,0,0,0,0,10134,0,14,7,3,2,4,3,3,4,Travel_Rarely,No,1,4,0
EMP001629,25,Male,Married,5,Life Sciences,R&D,Research Scientist,2,1,1,0,1,5002,1,15,10,2,2,2,3,3,2,Travel_Rarely,Yes,0,1,1
EMP001630,25,Male,Married,4,Medical,Sales,Sales Representative,2,1,0,0,0,5460,1,12,6,2,2,4,4,3,3,Travel_Rarely,No,0,3,0
EMP001631,28,Male,Divorced,4,Technical Degree,IT,Data Scientist,2,6,0,0,0,5832,0,13,6,3,3,1,3,3,2,Travel_Frequently,Yes,4,3,1
EMP001632,19,Male,Single,3,Medical,IT,Data Scientist,1,1,0,0,0,4024,1,12,13,4,3,1,2,4,1,Travel_Rarely,No,1,4,0
EMP001633,32,Male,Single,4,Technical Degree,R&D,Research Director,2,2,2,2,1,5012,0,9,9,3,4,2,1,4,2,Travel_Frequently,No,0,4,0
EMP001634,24,Female,Single,2,Medical,Marketing,Marketing Manager,1,6,1,0,1,3971,0,11,7,4,3,3,3,4,5,Travel_Rarely,No,3,3,0
EMP001635,34,Female,Married,4,Life Sciences,Operations,Operations Specialist,2,2,2,0,0,5919,0,9,14,2,2,3,3,3,4,Non-Travel,Yes,0,4,0
EMP001636,35,Male,Single,5,Technical Degree,R&D,Research Scientist,3,2,0,0,0,7433,2,11,1,3,3,3,3,2,0,Non-Travel,No,0,1,0
EMP001637,35,Male,Divorced,5,Life Sciences,Sales,Sales Executive,3,5,4,0,3,9427,1,12,5,3,2,4,3,4,2,Travel_Frequently,No,1,4,0
EMP001638,31,Male,Married,3,Life Sciences,R&D,Research Scientist,2,6,0,0,0,5949,1,9,5,4,2,4,4,3,2,Non-Travel,No,2,3,0
EMP001639,30,Female,Married,4,Medical,Operations,Operations Manager,3,9,1,0,0,9081,1,13,12,4,3,4,3,2,1,Travel_Rarely,Yes,3,4,0
EMP001640,37,Male,Married,5,Medical,R&D,Manager,3,6,4,1,1,9034,1,7,1,1,1,4,3,3,0,Travel_Rarely,No,1,2,1
EMP001641,32,Female,Single,3,Technical Degree,HR,Manager,2,5,2,0,2,5191,0,8,10,3,1,3,3,3,1,Travel_Rarely,No,5,4,0
EMP001642,31,Female,Single,4,Medical,IT,Data Scientist,2,4,1,0,1,4900,0,9,6,3,3,4,3,4,6,Travel_Frequently,Yes,9,4,0
EMP001643,33,Male,Single,3,Marketing,Sales,Manager,1,1,0,0,0,2947,0,15,9,3,1,3,3,3,3,Travel_Rarely,No,0,1,0
EMP001644,41,Female,Married,5,Marketing,HR,Manager,3,1,1,1,0,10785,2,14,9,4,3,3,2,3,2,Travel_Rarely,Yes,0,2,0
EMP001645,44,Male,Divorced,2,Medical,R&D,Research Scientist,4,9,0,0,0,12609,3,8,9,3,3,1,3,2,4,Travel_Rarely,No,1,2,0
EMP001646,20,Male,Single,2,Other,Marketing,Marketing Manager,2,2,0,0,0,6744,1,10,11,3,2,3,2,4,3,Travel_Frequently,No,1,3,0
EMP001647,35,Male,Married,4,Human Resources,IT,Manager,3,5,1,1,0,9772,0,11,20,3,3,4,3,4,0,Non-Travel,Yes,0,4,0
EMP001648,22,Male,Single,2,Marketing,IT,Software Engineer,1,1,0,0,0,3092,0,18,8,4,1,4,3,3,4,Travel_Rarely,No,0,1,0
EMP001649,29,Female,Single,2,Life Sciences,Sales,Manager,2,11,1,0,1,6781,1,14,6,4,3,3,3,4,5,Non-Travel,No,2,2,0
EMP001650,22,Female,Single,4,Medical,Sales,Sales Executive,1,0,0,0,0,3048,0,11,3,2,3,3,3,2,4,Travel_Rarely,No,0,3,0
EMP001651,25,Male,Single,4,Life Sciences,Marketing,Marketing Manager,1,7,0,0,0,5259,0,16,11,1,4,4,3,3,2,Travel_Rarely,Yes,0,4,0
EMP001652,20,Female,Married,3,Medical,R&D,Manager,1,1,1,0,1,2593,0,11,4,2,4,2,2,2,1,Non-Travel,No,2,1,0
EMP001653,36,Male,Married,4,Life Sciences,Sales,Sales Representative,2,2,0,0,0,5155,0,15,24,2,3,2,4,4,6,Travel_Rarely,No,0,4,0
EMP001654,33,Male,Single,4,Technical Degree,Sales,Sales Executive,1,2,2,1,1,3808,0,13,23,4,3,2,4,3,0,Travel_Rarely,Yes,3,3,0
EMP001655,44,Male,Married,4,Life Sciences,R&D,Laboratory Technician,3,5,4,0,0,8844,2,9,16,4,3,2,1,4,2,Travel_Frequently,No,0,4,0
EMP001656,35,Female,Single,4,Human Resources,Sales,Manager,2,3,3,2,0,5700,1,14,29,4,3,4,3,4,3,Non-Travel,No,0,3,0
EMP001657,20,Female,Single,1,Life Sciences,HR,Human Resources,1,1,1,0,1,2200,1,14,25,3,3,3,4,3,1,Travel_Rarely,Yes,1,2,0
EMP001658,38,Female,Married,3,Technical Degree,IT,Manager,4,0,0,0,0,12368,3,14,8,3,4,3,4,2,2,Non-Travel,No,0,3,0
EMP001659,23,Female,Married,3,Other,R&D,Research Director,1,5,2,0,0,4206,1,9,9,2,3,2,4,3,1,Travel_Rarely,No,0,3,0
EMP001660,30,Male,Single,2,Life Sciences,Marketing,Marketing Specialist,2,3,0,0,0,5519,0,12,4,3,2,3,4,4,3,Non-Travel,No,0,4,0
EMP001661,22,Male,Single,3,Other,Sales,Manager,1,2,0,0,0,3267,0,5,10,4,3,4,2,3,3,Travel_Rarely,Yes,0,4,0
EMP001662,41,Male,Married,3,Medical,R&D,Manager,4,1,1,1,1,14443,2,8,12,4,1,3,4,2,6,Non-Travel,Yes,0,1,0
EMP001663,23,Female,Married,4,Human Resources,Sales,Sales Representative,1,5,0,0,0,4267,0,14,1,4,3,1,3,2,2,Travel_Rarely,No,1,4,0
EMP001664,24,Male,Married,4,Human Resources,Marketing,Marketing Specialist,1,6,6,0,1,4376,0,12,1,2,2,3,3,4,0,Travel_Rarely,Yes,1,2,0
EMP001665,39,Female,Married,5,Life Sciences,Operations,Operations Specialist,4,8,3,0,0,17419,1,10,8,3,2,1,4,3,1,Non-Travel,No,2,1,0
EMP001666,26,Male,Married,2,Technical Degree,R&D,Research Scientist,3,1,1,1,0,7817,1,16,8,2,3,3,2,3,3,Travel_Rarely,No,1,2,1
EMP001667,40,Male,Divorced,2,Life Sciences,R&D,Research Director,4,9,0,0,0,13823,1,11,4,4,2,3,4,1,1,Non-Travel,Yes,0,1,0
EMP001668,28,Male,Single,3,Life Sciences,R&D,Research Director,2,10,2,0,0,8300,0,14,22,4,4,2,3,3,2,Travel_Frequently,No,5,2,0
EMP001669,26,Female,Married,1,Life Sciences,Marketing,Marketing Manager,1,4,1,1,0,3622,0,15,14,4,2,4,4,4,3,Travel_Rarely,No,0,4,0
EMP001670,20,Male,Single,4,Life Sciences,IT,Data Scientist,1,0,0,0,0,3860,0,8,20,4,3,3,2,3,3,Travel_Rarely,Yes,0,3,0
EMP001671,35,Male,Married,3,Marketing,Marketing,Marketing Manager,4,6,0,0,0,13039,2,5,4,2,3,3,4,4,1,Travel_Rarely,No,0,2,0
EMP001672,42,Male,Single,3,Medical,Sales,Manager,3,3,0,0,0,10016,0,12,18,2,2,4,3,4,1,Non-Travel,No,1,4,0
EMP001673,30,Female,Married,3,Technical Degree,R&D,Research Director,1,6,3,0,0,4551,1,12,6,1,3,3,2,4,6,Travel_Frequently,No,0,3,0
EMP001674,42,Female,Married,3,Medical,IT,Software Engineer,3,1,1,0,1,7206,0,14,6,3,2,1,3,3,2,Non-Travel,No,2,1,0
EMP001675,24,Female,Single,3,Human Resources,Marketing,Marketing Specialist,1,4,0,0,0,3984,1,8,7,4,4,2,1,3,4,Travel_Rarely,No,1,3,0
EMP001676,32,Male,Single,1,Life Sciences,R&D,Research Scientist,1,3,0,0,0,3808,1,8,17,1,3,3,2,2,1,Travel_Rarely,No,2,3,0
EMP001677,25,Female,Single,2,Life Sciences,R&D,Research Director,2,4,3,0,3,6192,1,11,1,3,4,2,3,2,2,Travel_Rarely,No,0,2,0
EMP001678,40,Female,Married,3,Technical Degree,Marketing,Marketing Specialist,3,6,0,0,0,11800,0,10,1,2,1,2,3,3,0,Travel_Rarely,No,5,4,0
EMP001679,26,Male,Married,2,Other,Sales,Sales Executive,1,3,1,0,1,3888,1,15,4,3,4,3,3,4,2,Travel_Rarely,No,0,4,0
EMP001680,30,Male,Married,4,Technical Degree,R&D,Research Director,1,1,1,1,1,3146,0,15,6,4,3,4,1,3,4,Travel_Frequently,Yes,2,2,0
EMP001681,36,Male,Single,3,Medical,R&D,Research Director,4,1,1,1,0,10280,1,14,1,2,2,3,4,3,2,Travel_Rarely,No,0,3,0
EMP001682,39,Male,Married,2,Life Sciences,Sales,Sales Executive,3,5,1,0,0,9104,1,16,9,3,2,3,1,3,3,Non-Travel,No,3,3,0
EMP001683,42,Female,Divorced,3,Life Sciences,R&D,Manager,2,5,0,0,0,5612,0,14,3,2,2,2,4,3,2,Travel_Rarely,No,1,3,0
EMP001684,20,Female,Single,3,Marketing,IT,Software Engineer,1,2,0,0,0,3019,1,12,11,4,2,2,3,3,1,Travel_Frequently,Yes,0,1,1
EMP001685,36,Female,Married,1,Medical,R&D,Research Director,3,2,0,0,0,8281,1,8,10,1,1,4,4,3,1,Travel_Rarely,No,0,2,0
EMP001686,29,Male,Married,2,Medical,R&D,Manager,2,4,0,0,0,4729,0,15,18,4,3,4,2,3,3,Travel_Rarely,No,0,4,0
EMP001687,30,Female,Married,3,Marketing,IT,Software Engineer,1,1,1,0,1,2288,0,16,11,1,1,2,4,3,1,Travel_Rarely,No,0,2,1
EMP001688,31,Male,Married,3,Technical Degree,Operations,Operations Manager,1,13,2,1,2,5722,0,10,3,3,3,3,3,2,2,Non-Travel,Yes,7,4,0
EMP001689,22,Male,Single,4,Technical Degree,IT,Software Engineer,1,4,0,0,0,4885,0,13,3,4,2,3,4,3,1,Travel_Rarely,No,1,2,0
EMP001690,33,Female,Single,4,Life Sciences,IT,Data Scientist,1,4,1,0,1,4223,0,7,3,4,4,3,1,4,0,Travel_Rarely,No,0,1,0
EMP001691,24,Male,Single,2,Marketing,Operations,Operations Specialist,1,0,0,0,0,2610,1,8,3,1,2,2,2,3,1,Non-Travel,Yes,2,1,0
EMP001692,21,Female,Married,2,Life Sciences,IT,Data Scientist,2,3,0,0,0,6255,0,14,7,1,3,3,3,2,1,Travel_Rarely,No,1,3,0
EMP001693,35,Female,Married,4,Life Sciences,Operations,Operations Specialist,2,1,1,1,1,7229,1,13,4,4,1,3,2,4,1,Non-Travel,No,1,3,0
EMP001694,35,Female,Married,4,Technical Degree,IT,Data Scientist,3,3,3,2,1,8016,1,7,9,2,3,3,4,3,3,Non-Travel,No,0,1,0
EMP001695,37,Male,Married,5,Technical Degree,IT,Manager,4,3,1,0,0,10307,2,13,5,2,2,2,4,4,2,Travel_Rarely,No,0,3,0
EMP001696,27,Female,Married,1,Technical Degree,IT,Software Engineer,3,3,2,0,2,9331,0,9,2,2,4,3,2,4,4,Travel_Rarely,Yes,0,4,0
EMP001697,41,Female,Married,3,Life Sciences,Marketing,Marketing Specialist,3,8,1,1,1,11979,1,11,9,3,4,1,1,4,0,Travel_Rarely,No,0,2,0
EMP001698,28,Female,Married,4,Other,IT,Software Engineer,2,0,0,0,0,5247,0,8,3,1,3,2,3,1,2,Travel_Frequently,No,5,2,0
EMP001699,39,Female,Married,4,Life Sciences,IT,Manager,4,0,0,0,0,11914,2,14,5,1,4,2,3,4,4,Travel_Frequently,No,0,1,0
EMP001700,37,Female,Married,2,Other,Sales,Sales Executive,3,0,0,0,0,7429,1,17,8,3,1,4,2,2,3,Non-Travel,No,0,4,0
EMP001701,25,Male,Married,4,Medical,Marketing,Marketing Manager,3,7,0,0,0,8219,0,10,11,3,4,1,1,2,5,Travel_Rarely,No,2,2,0
EMP001702,26,Female,Married,3,Life Sciences,R&D,Research Director,2,0,0,0,0,4497,0,16,22,4,3,3,1,2,0,Travel_Rarely,No,3,1,0
EMP001703,30,Female,Married,2,Life Sciences,Sales,Manager,1,12,1,1,0,5327,0,15,1,3,1,3,4,4,2,Travel_Rarely,Yes,0,3,0
EMP001704,43,Female,Divorced,3,Life Sciences,IT,Software Engineer,2,17,1,1,0,9848,0,12,9,3,2,3,2,4,2,Travel_Frequently,No,2,1,0
EMP001705,26,Female,Single,2,Medical,R&D,Research Scientist,3,8,1,0,0,6579,1,14,10,4,2,3,4,3,0,Non-Travel,No,0,2,0
EMP001706,31,Male,Married,4,Other,Sales,Manager,3,13,0,0,0,13493,0,8,2,1,3,1,2,3,2,Travel_Rarely,No,2,2,0
EMP001707,31,Male,Single,4,Medical,R&D,Laboratory Technician,2,0,0,0,0,5781,1,15,18,3,4,4,4,3,0,Travel_Rarely,No,2,3,0
EMP001708,26,Female,Married,4,Marketing,Sales,Sales Representative,1,5,1,1,1,3860,1,9,11,3,3,3,4,3,2,Travel_Rarely,No,1,3,0
EMP001709,40,Male,Married,3,Other,Sales,Sales Representative,2,2,2,1,0,5804,0,10,4,4,2,3,2,3,6,Travel_Rarely,Yes,0,2,0
EMP001710,26,Male,Married,1,Marketing,HR,Manager,3,6,0,0,0,8251,1,10,25,3,3,3,4,4,2,Travel_Frequently,Yes,1,3,0
EMP001711,31,Male,Married,3,Medical,Marketing,Marketing Manager,1,2,2,0,0,4340,0,16,8,3,3,3,2,3,3,Non-Travel,Yes,0,3,0
EMP001712,32,Male,Single,3,Human Resources,R&D,Laboratory Technician,2,2,0,0,0,4346,1,14,2,3,3,2,3,3,3,Travel_Rarely,No,0,4,0
EMP001713,35,Female,Single,4,Life Sciences,HR,Manager,4,11,0,0,0,11552,1,5,19,4,2,3,3,3,0,Travel_Rarely,No,4,2,0
EMP001714,31,Female,Married,3,Marketing,IT,Manager,1,3,3,1,0,3912,0,16,5,3,3,3,2,3,4,Travel_Rarely,No,0,3,0
EMP001715,24,Male,Single,3,Technical Degree,R&D,Research Director,1,6,1,0,0,4261,0,17,3,3,3,3,1,4,0,Non-Travel,Yes,0,3,0
EMP001716,40,Male,Single,3,Life Sciences,IT,Manager,3,5,0,0,0,9107,0,11,4,1,3,1,1,2,5,Non-Travel,No,1,3,0
EMP001717,18,Male,Single,2,Technical Degree,R&D,Manager,1,1,0,0,0,3073,1,15,9,4,3,4,1,3,1,Non-Travel,No,0,3,0
EMP001718,27,Male,Married,4,Life Sciences,HR,Human Resources,2,2,2,0,2,4866,0,14,23,4,4,3,3,3,1,Travel_Rarely,No,1,1,0
EMP001719,29,Male,Single,3,Life Sciences,Sales,Sales Executive,2,1,0,0,0,4948,0,19,2,3,3,1,4,4,4,Travel_Frequently,No,1,2,0
EMP001720,34,Female,Married,4,Life Sciences,Operations,Operations Manager,1,10,1,0,1,5541,0,7,14,3,3,4,3,3,1,Travel_Frequently,No,2,1,0
EMP001721,25,Male,Married,4,Human Resources,Sales,Sales Executive,1,0,0,0,0,3575,0,15,2,2,3,1,4,2,3,Travel_Rarely,No,3,3,0
EMP001722,33,Female,Married,2,Other,R&D,Manager,2,0,0,0,0,5682,1,13,8,3,4,2,1,2,5,Travel_Rarely,No,1,4,0
EMP001723,30,Female,Single,3,Life Sciences,R&D,Laboratory Technician,2,0,0,0,0,4536,1,19,12,2,2,3,2,4,2,Non-Travel,Yes,1,2,0
EMP001724,33,Female,Single,4,Life Sciences,HR,Manager,2,14,1,1,1,6925,0,13,3,2,1,3,2,2,2,Travel_Rarely,No,1,3,0
EMP001725,35,Male,Married,2,Medical,R&D,Research Scientist,2,0,0,0,0,6355,0,12,9,1,1,3,3,3,3,Non-Travel,Yes,1,2,1
EMP001726,33,Female,Divorced,4,Marketing,R&D,Laboratory Technician,3,0,0,0,0,6046,0,17,14,4,3,3,4,4,1,Travel_Frequently,Yes,0,3,0
EMP001727,36,Male,Married,3,Other,R&D,Laboratory Technician,2,1,1,0,0,5034,0,14,10,3,2,4,2,4,3,Travel_Rarely,No,1,2,0
EMP001728,31,Male,Single,3,Human Resources,Sales,Sales Representative,2,1,0,0,0,5327,0,17,17,3,3,1,2,3,3,Travel_Frequently,No,3,4,0
EMP001729,24,Male,Single,5,Technical Degree,IT,Data Scientist,1,4,0,0,0,5237,0,5,0,4,3,3,3,3,4,Travel_Rarely,No,2,2,0
EMP001730,23,Female,Single,4,Marketing,Sales,Sales Representative,1,5,5,2,1,4006,0,12,3,2,3,4,1,2,5,Travel_Rarely,No,1,2,0
EMP001731,32,Male,Married,3,Life Sciences,IT,Manager,2,3,0,0,0,6119,0,9,0,3,1,2,4,3,1,Travel_Frequently,Yes,2,3,1
EMP001732,23,Male,Single,1,Life Sciences,R&D,Research Scientist,1,1,1,1,0,3444,0,22,36,1,4,1,4,2,4,Travel_Rarely,Yes,2,3,0
EMP001733,19,Female,Single,2,Marketing,Sales,Sales Executive,1,1,1,0,1,3794,0,9,5,3,4,3,1,3,6,Travel_Rarely,No,1,3,0
EMP001734,41,Female,Married,4,Marketing,Sales,Sales Representative,3,2,2,0,2,9526,0,12,2,4,3,4,2,2,4,Travel_Frequently,Yes,1,4,0
EMP001735,43,Female,Married,3,Technical Degree,Marketing,Marketing Specialist,4,0,0,0,0,13128,3,14,15,3,3,2,4,3,6,Travel_Rarely,No,1,2,0
EMP001736,23,Male,Single,3,Medical,HR,Manager,1,5,0,0,0,4168,0,9,29,3,1,2,2,4,2,Travel_Rarely,Yes,0,2,1
EMP001737,26,Male,Married,5,Life Sciences,Sales,Manager,3,0,0,0,0,8915,2,13,2,3,4,2,3,3,2,Travel_Rarely,No,2,2,0
EMP001738,24,Male,Single,3,Medical,IT,Software Engineer,1,1,1,0,1,3055,1,14,5,3,2,3,2,4,3,Travel_Rarely,No,2,4,0
EMP001739,32,Female,Married,3,Human Resources,IT,Manager,1,5,4,0,0,2728,0,5,11,3,4,4,3,3,2,Travel_Rarely,No,1,3,0
EMP001740,24,Female,Married,4,Technical Degree,R&D,Manager,1,0,0,0,0,2695,0,14,6,3,2,2,3,4,2,Non-Travel,No,0,3,1
EMP001741,25,Female,Married,3,Life Sciences,HR,Human Resources,2,1,1,1,0,5609,0,13,6,3,4,2,4,4,2,Travel_Rarely,No,0,1,0
EMP001742,34,Male,Single,3,Other,R&D,Manager,2,2,0,0,0,4908,0,12,20,3,3,4,3,4,6,Travel_Rarely,No,3,4,0
EMP001743,22,Female,Single,3,Medical,Sales,Sales Executive,1,2,0,0,0,3368,0,12,8,3,2,4,3,3,2,Travel_Frequently,Yes,0,2,1
EMP001744,30,Female,Married,5,Medical,R&D,Research Director,1,12,6,0,1,5291,1,13,10,3,4,1,3,3,3,Travel_Rarely,No,0,2,0
EMP001745,21,Female,Single,3,Medical,IT,Manager,1,3,3,0,0,3441,0,5,14,3,2,3,3,3,4,Travel_Rarely,No,0,3,0
EMP001746,23,Female,Married,3,Marketing,R&D,Research Scientist,1,0,0,0,0,3308,0,14,13,4,2,2,4,4,2,Non-Travel,No,2,1,0
EMP001747,21,Male,Single,4,Marketing,R&D,Research Scientist,1,1,0,0,0,3295,0,14,7,4,4,2,1,2,2,Travel_Rarely,No,0,2,0
EMP001748,28,Male,Married,2,Technical Degree,R&D,Manager,3,4,4,0,3,8807,1,11,2,3,4,3,3,3,4,Travel_Rarely,Yes,1,4,0
EMP001749,29,Male,Married,4,Marketing,R&D,Manager,2,6,0,0,0,4483,0,10,3,4,1,4,3,3,2,Travel_Rarely,No,5,4,0
EMP001750,19,Female,Single,3,Life Sciences,R&D,Manager,1,1,0,0,0,2439,0,10,14,1,1,2,4,3,2,Travel_Rarely,No,2,4,1
EMP001751,28,Female,Single,4,Life Sciences,HR,Manager,1,9,2,0,2,5049,0,9,7,4,4,2,4,3,0,Travel_Rarely,No,1,1,0
EMP001752,21,Male,Married,4,Technical Degree,Sales,Sales Executive,1,3,1,0,0,3141,0,13,7,1,4,3,4,3,3,Travel_Rarely,Yes,1,3,0
EMP001753,44,Male,Married,5,Technical Degree,IT,Manager,2,4,0,0,0,6304,1,5,11,4,3,4,1,4,4,Travel_Rarely,No,0,3,0
EMP001754,36,Male,Married,3,Medical,Sales,Sales Representative,2,4,4,0,3,5392,0,10,15,2,3,4,4,2,3,Travel_Rarely,No,0,3,0
EMP001755,31,Female,Single,4,Life Sciences,HR,Manager,2,6,1,0,1,5770,0,16,22,1,3,3,4,3,1,Travel_Rarely,No,0,4,0
EMP001756,36,Male,Divorced,3,Life Sciences,R&D,Manager,2,7,1,0,1,5157,1,12,1,4,2,3,3,4,3,Travel_Rarely,Yes,3,2,1
EMP001757,26,Male,Married,4,Medical,IT,Data Scientist,2,1,1,0,0,5096,0,15,13,1,4,2,2,3,5,Non-Travel,No,3,4,0
EMP001758,34,Male,Married,2,Life Sciences,IT,Manager,3,3,0,0,0,6220,0,10,10,4,3,3,2,3,3,Travel_Frequently,Yes,1,4,0
EMP001759,23,Male,Single,1,Medical,Sales,Manager,1,2,1,1,1,2915,1,11,14,2,4,2,3,3,3,Travel_Rarely,No,1,4,0
EMP001760,28,Female,Married,2,Technical Degree,IT,Data Scientist,2,10,0,0,0,6635,0,7,12,2,4,3,1,2,3,Travel_Rarely,Yes,0,2,0
EMP001761,23,Female,Single,3,Life Sciences,Sales,Sales Executive,1,0,0,0,0,3257,0,12,9,1,3,2,2,3,3,Travel_Rarely,Yes,1,3,1
EMP001762,48,Male,Married,1,Technical Degree,Sales,Sales Executive,4,14,2,0,2,15215,2,7,7,4,2,3,3,2,3,Travel_Rarely,Yes,0,2,0
EMP001763,19,Female,Single,4,Technical Degree,Operations,Operations Specialist,1,1,0,0,0,3155,0,17,11,3,3,3,2,3,3,Non-Travel,No,1,3,0
EMP001764,21,Male,Single,3,Life Sciences,Sales,Manager,2,1,0,0,0,5762,0,10,4,3,3,3,4,3,3,Non-Travel,No,1,3,0
EMP001765,23,Female,Single,4,Marketing,Sales,Sales Representative,1,5,0,0,0,3709,0,11,18,1,3,2,3,4,1,Travel_Frequently,Yes,0,2,1
EMP001766,38,Male,Single,1,Life Sciences,Sales,Manager,4,0,0,0,0,12467,3,15,3,2,3,3,3,3,4,Travel_Rarely,Yes,3,3,0
EMP001767,27,Male,Single,3,Technical Degree,R&D,Manager,1,1,1,1,0,2717,1,11,6,2,3,3,4,3,0,Travel_Rarely,No,1,4,0
EMP001768,24,Male,Single,3,Life Sciences,Marketing,Marketing Manager,1,6,3,0,0,4117,0,12,25,1,2,2,2,3,2,Travel_Frequently,No,1,4,0
EMP001769,33,Male,Married,3,Medical,R&D,Laboratory Technician,3,8,3,2,2,8606,1,7,8,2,2,3,4,3,0,Travel_Rarely,No,0,3,0
EMP001770,47,Male,Married,2,Marketing,R&D,Research Director,4,0,0,0,0,12231,2,14,13,4,4,4,2,3,3,Travel_Rarely,No,0,3,0
EMP001771,25,Female,Divorced,5,Life Sciences,R&D,Manager,2,7,3,0,2,6707,0,14,12,3,2,2,3,3,3,Travel_Rarely,No,3,3,0
EMP001772,34,Female,Single,3,Life Sciences,R&D,Research Scientist,1,0,0,0,0,3262,0,10,19,1,2,1,3,4,1,Non-Travel,No,1,3,0
EMP001773,36,Male,Married,4,Medical,HR,Human Resources,3,2,2,2,0,7736,1,15,3,2,4,4,3,3,1,Travel_Rarely,No,0,3,0
EMP001774,24,Female,Single,3,Medical,HR,Manager,1,0,0,0,0,3260,0,14,6,3,3,4,3,4,1,Travel_Rarely,No,0,3,0
EMP001775,21,Female,Single,5,Other,R&D,Manager,2,0,0,0,0,5156,0,15,3,2,4,2,4,2,0,Travel_Rarely,No,1,3,0
EMP001776,24,Female,Single,3,Life Sciences,Marketing,Marketing Specialist,2,6,0,0,0,5875,1,13,13,2,2,3,3,3,1,Travel_Frequently,No,0,2,0
EMP001777,31,Female,Divorced,5,Medical,Sales,Manager,3,11,0,0,0,9828,2,6,0,4,3,1,2,2,2,Travel_Frequently,No,2,1,0
EMP001778,28,Female,Single,3,Medical,Sales,Sales Executive,2,4,1,1,0,6332,0,10,8,4,3,4,4,1,6,Non-Travel,No,9,3,0
EMP001779,26,Male,Married,1,Life Sciences,Operations,Operations Specialist,2,8,0,0,0,6773,0,5,6,3,2,3,2,3,2,Non-Travel,No,9,3,0
EMP001780,23,Male,Single,3,Marketing,IT,Data Scientist,1,3,0,0,0,3398,0,10,37,4,2,2,2,2,1,Travel_Frequently,No,2,3,1
EMP001781,23,Male,Single,3,Life Sciences,IT,Data Scientist,1,5,0,0,0,4629,0,6,18,3,3,2,4,3,2,Non-Travel,Yes,0,3,1
EMP001782,31,Male,Married,2,Technical Degree,HR,Human Resources,2,0,0,0,0,3599,0,14,8,1,4,3,4,3,5,Travel_Rarely,Yes,1,3,0
EMP001783,27,Female,Married,3,Marketing,R&D,Manager,2,2,0,0,0,4828,0,9,5,3,3,3,4,4,1,Travel_Rarely,No,2,3,0
EMP001784,27,Male,Married,4,Life Sciences,HR,Manager,2,3,0,0,0,4931,1,10,5,2,4,4,2,4,2,Travel_Rarely,No,2,4,0
EMP001785,18,Male,Single,1,Marketing,Sales,Manager,1,1,0,0,0,2680,0,15,14,3,4,1,4,3,4,Travel_Frequently,Yes,0,2,0
EMP001786,25,Male,Married,3,Marketing,IT,Data Scientist,2,2,1,1,0,5024,0,12,25,4,3,4,3,3,2,Travel_Rarely,Yes,0,1,0
EMP001787,38,Male,Married,3,Medical,R&D,Research Director,4,19,0,0,0,18645,3,14,22,3,3,4,3,2,1,Travel_Rarely,Yes,0,3,0
EMP001788,37,Female,Married,4,Life Sciences,Operations,Operations Manager,2,6,3,1,0,5386,0,7,10,2,3,4,3,3,1,Travel_Frequently,No,2,2,0
EMP001789,36,Male,Married,1,Life Sciences,HR,Human Resources,2,3,3,1,0,5859,0,6,16,4,4,2,3,3,0,Travel_Frequently,Yes,1,4,0
EMP001790,35,Female,Married,4,Medical,Sales,Sales Executive,3,2,2,2,2,8661,0,9,2,3,1,2,3,3,1,Travel_Rarely,Yes,3,2,0
EMP001791,29,Male,Married,1,Life Sciences,R&D,Research Scientist,2,5,1,1,0,6947,0,19,26,4,2,4,1,4,1,Travel_Rarely,No,9,3,0
EMP001792,36,Female,Divorced,3,Marketing,Sales,Sales Representative,3,5,2,1,2,9657,2,13,8,3,4,1,1,3,4,Travel_Rarely,Yes,1,3,0
EMP001793,24,Female,Single,3,Technical Degree,IT,Software Engineer,1,5,1,0,1,4374,0,16,10,4,3,3,3,4,5,Non-Travel,Yes,1,3,0
EMP001794,37,Female,Married,5,Other,R&D,Research Director,4,4,0,0,0,16059,2,6,7,3,4,3,3,3,2,Non-Travel,No,5,3,0
EMP001795,25,Female,Married,2,Marketing,R&D,Manager,2,2,2,0,1,4865,0,5,2,3,3,2,4,3,1,Travel_Rarely,Yes,4,4,0
EMP001796,35,Male,Married,2,Technical Degree,Operations,Operations Manager,3,8,3,2,1,9482,0,17,12,1,4,2,2,3,2,Non-Travel,No,0,3,0
EMP001797,33,Female,Married,4,Marketing,Operations,Operations Specialist,2,1,0,0,0,4692,0,18,6,4,3,3,3,3,1,Travel_Rarely,Yes,0,1,1
EMP001798,27,Female,Single,3,Human Resources,Operations,Operations Manager,3,4,2,0,2,6447,1,15,8,3,1,2,3,3,1,Travel_Rarely,No,0,3,1
EMP001799,19,Female,Single,4,Life Sciences,Sales,Manager,1,1,1,0,1,2486,0,15,8,4,3,2,2,1,2,Travel_Rarely,No,0,1,0
EMP001800,40,Female,Married,5,Life Sciences,IT,Manager,3,11,2,0,0,10157,1,10,18,2,3,2,2,4,3,Travel_Frequently,No,1,4,0
EMP001801,32,Female,Married,5,Life Sciences,Operations,Operations Specialist,2,4,4,1,0,5024,1,13,4,4,4,3,3,3,1,Travel_Rarely,No,0,4,0
EMP001802,28,Female,Married,3,Medical,HR,Manager,2,9,0,0,0,6230,0,10,8,4,1,1,2,2,0,Travel_Frequently,No,1,3,1
EMP001803,30,Male,Single,3,Life Sciences,Sales,Manager,2,12,3,0,1,8241,0,13,4,1,3,4,2,3,3,Travel_Rarely,No,2,4,0
EMP001804,20,Male,Married,5,Life Sciences,IT,Data Scientist,1,0,0,0,0,3150,0,15,5,3,2,3,2,4,2,Non-Travel,No,1,3,0
EMP001805,23,Female,Single,2,Medical,Marketing,Marketing Manager,1,4,1,1,0,4360,0,14,16,1,3,2,3,3,3,Non-Travel,No,2,2,0
EMP001806,37,Male,Married,3,Human Resources,IT,Software Engineer,4,10,3,0,0,14946,1,6,2,1,1,1,3,3,1,Travel_Frequently,No,4,1,0
EMP001807,40,Female,Married,3,Human Resources,R&D,Laboratory Technician,3,10,1,0,1,10355,2,15,11,1,4,4,4,2,2,Non-Travel,No,0,3,0
EMP001808,22,Male,Married,3,Technical Degree,Sales,Sales Executive,2,1,0,0,0,6111,0,11,1,1,4,3,3,3,3,Travel_Rarely,Yes,0,2,1
EMP001809,30,Male,Married,5,Medical,HR,Human Resources,2,3,3,1,0,5553,0,19,9,3,3,3,2,2,2,Non-Travel,Yes,4,4,0
EMP001810,29,Female,Single,4,Other,R&D,Research Scientist,2,1,1,0,0,5482,1,13,16,3,1,2,3,2,4,Travel_Frequently,No,2,3,1
EMP001811,35,Female,Married,3,Other,IT,Software Engineer,2,11,0,0,0,6834,1,7,11,3,3,4,3,2,1,Travel_Frequently,No,2,3,0
EMP001812,26,Female,Single,4,Other,Sales,Manager,3,0,0,0,0,8006,1,17,6,2,2,1,2,4,3,Travel_Rarely,No,1,2,1
EMP001813,34,Male,Single,3,Marketing,Sales,Sales Executive,1,1,1,0,0,3006,0,16,6,2,1,4,4,2,1,Travel_Rarely,No,1,3,1
EMP001814,35,Male,Married,5,Life Sciences,R&D,Research Director,3,2,0,0,0,8752,0,5,10,4,4,2,1,4,1,Non-Travel,No,0,2,0
EMP001815,28,Male,Single,3,Life Sciences,R&D,Manager,2,1,0,0,0,4202,1,13,16,2,1,4,1,2,1,Travel_Frequently,No,3,3,0
EMP001816,34,Male,Married,3,Other,HR,Human Resources,2,16,1,1,0,7962,0,10,20,2,4,2,2,3,3,Travel_Rarely,No,3,4,0
EMP001817,24,Male,Single,3,Life Sciences,R&D,Manager,1,1,0,0,0,3522,1,11,3,2,3,4,1,2,0,Travel_Frequently,No,0,4,0
EMP001818,36,Female,Married,3,Life Sciences,IT,Data Scientist,4,2,1,1,0,10192,2,10,42,4,1,2,1,3,6,Travel_Rarely,Yes,0,3,0
EMP001819,21,Male,Single,3,Medical,IT,Data Scientist,2,0,0,0,0,5375,0,9,8,4,2,3,1,4,4,Non-Travel,No,0,2,1
EMP001820,36,Female,Single,2,Life Sciences,Sales,Manager,3,13,3,0,1,11789,1,13,1,3,4,4,3,2,1,Non-Travel,No,9,3,0
EMP001821,36,Male,Married,5,Other,Marketing,Marketing Specialist,3,2,2,0,0,10122,1,10,3,4,3,3,3,4,2,Travel_Frequently,No,1,4,0
EMP001822,31,Male,Married,5,Life Sciences,IT,Manager,2,1,0,0,0,4248,0,11,12,2,3,3,2,2,2,Travel_Rarely,Yes,1,3,1
EMP001823,28,Male,Single,4,Life Sciences,HR,Manager,2,1,0,0,0,4803,0,10,2,1,4,4,2,3,1,Travel_Frequently,No,3,1,0
EMP001824,25,Female,Married,5,Human Resources,Marketing,Marketing Specialist,1,4,1,1,0,4126,1,11,4,3,1,1,4,4,3,Non-Travel,No,0,3,1
EMP001825,34,Male,Married,5,Medical,R&D,Research Scientist,2,16,0,0,0,7760,1,11,6,4,2,3,2,4,5,Travel_Frequently,Yes,1,2,0
EMP001826,20,Male,Single,4,Other,R&D,Manager,1,2,0,0,0,3080,0,11,14,1,4,3,2,2,2,Travel_Rarely,No,1,1,0
EMP001827,25,Female,Married,3,Medical,Sales,Sales Representative,2,7,0,0,0,6369,0,7,7,2,4,3,3,3,5,Travel_Rarely,Yes,1,4,0
EMP001828,32,Female,Single,5,Technical Degree,R&D,Research Director,2,2,2,0,2,5099,0,6,1,1,4,2,3,4,6,Non-Travel,No,0,3,0
EMP001829,25,Female,Single,4,Life Sciences,R&D,Research Director,3,7,4,0,0,9928,1,13,1,4,3,1,3,3,6,Travel_Frequently,Yes,0,2,1
EMP001830,26,Female,Single,2,Marketing,HR,Human Resources,2,2,2,0,1,4817,1,14,10,4,1,2,3,2,4,Travel_Rarely,No,2,2,1
EMP001831,29,Male,Single,3,Life Sciences,Sales,Sales Executive,3,3,0,0,0,8186,0,19,8,4,3,1,3,3,4,Travel_Rarely,Yes,0,2,0
EMP001832,29,Female,Single,3,Human Resources,Sales,Sales Representative,1,3,2,0,1,3601,0,15,29,1,3,2,2,3,3,Travel_Rarely,No,1,3,0
EMP001833,21,Female,Single,5,Life Sciences,R&D,Research Director,2,0,0,0,0,4780,0,19,2,3,4,2,2,3,0,Travel_Rarely,No,1,3,0
EMP001834,27,Female,Married,4,Life Sciences,Sales,Sales Executive,1,0,0,0,0,2596,0,11,5,3,3,2,3,3,4,Travel_Frequently,No,0,1,1
EMP001835,31,Female,Married,5,Other,IT,Data Scientist,2,10,6,0,2,5971,0,13,2,2,4,3,1,4,3,Non-Travel,No,5,3,0
EMP001836,35,Male,Married,4,Medical,IT,Manager,3,11,1,0,0,10723,0,10,4,3,3,4,2,3,2,Travel_Frequently,Yes,0,2,0
EMP001837,39,Male,Married,3,Marketing,R&D,Research Scientist,3,1,0,0,0,7634,1,17,8,1,1,3,1,4,2,Travel_Rarely,Yes,0,2,1
EMP001838,32,Female,Married,4,Technical Degree,Sales,Sales Representative,3,1,1,1,1,8282,1,13,9,1,3,4,2,2,2,Travel_Frequently,No,0,3,1
EMP001839,19,Female,Single,2,Life Sciences,Sales,Sales Representative,1,1,1,0,1,2614,0,20,5,4,3,1,3,3,3,Travel_Rarely,Yes,0,3,0
EMP001840,45,Male,Single,3,Life Sciences,IT,Software Engineer,3,1,1,0,0,9193,1,14,27,3,2,2,2,3,1,Travel_Rarely,Yes,1,1,1
EMP001841,33,Male,Single,4,Other,Operations,Operations Manager,2,10,1,1,0,6954,0,15,1,1,4,3,4,2,3,Travel_Rarely,No,2,3,0
EMP001842,26,Female,Married,4,Life Sciences,R&D,Research Director,2,8,0,0,0,6238,0,6,36,3,4,1,3,4,1,Non-Travel,Yes,2,3,0
EMP001843,27,Male,Single,4,Medical,IT,Manager,2,8,0,0,0,7819,0,13,6,2,3,4,2,3,2,Non-Travel,No,1,3,0
EMP001844,31,Male,Single,3,Technical Degree,Marketing,Marketing Manager,3,11,11,3,2,9377,1,6,2,2,3,2,4,4,3,Travel_Rarely,No,0,2,0
EMP001845,23,Male,Single,4,Life Sciences,Sales,Sales Representative,1,5,1,0,1,4181,0,13,11,1,2,4,3,3,2,Travel_Frequently,Yes,0,2,0
EMP001846,22,Female,Single,3,Technical Degree,Marketing,Marketing Specialist,1,4,0,0,0,3917,0,9,28,3,2,3,3,3,3,Travel_Rarely,No,0,4,0
EMP001847,28,Female,Single,3,Medical,R&D,Research Scientist,1,10,2,0,2,4723,0,16,2,2,4,3,4,2,5,Non-Travel,No,0,4,0
EMP001848,45,Male,Single,3,Other,Operations,Operations Specialist,3,4,1,0,1,8686,0,19,9,2,3,4,2,4,1,Travel_Frequently,Yes,0,2,0
EMP001849,34,Female,Single,4,Life Sciences,R&D,Research Director,2,0,0,0,0,5100,0,11,1,4,3,2,3,3,2,Travel_Rarely,No,0,3,0
EMP001850,23,Male,Single,2,Life Sciences,Sales,Manager,2,4,4,1,0,6149,0,10,18,2,2,1,3,1,4,Travel_Frequently,No,1,3,0
EMP001851,18,Male,Single,3,Technical Degree,Operations,Operations Manager,1,1,1,0,0,3160,0,13,10,3,3,3,2,2,2,Travel_Rarely,No,1,3,0
EMP001852,22,Female,Single,4,Medical,Sales,Manager,1,4,0,0,0,3856,0,12,11,1,4,2,1,2,5,Non-Travel,No,1,4,0
EMP001853,31,Male,Single,4,Medical,Marketing,Marketing Specialist,2,6,1,0,1,6411,1,5,17,4,3,2,1,4,3,Travel_Rarely,Yes,9,3,0
EMP001854,26,Male,Married,3,Technical Degree,Sales,Manager,3,5,1,1,1,6268,1,5,11,3,3,3,4,4,3,Travel_Rarely,No,1,4,0
EMP001855,36,Female,Married,3,Marketing,IT,Data Scientist,3,13,6,2,0,10042,0,14,53,3,4,4,1,4,5,Travel_Rarely,No,0,3,0
EMP001856,23,Male,Single,5,Medical,R&D,Manager,2,1,0,0,0,5282,1,11,5,1,4,4,4,4,5,Travel_Rarely,No,0,2,0
EMP001857,28,Male,Single,5,Life Sciences,Operations,Operations Manager,2,0,0,0,0,3150,0,12,9,4,1,4,2,3,3,Travel_Frequently,No,0,4,1
EMP001858,38,Female,Married,3,Technical Degree,Sales,Sales Representative,2,1,0,0,0,5285,0,12,12,3,4,3,3,3,4,Non-Travel,No,1,4,0
EMP001859,23,Female,Single,3,Life Sciences,R&D,Manager,1,5,5,1,0,4888,0,8,14,1,3,3,4,4,3,Travel_Rarely,No,0,4,0
EMP001860,25,Male,Divorced,4,Other,HR,Manager,2,1,1,1,1,5761,0,12,3,3,2,3,2,3,2,Travel_Frequently,No,4,4,1
EMP001861,27,Male,Married,2,Life Sciences,Operations,Operations Specialist,1,1,1,1,0,2839,0,12,9,4,4,3,2,4,3,Non-Travel,Yes,3,3,0
EMP001862,30,Female,Single,3,Technical Degree,R&D,Manager,2,1,1,1,1,6867,0,13,5,3,3,4,1,3,2,Non-Travel,No,5,2,0
EMP001863,28,Female,Married,3,Medical,R&D,Research Scientist,1,3,0,0,0,2955,0,14,1,4,3,1,4,3,1,Travel_Rarely,No,1,3,1
EMP001864,20,Male,Single,3,Life Sciences,R&D,Laboratory Technician,1,2,2,0,2,3150,0,13,21,4,3,2,3,3,6,Travel_Rarely,No,1,3,1
EMP001865,23,Female,Single,4,Medical,R&D,Research Scientist,1,2,2,0,2,3994,0,5,9,1,4,1,4,1,2,Non-Travel,No,0,4,0
EMP001866,26,Female,Married,3,Life Sciences,IT,Manager,1,0,0,0,0,3008,0,18,14,3,3,2,3,4,3,Travel_Rarely,No,0,2,0
EMP001867,26,Female,Single,2,Life Sciences,Sales,Sales Representative,2,6,1,1,0,6782,0,11,13,1,2,4,4,4,2,Travel_Rarely,No,5,2,0
EMP001868,37,Male,Married,5,Life Sciences,IT,Data Scientist,3,4,0,0,0,10024,1,16,17,1,3,3,1,1,2,Travel_Rarely,No,0,3,0
EMP001869,41,Male,Married,5,Other,R&D,Manager,4,3,2,2,2,14066,1,8,12,1,4,4,3,3,4,Travel_Rarely,No,0,1,0
EMP001870,38,Male,Married,5,Life Sciences,Sales,Manager,2,16,0,0,0,7195,1,21,19,4,1,4,3,3,5,Non-Travel,Yes,2,2,0
EMP001871,22,Male,Married,3,Human Resources,R&D,Research Director,1,3,3,3,1,3261,0,10,4,1,1,2,4,3,3,Travel_Rarely,Yes,1,3,1
EMP001872,39,Female,Married,2,Life Sciences,IT,Data Scientist,3,6,1,0,0,8930,1,9,7,3,2,2,3,3,3,Travel_Frequently,Yes,3,3,0
EMP001873,30,Male,Married,2,Technical Degree,R&D,Research Scientist,2,0,0,0,0,5382,1,15,12,3,3,3,1,4,2,Travel_Rarely,No,0,2,0
EMP001874,26,Female,Single,3,Other,Sales,Manager,3,2,0,0,0,8387,1,16,10,4,3,3,4,3,1,Travel_Rarely,No,0,3,0
EMP001875,28,Male,Single,3,Other,Sales,Sales Representative,1,1,1,1,0,2752,0,15,2,3,2,3,4,3,2,Travel_Rarely,No,1,2,0
EMP001876,31,Female,Married,5,Life Sciences,IT,Manager,2,2,0,0,0,4985,1,9,4,4,4,3,3,3,3,Non-Travel,Yes,2,3,0
EMP001877,39,Male,Divorced,5,Technical Degree,R&D,Manager,2,3,1,0,1,6217,0,5,3,4,2,1,4,3,3,Travel_Rarely,No,0,2,0
EMP001878,34,Male,Married,4,Life Sciences,Operations,Operations Manager,1,0,0,0,0,2000,1,13,5,2,1,3,1,3,6,Travel_Frequently,Yes,5,1,1
EMP001879,19,Male,Married,4,Medical,HR,Human Resources,1,1,1,1,1,3154,1,13,6,4,2,3,3,2,0,Travel_Frequently,Yes,0,3,0
EMP001880,41,Female,Single,4,Technical Degree,R&D,Research Scientist,3,2,0,0,0,9526,0,16,8,2,1,4,3,3,1,Travel_Rarely,No,6,3,0
EMP001881,19,Male,Single,4,Medical,HR,Human Resources,1,1,0,0,0,3711,0,12,0,3,4,3,4,4,3,Travel_Rarely,No,0,3,0
EMP001882,32,Male,Single,5,Medical,R&D,Laboratory Technician,2,5,1,1,0,4608,0,19,7,2,3,2,1,4,2,Travel_Rarely,Yes,0,3,0
EMP001883,35,Male,Married,4,Life Sciences,Marketing,Marketing Manager,4,0,0,0,0,10613,3,14,6,4,4,3,3,1,3,Travel_Frequently,No,0,3,0
EMP001884,34,Female,Married,2,Life Sciences,R&D,Research Scientist,2,5,1,0,0,7287,0,12,8,3,3,3,3,3,5,Travel_Frequently,No,0,4,0
EMP001885,21,Female,Single,2,Life Sciences,Sales,Sales Representative,1,0,0,0,0,2319,0,15,29,3,3,4,3,4,2,Travel_Frequently,No,1,4,1
EMP001886,36,Female,Divorced,4,Other,HR,Human Resources,2,8,1,1,1,6928,1,12,5,4,1,1,1,1,2,Non-Travel,No,1,3,0
EMP001887,31,Female,Married,3,Life Sciences,HR,Human Resources,2,13,2,1,2,8309,0,5,4,1,1,4,2,4,1,Travel_Rarely,No,0,2,0
EMP001888,25,Male,Married,5,Technical Degree,IT,Manager,2,5,0,0,0,6529,1,10,7,3,3,2,1,3,1,Travel_Rarely,No,1,1,0
EMP001889,24,Female,Single,4,Technical Degree,Operations,Operations Specialist,2,6,0,0,0,6591,0,11,19,1,2,3,1,3,3,Travel_Rarely,No,0,1,0
EMP001890,31,Male,Single,4,Marketing,R&D,Manager,3,1,0,0,0,8197,2,18,8,2,3,2,3,4,5,Travel_Frequently,No,1,4,0
EMP001891,32,Male,Married,1,Technical Degree,R&D,Research Director,3,2,0,0,0,8622,2,17,1,2,4,3,2,4,0,Travel_Rarely,No,6,4,0
EMP001892,21,Female,Single,3,Technical Degree,R&D,Manager,1,2,0,0,0,2968,0,11,9,4,1,2,3,3,3,Non-Travel,Yes,0,3,0
EMP001893,32,Female,Single,3,Medical,Marketing,Marketing Specialist,1,0,0,0,0,3045,0,15,24,4,3,3,4,4,4,Travel_Rarely,No,1,4,0
EMP001894,35,Male,Married,4,Medical,Operations,Operations Manager,2,7,1,1,1,7240,1,12,5,2,2,2,2,3,1,Travel_Rarely,No,3,4,0
EMP001895,21,Male,Married,3,Other,Operations,Operations Manager,1,3,0,0,0,2886,1,13,15,3,2,1,3,3,1,Travel_Frequently,Yes,2,2,1
EMP001896,34,Female,Married,5,Human Resources,Sales,Sales Representative,3,3,3,0,2,8183,0,16,1,4,3,3,4,4,0,Travel_Frequently,Yes,1,2,0
EMP001897,36,Female,Married,4,Technical Degree,R&D,Manager,2,5,3,0,2,5406,1,11,9,4,1,4,3,3,2,Travel_Rarely,No,4,3,0
EMP001898,25,Male,Married,4,Life Sciences,R&D,Research Scientist,2,0,0,0,0,5812,0,14,16,4,2,3,2,2,3,Non-Travel,No,2,2,0
EMP001899,43,Male,Married,5,Medical,R&D,Research Scientist,3,8,2,2,2,8968,2,12,9,4,2,3,4,1,5,Non-Travel,No,0,2,0
EMP001900,24,Female,Married,5,Medical,Sales,Sales Executive,1,2,2,2,2,4452,0,13,6,1,3,1,2,3,2,Travel_Rarely,No,2,2,0
EMP001901,26,Female,Married,2,Technical Degree,Sales,Sales Executive,2,0,0,0,0,6213,1,12,4,1,2,3,3,3,1,Travel_Rarely,No,3,3,0
EMP001902,24,Female,Single,4,Technical Degree,R&D,Manager,1,1,1,1,0,2763,0,14,3,4,2,3,3,3,3,Travel_Rarely,No,2,2,1
EMP001903,41,Male,Married,2,Marketing,R&D,Laboratory Technician,2,1,0,0,0,4350,0,13,5,2,4,2,3,4,4,Travel_Rarely,No,2,1,0
EMP001904,27,Male,Single,3,Technical Degree,R&D,Manager,2,0,0,0,0,5988,0,15,17,1,1,4,4,2,2,Travel_Rarely,No,1,4,0
EMP001905,26,Male,Single,2,Life Sciences,Sales,Manager,1,1,1,0,1,3108,0,13,13,4,4,3,2,4,0,Non-Travel,No,4,2,0
EMP001906,23,Female,Single,4,Technical Degree,IT,Data Scientist,1,5,4,0,1,3485,0,15,24,2,4,4,4,2,0,Travel_Rarely,Yes,0,3,0
EMP001907,39,Male,Single,3,Life Sciences,R&D,Manager,2,3,0,0,0,4720,0,7,6,2,4,2,1,3,2,Travel_Rarely,No,3,4,0
EMP001908,24,Male,Single,4,Technical Degree,IT,Software Engineer,1,4,3,0,1,4333,0,10,7,1,2,2,2,3,2,Travel_Rarely,No,1,3,0
EMP001909,24,Male,Single,4,Life Sciences,R&D,Manager,1,0,0,0,0,3108,0,11,17,4,4,3,4,3,0,Travel_Rarely,No,0,3,0
EMP001910,19,Female,Single,4,Life Sciences,IT,Data Scientist,1,0,0,0,0,2509,0,14,13,3,3,3,1,4,1,Travel_Rarely,No,1,3,0
EMP001911,24,Male,Single,3,Life Sciences,Sales,Sales Executive,1,1,1,0,0,3205,0,17,5,2,3,4,3,4,2,Non-Travel,No,2,3,0
EMP001912,21,Female,Single,4,Other,Sales,Sales Executive,1,3,0,0,0,3573,1,10,10,4,4,4,2,2,3,Travel_Frequently,No,1,3,0
EMP001913,28,Female,Single,4,Marketing,IT,Manager,2,4,4,0,3,6440,0,8,1,4,1,3,4,4,6,Travel_Rarely,No,1,4,0
EMP001914,34,Female,Married,3,Medical,Marketing,Marketing Specialist,1,0,0,0,0,2608,0,9,6,3,1,2,1,3,3,Travel_Rarely,No,0,4,0
EMP001915,25,Male,Single,5,Technical Degree,Sales,Sales Executive,1,7,1,1,1,4069,0,5,4,3,2,3,1,3,5,Non-Travel,No,5,3,0
EMP001916,26,Female,Married,3,Marketing,Sales,Sales Representative,3,0,0,0,0,7389,1,12,17,2,3,2,2,2,2,Non-Travel,No,2,4,0
EMP001917,22,Male,Single,3,Marketing,Operations,Operations Specialist,1,2,2,1,0,3586,1,13,18,3,4,2,2,3,2,Travel_Rarely,Yes,2,4,0
EMP001918,41,Male,Married,4,Medical,Sales,Sales Representative,4,23,0,0,0,14309,3,5,8,3,4,3,4,1,3,Travel_Frequently,Yes,1,4,0
EMP001919,39,Female,Married,2,Life Sciences,R&D,Research Director,4,0,0,0,0,13447,1,14,25,3,4,4,4,3,3,Travel_Rarely,No,5,4,0
EMP001920,34,Male,Married,3,Life Sciences,Marketing,Marketing Manager,2,8,0,0,0,6314,0,6,14,3,3,1,2,3,4,Travel_Rarely,Yes,1,2,0
EMP001921,33,Female,Single,4,Life Sciences,IT,Software Engineer,1,8,7,2,0,5077,0,11,1,1,3,3,3,3,0,Travel_Rarely,No,2,3,0
EMP001922,22,Male,Single,3,Technical Degree,R&D,Research Scientist,1,2,1,0,0,2894,1,13,15,3,1,4,3,2,3,Travel_Frequently,No,0,3,1
EMP001923,31,Male,Married,3,Life Sciences,Operations,Operations Manager,2,13,3,2,0,7440,1,5,20,4,4,3,3,4,2,Non-Travel,Yes,4,3,0
EMP001924,31,Female,Married,4,Medical,HR,Human Resources,3,1,1,1,0,7568,0,12,15,1,3,3,4,3,1,Travel_Rarely,No,1,4,1
EMP001925,32,Male,Married,4,Medical,Sales,Sales Representative,3,1,1,0,1,10916,0,13,19,3,2,4,3,3,4,Travel_Rarely,No,0,3,0
EMP001926,19,Female,Single,4,Life Sciences,IT,Software Engineer,2,0,0,0,0,5056,0,18,10,3,1,4,3,3,4,Travel_Frequently,Yes,1,2,0
EMP001927,24,Female,Married,5,Human Resources,R&D,Research Director,1,2,2,0,0,2913,0,13,10,4,4,3,3,4,4,Non-Travel,No,0,2,0
EMP001928,22,Male,Married,3,Other,HR,Manager,1,1,1,0,1,2364,1,16,4,1,3,2,4,2,3,Non-Travel,Yes,1,2,1
EMP001929,24,Male,Single,4,Life Sciences,Operations,Operations Specialist,2,4,1,1,0,6071,1,13,1,3,3,3,2,3,2,Non-Travel,Yes,0,2,0
EMP001930,25,Male,Single,4,Technical Degree,Sales,Sales Representative,1,0,0,0,0,2669,0,16,2,3,2,2,4,3,2,Non-Travel,No,0,4,0
EMP001931,29,Female,Married,3,Medical,IT,Software Engineer,1,1,1,1,1,2724,1,10,8,2,3,4,2,3,4,Travel_Rarely,Yes,0,1,0
EMP001932,32,Female,Married,5,Technical Degree,R&D,Research Scientist,3,0,0,0,0,8789,1,6,5,1,2,3,3,3,0,Non-Travel,Yes,5,3,1
EMP001933,38,Female,Married,5,Life Sciences,R&D,Laboratory Technician,2,0,0,0,0,4884,1,10,22,2,3,4,3,1,2,Travel_Rarely,Yes,0,1,0
EMP001934,23,Male,Single,3,Life Sciences,IT,Manager,2,5,5,0,1,6138,1,9,26,4,2,2,4,3,2,Travel_Rarely,No,1,3,0
EMP001935,34,Male,Single,4,Other,IT,Software Engineer,1,6,0,0,0,4230,0,13,2,3,2,3,3,4,2,Travel_Rarely,No,9,3,0
EMP001936,28,Male,Married,4,Other,Marketing,Marketing Specialist,2,6,1,0,1,6030,0,12,7,2,4,1,4,3,6,Travel_Rarely,No,4,4,0
EMP001937,19,Male,Single,3,Medical,Marketing,Marketing Specialist,1,1,1,0,1,3749,1,11,8,4,3,1,3,4,2,Travel_Rarely,No,2,3,0
EMP001938,29,Female,Married,5,Other,HR,Manager,2,6,4,1,4,4764,1,12,8,3,4,2,4,1,4,Travel_Frequently,Yes,0,4,0
EMP001939,38,Female,Married,4,Technical Degree,R&D,Research Scientist,4,1,1,1,1,9137,3,8,17,2,4,2,4,3,5,Travel_Frequently,No,0,2,0
EMP001940,37,Male,Divorced,4,Life Sciences,R&D,Manager,4,1,1,1,1,11149,2,16,13,4,2,4,3,3,0,Travel_Rarely,Yes,0,3,0
EMP001941,26,Female,Single,3,Medical,R&D,Research Director,1,4,2,2,1,3947,0,9,2,4,4,3,4,2,2,Travel_Rarely,No,2,3,0
EMP001942,28,Male,Single,3,Life Sciences,R&D,Laboratory Technician,2,6,1,1,1,6665,0,20,6,4,3,4,2,3,2,Non-Travel,Yes,2,2,0
EMP001943,33,Female,Single,3,Technical Degree,HR,Manager,3,1,0,0,0,6395,1,11,15,3,2,4,2,1,5,Travel_Rarely,No,9,1,0
EMP001944,32,Male,Married,4,Human Resources,IT,Data Scientist,2,5,0,0,0,6884,0,5,3,1,3,4,2,2,2,Travel_Frequently,No,1,2,0
EMP001945,30,Female,Married,4,Marketing,HR,Manager,2,12,0,0,0,9011,0,16,5,4,4,2,3,3,1,Travel_Rarely,No,0,2,0
EMP001946,25,Male,Single,2,Technical Degree,Operations,Operations Manager,2,3,3,0,2,5859,0,6,12,4,3,3,4,2,1,Travel_Frequently,Yes,0,2,0
EMP001947,36,Female,Married,3,Technical Degree,R&D,Laboratory Technician,3,2,2,0,2,7786,2,11,8,3,2,4,3,4,4,Travel_Frequently,No,0,3,0
EMP001948,25,Male,Single,3,Life Sciences,R&D,Manager,1,1,1,0,0,3648,0,14,15,4,3,3,4,3,2,Travel_Rarely,No,1,2,0
EMP001949,35,Male,Married,4,Medical,IT,Data Scientist,2,2,0,0,0,6272,0,14,1,3,3,2,1,3,2,Travel_Frequently,Yes,2,3,0
EMP001950,22,Male,Single,4,Medical,HR,Human Resources,1,3,0,0,0,3452,0,8,13,3,4,2,3,3,2,Travel_Rarely,No,0,2,0
EMP001951,33,Male,Married,3,Marketing,Sales,Manager,2,14,0,0,0,7472,1,10,18,3,2,4,4,4,2,Travel_Frequently,No,2,3,0
EMP001952,22,Female,Single,2,Other,R&D,Laboratory Technician,2,1,1,0,1,5171,0,16,4,3,2,2,3,3,4,Travel_Rarely,Yes,0,2,1
EMP001953,35,Female,Divorced,3,Life Sciences,R&D,Research Scientist,4,1,1,1,1,13791,2,10,17,2,3,4,4,2,4,Travel_Rarely,Yes,0,3,0
EMP001954,39,Female,Married,3,Medical,IT,Manager,3,16,0,0,0,12419,1,14,3,3,3,2,3,3,4,Travel_Rarely,No,0,4,0
EMP001955,28,Female,Married,4,Technical Degree,Marketing,Marketing Manager,2,4,0,0,0,5632,0,14,2,3,1,4,4,3,5,Travel_Rarely,No,0,3,0
EMP001956,32,Male,Single,2,Life Sciences,R&D,Research Director,2,6,5,3,0,6848,0,13,3,3,2,2,3,4,5,Travel_Rarely,No,0,3,0
EMP001957,38,Female,Single,3,Marketing,Sales,Sales Executive,3,8,1,0,1,8947,1,12,24,3,2,4,2,2,1,Travel_Rarely,No,0,3,0
EMP001958,36,Male,Single,4,Life Sciences,Sales,Manager,4,0,0,0,0,15712,1,12,15,1,4,2,2,3,5,Travel_Rarely,No,2,3,0
EMP001959,24,Female,Single,5,Marketing,Sales,Manager,2,3,0,0,0,4855,1,8,0,3,3,3,2,4,1,Travel_Frequently,No,0,3,0
EMP001960,26,Male,Married,5,Technical Degree,Sales,Sales Executive,1,0,0,0,0,3312,0,15,3,1,3,3,4,2,1,Travel_Frequently,No,3,2,0
EMP001961,40,Female,Single,5,Life Sciences,Sales,Sales Representative,4,4,0,0,0,12394,3,11,20,4,3,3,3,4,2,Non-Travel,No,3,2,0
EMP001962,28,Male,Single,4,Technical Degree,R&D,Research Director,1,10,1,1,1,4907,0,9,0,2,3,1,3,3,2,Non-Travel,Yes,3,2,0
EMP001963,32,Male,Married,4,Medical,R&D,Research Scientist,2,0,0,0,0,4786,0,17,14,2,3,3,2,4,5,Travel_Rarely,Yes,2,2,0
EMP001964,26,Male,Single,4,Life Sciences,HR,Manager,1,1,1,1,0,2906,0,17,3,3,4,3,4,3,2,Travel_Frequently,No,1,3,0
EMP001965,29,Male,Single,5,Medical,R&D,Manager,2,11,1,0,1,6594,0,15,5,2,3,1,2,3,0,Non-Travel,No,0,1,0
EMP001966,41,Male,Married,5,Other,IT,Data Scientist,2,0,0,0,0,4241,1,21,4,3,3,2,3,3,2,Travel_Rarely,Yes,0,3,1
EMP001967,26,Male,Married,3,Life Sciences,Operations,Operations Manager,2,0,0,0,0,4909,1,20,12,4,2,4,1,3,1,Travel_Frequently,No,1,2,0
EMP001968,28,Female,Single,3,Medical,R&D,Research Scientist,1,0,0,0,0,3033,1,13,6,3,3,4,2,2,3,Travel_Rarely,No,1,4,0
EMP001969,27,Male,Divorced,3,Technical Degree,Sales,Manager,3,7,6,1,2,8767,0,11,2,2,3,4,4,3,3,Non-Travel,No,1,3,0
EMP001970,35,Female,Married,4,Medical,Sales,Sales Executive,2,6,0,0,0,4596,0,8,8,3,2,2,1,4,1,Travel_Rarely,Yes,0,2,0
EMP001971,31,Male,Single,4,Life Sciences,Sales,Sales Representative,1,7,1,0,0,4412,0,17,13,3,3,3,1,4,2,Travel_Rarely,Yes,0,3,1
EMP001972,25,Male,Single,5,Medical,R&D,Research Scientist,2,7,0,0,0,6278,0,10,4,2,4,2,3,3,1,Travel_Rarely,No,0,3,1
EMP001973,20,Female,Single,3,Technical Degree,HR,Manager,1,2,0,0,0,3832,0,10,9,4,1,2,3,3,3,Travel_Rarely,Yes,1,3,0
EMP001974,29,Male,Single,3,Human Resources,R&D,Laboratory Technician,2,7,2,0,2,6305,1,11,8,4,4,4,1,2,2,Travel_Rarely,Yes,2,1,0
EMP001975,34,Male,Married,5,Life Sciences,Sales,Sales Executive,1,3,0,0,0,3746,0,11,6,2,3,3,3,4,7,Travel_Rarely,Yes,5,3,0
EMP001976,28,Female,Single,3,Marketing,IT,Data Scientist,2,6,2,0,0,7091,0,6,8,3,3,4,1,4,0,Non-Travel,No,0,2,0
EMP001977,32,Male,Single,3,Life Sciences,Sales,Sales Representative,1,4,0,0,0,4692,0,17,3,2,3,3,3,3,3,Travel_Rarely,No,0,4,0
EMP001978,28,Female,Married,4,Technical Degree,Sales,Manager,1,2,0,0,0,3389,0,19,7,3,3,1,3,4,2,Travel_Rarely,No,1,3,0
EMP001979,34,Male,Married,2,Life Sciences,IT,Data Scientist,2,9,0,0,0,5859,1,9,10,4,4,2,4,4,1,Travel_Rarely,No,4,4,0
EMP001980,36,Male,Single,3,Life Sciences,Sales,Manager,4,7,1,0,1,15961,1,17,3,2,4,1,4,1,2,Travel_Rarely,Yes,0,3,0
EMP001981,20,Female,Single,3,Technical Degree,IT,Manager,1,0,0,0,0,2000,0,13,17,3,3,2,4,4,1,Travel_Frequently,Yes,2,1,0
EMP001982,26,Female,Married,2,Life Sciences,Operations,Operations Specialist,1,0,0,0,0,2531,0,19,2,2,1,3,3,2,3,Travel_Rarely,Yes,4,1,0
EMP001983,27,Male,Single,4,Medical,IT,Manager,1,1,1,1,0,2838,0,18,20,4,3,2,2,3,1,Travel_Rarely,Yes,2,4,1
EMP001984,28,Female,Married,3,Human Resources,Sales,Manager,1,2,2,2,0,3736,1,8,19,2,3,3,3,2,0,Travel_Rarely,No,0,2,0
EMP001985,23,Female,Single,3,Human Resources,R&D,Laboratory Technician,1,0,0,0,0,2928,0,15,23,4,3,2,4,2,4,Travel_Rarely,Yes,2,3,0
EMP001986,31,Female,Married,2,Life Sciences,R&D,Manager,2,9,5,0,2,5952,1,15,9,3,3,3,4,3,2,Travel_Frequently,No,3,2,0
EMP001987,24,Male,Single,4,Marketing,Operations,Operations Specialist,1,0,0,0,0,4124,0,20,1,4,3,2,3,4,3,Non-Travel,No,0,1,0
EMP001988,29,Female,Single,3,Marketing,Operations,Operations Specialist,1,3,1,1,1,3430,0,19,1,3,2,3,4,2,2,Travel_Rarely,No,1,1,1
EMP001989,27,Male,Single,3,Medical,Sales,Sales Executive,2,0,0,0,0,4145,0,19,32,3,3,3,2,3,4,Non-Travel,No,3,1,0
EMP001990,22,Male,Single,3,Other,Marketing,Marketing Manager,1,3,2,2,2,3049,0,11,7,4,1,4,3,3,0,Travel_Rarely,No,0,4,0
EMP001991,26,Male,Divorced,3,Technical Degree,Sales,Sales Representative,1,3,3,1,0,3050,0,13,6,3,4,4,3,2,1,Non-Travel,No,2,3,0
EMP001992,33,Female,Married,3,Technical Degree,R&D,Research Director,3,7,0,0,0,9449,0,12,5,2,4,3,3,4,3,Travel_Rarely,No,1,2,0
EMP001993,25,Female,Single,3,Life Sciences,R&D,Manager,2,5,1,0,1,5619,0,8,9,2,3,3,4,2,5,Travel_Rarely,No,1,2,0
EMP001994,31,Female,Married,5,Medical,R&D,Manager,2,9,1,0,0,6411,1,13,1,3,3,2,2,2,2,Travel_Rarely,Yes,0,3,0
EMP001995,29,Female,Single,5,Medical,Marketing,Marketing Manager,1,3,0,0,0,3656,0,10,15,3,3,3,1,2,2,Non-Travel,No,2,2,0
EMP001996,20,Male,Single,4,Life Sciences,R&D,Manager,1,2,0,0,0,3297,0,10,12,1,2,3,1,4,1,Non-Travel,Yes,0,4,1
EMP001997,20,Male,Single,1,Life Sciences,IT,Software Engineer,1,2,1,1,0,3531,0,7,20,1,3,1,2,3,3,Non-Travel,Yes,1,1,1
EMP001998,22,Female,Married,4,Life Sciences,Operations,Operations Specialist,2,4,1,1,1,5575,0,10,2,3,2,1,3,1,2,Travel_Frequently,Yes,2,2,1
EMP001999,22,Female,Single,2,Life Sciences,IT,Manager,1,4,0,0,0,3651,0,7,20,3,1,2,4,2,4,Travel_Rarely,Yes,2,3,0
EMP002000,47,Male,Married,4,Life Sciences,R&D,Laboratory Technician,5,6,2,2,2,17058,1,18,5,1,1,3,2,3,4,Travel_Rarely,No,0,2,0
EMP002001,33,Male,Married,3,Life Sciences,IT,Data Scientist,2,2,0,0,0,5288,1,11,11,3,1,4,2,4,1,Travel_Rarely,No,0,2,0
EMP002002,27,Male,Married,4,Life Sciences,R&D,Laboratory Technician,1,0,0,0,0,3239,0,16,15,4,2,1,2,3,3,Travel_Frequently,Yes,4,4,1
EMP002003,27,Male,Married,5,Medical,IT,Data Scientist,3,2,2,2,2,9548,0,5,3,3,1,4,3,3,5,Travel_Rarely,No,0,2,1
EMP002004,26,Male,Married,3,Marketing,Sales,Manager,1,0,0,0,0,3033,0,14,5,3,2,3,2,3,3,Travel_Rarely,No,0,4,0
EMP002005,34,Male,Single,3,Medical,HR,Manager,2,4,3,0,0,3251,0,5,18,1,1,3,3,3,2,Non-Travel,No,3,2,0
EMP002006,25,Female,Married,4,Other,IT,Data Scientist,3,1,1,0,0,10110,2,19,8,4,4,3,3,2,6,Travel_Rarely,No,0,2,0
EMP002007,27,Male,Married,2,Marketing,IT,Software Engineer,3,9,0,0,0,8967,1,11,6,3,1,4,1,3,2,Travel_Rarely,No,0,3,0
EMP002008,33,Female,Married,5,Technical Degree,Operations,Operations Manager,2,1,1,1,1,5253,0,16,6,3,4,3,3,2,2,Non-Travel,No,3,4,0
EMP002009,26,Male,Married,3,Other,Sales,Sales Representative,1,0,0,0,0,3270,0,13,1,1,1,2,2,4,1,Non-Travel,No,0,3,0
EMP002010,21,Male,Single,2,Life Sciences,R&D,Laboratory Technician,1,3,0,0,0,4023,0,13,5,3,2,3,3,4,4,Travel_Rarely,No,1,1,0
EMP002011,40,Female,Married,4,Medical,R&D,Manager,3,2,0,0,0,11607,0,19,8,2,4,4,3,3,3,Travel_Frequently,No,1,3,1
EMP002012,30,Female,Single,3,Medical,R&D,Research Scientist,3,2,1,0,1,8688,0,13,32,1,2,2,4,4,1,Travel_Rarely,Yes,1,4,0
EMP002013,33,Female,Single,2,Medical,R&D,Research Director,3,10,2,0,0,10870,1,10,2,3,3,3,3,3,2,Travel_Frequently,No,2,2,0
EMP002014,33,Female,Married,4,Life Sciences,Sales,Sales Executive,3,5,0,0,0,9271,2,10,11,3,2,3,1,3,3,Travel_Rarely,No,0,3,0
EMP002015,35,Female,Married,4,Technical Degree,IT,Software Engineer,4,3,1,0,0,14405,2,5,10,1,4,3,3,2,1,Non-Travel,No,0,3,0
EMP002016,22,Male,Married,4,Life Sciences,Marketing,Marketing Specialist,1,1,0,0,0,3660,0,15,18,4,1,4,4,4,2,Travel_Rarely,No,0,2,0
EMP002017,21,Male,Single,4,Human Resources,Sales,Sales Representative,1,1,1,0,0,3785,0,15,11,3,2,2,3,2,2,Travel_Rarely,No,2,4,0
EMP002018,40,Female,Married,2,Technical Degree,Sales,Sales Representative,3,4,4,0,1,7486,0,14,6,1,3,1,3,4,4,Travel_Rarely,No,1,3,0
EMP002019,30,Male,Married,3,Marketing,Sales,Sales Executive,1,3,2,1,0,3519,1,14,3,2,4,2,3,3,1,Travel_Rarely,Yes,0,4,0
EMP002020,18,Male,Single,3,Life Sciences,R&D,Research Director,1,1,0,0,0,3661,0,13,13,1,3,4,1,3,4,Travel_Rarely,No,2,3,0
EMP002021,30,Male,Married,5,Marketing,IT,Manager,2,1,0,0,0,5038,1,17,10,4,4,3,2,2,1,Travel_Rarely,No,2,4,0
EMP002022,22,Male,Single,1,Life Sciences,Sales,Manager,1,4,0,0,0,4010,1,17,20,3,4,4,3,4,3,Non-Travel,No,1,4,0
EMP002023,24,Female,Single,3,Life Sciences,HR,Manager,1,5,2,2,0,4074,0,18,16,1,4,2,3,4,0,Travel_Rarely,Yes,1,4,0
EMP002024,29,Male,Single,5,Technical Degree,Sales,Sales Executive,1,11,1,0,1,5097,0,10,3,2,2,3,3,4,3,Travel_Frequently,Yes,3,3,0
EMP002025,25,Male,Single,5,Medical,Operations,Operations Manager,2,3,3,2,0,4263,0,12,1,3,3,3,3,3,3,Non-Travel,No,2,4,0
EMP002026,40,Female,Married,4,Medical,Marketing,Marketing Specialist,3,22,1,1,1,11689,0,15,4,3,3,3,3,2,2,Travel_Frequently,No,3,2,0
EMP002027,21,Female,Single,2,Technical Degree,Operations,Operations Manager,1,3,3,2,2,3776,0,7,2,3,1,2,2,3,4,Travel_Rarely,Yes,0,3,0
EMP002028,32,Female,Divorced,4,Life Sciences,Sales,Sales Executive,3,3,2,2,0,8892,2,12,8,3,4,2,2,4,4,Travel_Rarely,No,2,4,0
EMP002029,28,Female,Married,3,Marketing,R&D,Research Scientist,2,1,0,0,0,4909,0,13,4,3,2,3,2,4,2,Travel_Rarely,No,0,1,0
EMP002030,22,Female,Married,4,Marketing,Sales,Manager,1,0,0,0,0,2891,0,17,7,1,3,4,3,4,3,Travel_Rarely,No,0,4,0
EMP002031,35,Female,Married,2,Medical,HR,Human Resources,2,14,0,0,0,9363,0,10,27,4,3,4,3,3,2,Travel_Rarely,Yes,1,4,0
EMP002032,30,Male,Divorced,2,Technical Degree,Sales,Sales Representative,2,12,2,0,2,7535,1,11,3,4,2,1,3,4,1,Travel_Rarely,Yes,5,2,0
EMP002033,20,Male,Single,3,Other,IT,Manager,1,2,1,0,1,3124,0,9,23,2,3,3,1,3,2,Non-Travel,Yes,2,4,0
EMP002034,33,Female,Single,2,Medical,HR,Manager,1,1,1,1,1,2645,0,7,4,1,2,3,2,3,2,Travel_Rarely,No,0,3,0
EMP002035,25,Female,Single,4,Medical,HR,Manager,2,7,0,0,0,7180,0,9,2,3,2,3,3,4,3,Travel_Rarely,No,0,4,0
EMP002036,39,Female,Married,4,Marketing,IT,Manager,3,7,1,1,1,9410,2,16,4,4,3,3,4,3,1,Travel_Rarely,No,0,3,0
EMP002037,34,Female,Single,4,Technical Degree,R&D,Manager,2,0,0,0,0,4332,0,10,3,3,3,1,4,3,6,Travel_Frequently,No,0,4,0
EMP002038,30,Female,Married,3,Technical Degree,R&D,Research Director,2,1,1,0,0,3788,0,15,0,1,3,3,4,4,4,Travel_Rarely,No,0,3,0
EMP002039,28,Male,Single,5,Life Sciences,HR,Manager,3,0,0,0,0,7849,1,15,8,2,2,1,1,4,1,Non-Travel,No,3,3,0
EMP002040,39,Male,Married,2,Life Sciences,Operations,Operations Specialist,3,4,3,1,1,11229,2,9,3,3,4,4,4,2,4,Non-Travel,No,3,4,0
EMP002041,26,Male,Married,3,Other,HR,Human Resources,3,3,2,2,1,10027,0,15,5,2,2,1,3,2,2,Travel_Rarely,No,0,4,0
EMP002042,19,Male,Single,3,Life Sciences,HR,Manager,1,0,0,0,0,2772,1,14,4,3,2,4,1,3,1,Non-Travel,Yes,0,4,1
EMP002043,30,Male,Married,2,Marketing,Operations,Operations Specialist,1,2,1,0,1,3623,0,11,7,3,3,2,4,3,1,Travel_Rarely,Yes,0,2,0
EMP002044,32,Male,Married,2,Technical Degree,R&D,Laboratory Technician,1,14,0,0,0,5153,0,17,5,1,4,3,3,3,2,Non-Travel,No,0,3,0
EMP002045,24,Female,Married,3,Medical,Operations,Operations Manager,1,5,0,0,0,3907,1,5,13,3,2,3,4,4,2,Travel_Rarely,No,0,2,0
EMP002046,26,Female,Single,5,Marketing,Sales,Manager,2,8,2,0,2,6617,0,5,9,3,3,3,3,3,5,Travel_Rarely,No,0,4,0
EMP002047,28,Female,Divorced,5,Life Sciences,R&D,Research Scientist,2,9,2,0,2,5773,1,18,4,2,1,3,2,2,2,Travel_Rarely,No,5,3,0
EMP002048,19,Male,Single,3,Human Resources,Sales,Sales Executive,1,1,1,0,1,2791,0,18,7,4,3,4,3,2,3,Travel_Rarely,Yes,0,4,1
EMP002049,37,Male,Divorced,2,Life Sciences,R&D,Research Director,3,0,0,0,0,7161,0,18,7,3,2,4,4,3,2,Travel_Rarely,Yes,0,4,0
EMP002050,28,Female,Single,2,Medical,Sales,Sales Executive,2,1,1,0,1,5506,1,23,3,3,3,4,2,4,1,Travel_Rarely,No,2,3,0
EMP002051,42,Male,Married,3,Marketing,Sales,Sales Representative,3,2,0,0,0,8709,0,15,24,3,3,4,3,3,0,Travel_Rarely,No,4,4,0
EMP002052,36,Female,Married,3,Technical Degree,Sales,Sales Representative,3,5,2,0,1,7899,1,12,13,3,4,4,3,2,2,Non-Travel,Yes,3,3,0
EMP002053,28,Male,Single,2,Life Sciences,R&D,Laboratory Technician,2,4,4,0,0,6259,0,6,5,3,4,4,3,3,2,Travel_Rarely,No,3,3,0
EMP002054,23,Male,Single,4,Medical,Sales,Sales Executive,1,1,0,0,0,3206,0,15,4,1,3,3,2,3,1,Travel_Frequently,No,1,1,1
EMP002055,31,Male,Married,4,Life Sciences,IT,Data Scientist,3,1,1,0,1,10279,0,12,6,4,3,1,2,3,1,Travel_Frequently,No,1,2,0
EMP002056,36,Male,Married,3,Medical,Sales,Sales Representative,3,2,1,0,1,6889,2,11,10,4,3,3,2,3,4,Travel_Rarely,No,2,3,0
EMP002057,22,Male,Single,4,Technical Degree,R&D,Laboratory Technician,1,1,0,0,0,3928,0,6,1,1,3,1,3,3,1,Travel_Rarely,No,2,3,1
EMP002058,22,Female,Single,4,Life Sciences,Sales,Manager,1,4,0,0,0,3583,0,5,18,2,3,1,2,4,2,Travel_Rarely,No,0,4,0
EMP002059,37,Male,Single,3,Technical Degree,Sales,Manager,3,16,0,0,0,13100,0,10,8,1,3,1,3,4,1,Travel_Frequently,Yes,0,3,0
EMP002060,32,Female,Married,2,Technical Degree,Marketing,Marketing Specialist,3,0,0,0,0,8772,2,15,5,2,2,4,2,3,1,Travel_Frequently,Yes,1,4,0
EMP002061,30,Male,Single,5,Other,IT,Data Scientist,2,6,3,1,0,5186,0,9,31,3,3,2,2,3,3,Travel_Rarely,No,1,3,0
EMP002062,27,Male,Single,4,Marketing,IT,Manager,2,1,0,0,0,5307,0,14,8,1,4,3,2,3,2,Travel_Rarely,Yes,0,2,1
EMP002063,36,Female,Married,3,Medical,R&D,Research Director,3,6,5,0,0,10940,2,9,19,3,1,2,2,3,7,Travel_Rarely,Yes,2,2,1
EMP002064,24,Female,Single,4,Medical,Sales,Sales Executive,1,6,6,0,2,3869,0,7,36,4,1,4,3,3,1,Travel_Rarely,No,0,2,0
EMP002065,24,Male,Married,3,Human Resources,Sales,Manager,1,0,0,0,0,3534,0,17,18,2,3,4,4,4,5,Travel_Rarely,Yes,0,3,0
EMP002066,23,Male,Single,4,Other,HR,Manager,1,5,5,0,1,4531,1,8,12,3,3,3,3,2,0,Travel_Frequently,No,1,2,0
EMP002067,23,Male,Single,3,Medical,IT,Manager,2,5,0,0,0,7169,0,7,18,1,3,1,3,4,2,Travel_Rarely,No,0,4,0
EMP002068,27,Female,Single,3,Other,Marketing,Marketing Specialist,3,1,0,0,0,8851,0,21,12,3,4,3,2,3,0,Travel_Rarely,Yes,3,3,0
EMP002069,49,Male,Married,4,Technical Degree,R&D,Research Scientist,4,0,0,0,0,10660,2,15,14,4,3,4,2,3,4,Non-Travel,No,8,4,0
EMP002070,30,Female,Married,4,Other,R&D,Research Director,2,4,0,0,0,6346,0,12,14,3,4,2,2,4,1,Travel_Rarely,No,2,1,0
EMP002071,32,Male,Single,2,Technical Degree,Sales,Sales Executive,1,3,3,1,3,4144,1,9,6,3,4,3,2,4,0,Travel_Frequently,Yes,3,3,0
EMP002072,23,Female,Single,2,Other,IT,Data Scientist,1,5,0,0,0,4374,0,15,8,3,1,2,3,3,1,Travel_Rarely,Yes,1,3,0
EMP002073,32,Male,Single,3,Other,R&D,Laboratory Technician,2,2,1,0,1,3769,0,11,11,3,3,3,3,3,2,Non-Travel,No,0,4,0
EMP002074,27,Male,Married,3,Life Sciences,R&D,Laboratory Technician,2,2,1,0,1,5571,0,7,3,2,2,2,1,3,4,Travel_Frequently,Yes,2,3,0
EMP002075,26,Female,Single,3,Human Resources,Marketing,Marketing Specialist,2,6,6,0,0,6740,0,18,6,3,4,4,3,4,3,Non-Travel,No,0,2,0
EMP002076,38,Female,Married,4,Medical,IT,Software Engineer,3,0,0,0,0,9817,1,10,9,2,2,2,3,4,2,Travel_Rarely,No,0,4,0
EMP002077,34,Female,Married,2,Medical,Sales,Manager,2,0,0,0,0,3831,1,16,4,3,1,4,1,3,4,Travel_Frequently,No,2,3,0
EMP002078,25,Female,Married,4,Technical Degree,Sales,Manager,3,3,3,1,0,7271,1,5,2,2,1,2,4,2,2,Travel_Rarely,No,0,3,0
EMP002079,31,Female,Married,4,Technical Degree,IT,Data Scientist,2,0,0,0,0,4960,0,16,14,3,3,4,3,3,2,Travel_Frequently,No,8,3,0
EMP002080,40,Female,Married,2,Other,HR,Manager,4,13,1,1,0,19180,3,18,2,2,2,3,2,4,3,Travel_Rarely,Yes,2,3,0
EMP002081,42,Female,Single,4,Medical,IT,Software Engineer,3,5,1,0,1,9935,1,6,3,3,2,2,3,4,3,Travel_Rarely,No,4,1,0
EMP002082,31,Female,Married,5,Medical,Sales,Sales Executive,2,7,0,0,0,5861,0,17,10,2,4,1,4,3,5,Travel_Rarely,Yes,1,3,0
EMP002083,36,Male,Married,2,Life Sciences,Marketing,Marketing Specialist,3,1,1,1,1,8161,0,13,11,2,1,2,1,3,0,Travel_Rarely,Yes,1,3,1
EMP002084,33,Female,Married,5,Medical,IT,Data Scientist,2,3,0,0,0,6133,0,12,25,4,3,4,4,4,3,Non-Travel,No,3,3,0
EMP002085,29,Female,Single,4,Technical Degree,Marketing,Marketing Manager,2,0,0,0,0,5256,0,8,5,1,3,3,3,4,7,Travel_Rarely,Yes,1,3,0
EMP002086,25,Female,Married,4,Medical,R&D,Research Director,3,1,0,0,0,8494,2,16,5,1,3,3,3,2,1,Non-Travel,No,0,2,0
EMP002087,32,Female,Married,2,Medical,R&D,Research Director,2,4,2,2,2,5469,0,8,37,4,4,4,2,4,2,Travel_Rarely,No,1,3,0
EMP002088,28,Male,Single,4,Life Sciences,Sales,Sales Representative,1,1,0,0,0,3025,0,13,9,1,1,3,1,2,2,Travel_Rarely,No,2,4,0
EMP002089,32,Male,Married,3,Technical Degree,Operations,Operations Specialist,2,12,2,0,0,7677,0,15,14,4,2,2,1,4,5,Travel_Rarely,Yes,0,2,0
EMP002090,24,Male,Married,4,Life Sciences,Sales,Sales Executive,1,6,0,0,0,4486,0,10,18,1,4,3,3,3,3,Travel_Frequently,Yes,0,3,0
EMP002091,32,Male,Married,4,Technical Degree,Sales,Sales Executive,1,0,0,0,0,2191,1,10,11,3,2,3,3,2,2,Travel_Frequently,No,2,4,1
EMP002092,24,Male,Single,3,Medical,Sales,Sales Executive,2,6,3,0,1,6072,0,17,4,3,3,2,4,4,3,Non-Travel,Yes,3,4,0
EMP002093,22,Female,Single,3,Life Sciences,IT,Data Scientist,1,0,0,0,0,3592,0,13,7,3,2,4,3,1,2,Travel_Rarely,Yes,0,1,0
EMP002094,39,Female,Married,2,Other,Marketing,Marketing Specialist,2,4,2,0,2,7441,0,10,5,3,1,2,3,3,2,Travel_Rarely,Yes,0,2,0
EMP002095,31,Female,Married,2,Medical,IT,Software Engineer,1,1,0,0,0,3585,1,17,10,2,2,3,3,2,3,Travel_Rarely,No,6,3,1
EMP002096,22,Male,Single,5,Marketing,HR,Human Resources,1,4,2,1,1,4062,0,15,1,4,4,4,4,2,2,Travel_Rarely,No,1,3,0
EMP002097,29,Female,Single,2,Technical Degree,Operations,Operations Manager,2,10,3,0,3,7872,0,20,17,3,2,2,3,3,4,Travel_Frequently,No,0,3,0
EMP002098,30,Female,Single,3,Technical Degree,Sales,Sales Representative,2,4,4,0,0,6063,0,9,2,4,3,4,2,4,2,Travel_Rarely,No,1,1,0
EMP002099,32,Male,Single,3,Technical Degree,Marketing,Marketing Specialist,1,0,0,0,0,2476,1,12,12,2,1,3,2,4,1,Travel_Frequently,Yes,1,3,0
EMP002100,36,Female,Married,5,Technical Degree,R&D,Manager,3,7,2,2,1,9019,2,13,18,3,3,2,2,2,4,Travel_Rarely,No,1,3,0
EMP002101,30,Female,Single,3,Marketing,R&D,Manager,2,3,3,1,1,4533,0,14,7,3,3,3,2,4,1,Travel_Rarely,No,0,2,1
EMP002102,24,Male,Single,5,Medical,Sales,Manager,1,4,2,2,1,4200,0,12,7,3,3,3,4,3,1,Travel_Rarely,No,5,2,0
EMP002103,22,Female,Single,4,Life Sciences,Sales,Manager,1,4,1,0,1,2901,0,12,10,3,1,2,2,3,5,Travel_Rarely,Yes,2,4,1
EMP002104,29,Female,Married,5,Other,R&D,Laboratory Technician,2,2,2,0,2,5646,0,13,11,2,1,4,2,2,2,Travel_Rarely,No,3,3,0
EMP002105,33,Male,Single,2,Human Resources,Sales,Manager,2,0,0,0,0,5327,0,14,17,1,4,3,3,3,2,Non-Travel,No,3,4,0
EMP002106,26,Female,Single,3,Medical,R&D,Manager,3,2,1,0,1,8369,1,9,6,2,2,4,2,4,1,Non-Travel,Yes,1,4,0
EMP002107,25,Male,Single,2,Life Sciences,Sales,Sales Executive,2,2,0,0,0,3341,1,8,7,3,3,4,1,1,6,Travel_Frequently,No,1,1,1
EMP002108,25,Male,Married,3,Life Sciences,Sales,Manager,3,2,1,0,1,6704,0,8,5,4,1,3,3,3,0,Travel_Frequently,Yes,3,3,0
EMP002109,25,Female,Single,4,Technical Degree,Marketing,Marketing Manager,1,7,1,1,1,4460,0,13,13,3,2,3,3,2,5,Travel_Rarely,Yes,0,2,0
EMP002110,29,Male,Married,2,Life Sciences,Marketing,Marketing Specialist,1,2,2,1,0,3758,0,5,15,2,2,4,2,2,3,Travel_Rarely,No,1,4,0
EMP002111,27,Female,Single,2,Technical Degree,Operations,Operations Specialist,2,2,1,0,1,5397,1,15,47,3,4,3,1,2,2,Travel_Rarely,Yes,0,3,1
EMP002112,22,Male,Single,4,Other,IT,Data Scientist,1,0,0,0,0,3606,1,18,5,2,4,2,3,4,1,Non-Travel,No,1,3,0
EMP002113,38,Male,Married,3,Human Resources,IT,Software Engineer,3,6,0,0,0,9854,1,14,29,4,4,3,3,3,1,Travel_Rarely,No,1,1,0
EMP002114,36,Male,Single,3,Life Sciences,IT,Software Engineer,2,1,0,0,0,5209,0,10,5,1,4,1,2,3,1,Travel_Rarely,Yes,0,3,0
EMP002115,26,Male,Single,2,Human Resources,IT,Manager,2,1,0,0,0,5164,1,11,11,1,2,4,2,4,1,Non-Travel,Yes,4,1,0
EMP002116,28,Male,Single,4,Technical Degree,R&D,Research Scientist,3,4,1,0,1,7974,1,7,9,1,2,3,4,1,4,Non-Travel,No,1,2,0
EMP002117,22,Female,Single,3,Life Sciences,Sales,Sales Representative,1,4,2,1,0,4890,1,6,11,1,3,1,3,4,5,Travel_Rarely,Yes,1,2,0
EMP002118,26,Female,Married,4,Medical,Sales,Sales Representative,2,2,2,0,0,6017,1,10,7,2,1,2,4,2,3,Travel_Rarely,No,0,3,0
EMP002119,18,Female,Single,3,Technical Degree,IT,Manager,1,1,0,0,0,3382,0,19,6,4,4,3,3,2,2,Travel_Rarely,Yes,1,4,0
EMP002120,26,Female,Married,3,Human Resources,IT,Software Engineer,2,0,0,0,0,4914,1,17,5,3,3,2,3,3,3,Travel_Rarely,Yes,0,3,0
EMP002121,32,Female,Married,4,Life Sciences,R&D,Manager,1,7,1,1,1,4490,0,15,8,3,2,3,3,3,2,Travel_Frequently,Yes,0,2,0
EMP002122,27,Female,Married,4,Life Sciences,Sales,Sales Executive,2,1,1,1,1,3759,1,7,13,4,4,2,1,3,4,Non-Travel,Yes,1,3,1
EMP002123,27,Male,Single,4,Medical,R&D,Manager,1,7,6,5,1,4420,1,19,13,4,4,3,1,3,4,Non-Travel,No,0,3,0
EMP002124,35,Male,Married,4,Human Resources,IT,Manager,3,1,1,0,1,8153,2,19,16,2,2,2,3,2,1,Travel_Rarely,No,1,3,0
EMP002125,30,Male,Single,2,Human Resources,R&D,Laboratory Technician,3,0,0,0,0,4766,1,11,7,4,3,4,3,2,1,Travel_Frequently,No,1,2,0
EMP002126,24,Male,Single,5,Life Sciences,R&D,Manager,1,3,3,2,3,4200,0,5,15,1,1,3,2,3,2,Travel_Rarely,No,2,3,0
EMP002127,33,Female,Single,4,Medical,R&D,Manager,3,11,1,1,1,10549,2,12,5,3,3,2,3,3,1,Travel_Rarely,No,0,3,0
EMP002128,27,Female,Married,4,Other,HR,Human Resources,3,1,1,1,0,8420,1,21,16,1,2,3,3,4,1,Travel_Rarely,No,2,2,0
EMP002129,42,Female,Married,5,Technical Degree,Operations,Operations Specialist,2,0,0,0,0,4481,0,16,0,2,3,3,3,4,1,Travel_Rarely,No,0,3,0
EMP002130,28,Male,Married,2,Human Resources,Marketing,Marketing Specialist,2,1,1,1,1,6265,0,14,12,4,3,1,3,1,0,Non-Travel,No,2,4,0
EMP002131,22,Male,Single,4,Other,Sales,Manager,2,4,0,0,0,6089,0,12,3,2,2,3,3,1,0,Non-Travel,Yes,2,2,0
EMP002132,25,Male,Married,5,Life Sciences,R&D,Manager,2,2,2,1,2,4599,0,15,8,3,1,2,3,3,1,Travel_Rarely,No,0,4,1
EMP002133,27,Female,Married,3,Technical Degree,R&D,Research Director,3,1,0,0,0,6571,1,12,6,3,4,2,2,3,3,Non-Travel,No,0,4,0
EMP002134,37,Male,Divorced,1,Life Sciences,R&D,Research Director,3,2,2,1,1,7155,0,14,22,3,3,2,4,3,1,Travel_Frequently,Yes,0,4,0
EMP002135,26,Female,Married,4,Technical Degree,HR,Human Resources,2,1,0,0,0,4856,0,19,36,1,3,3,3,4,6,Travel_Frequently,Yes,1,4,0
EMP002136,22,Male,Married,1,Marketing,Sales,Sales Executive,1,3,1,1,1,3330,0,7,19,4,4,4,2,3,2,Travel_Rarely,Yes,1,4,1
EMP002137,23,Female,Married,5,Human Resources,IT,Manager,1,0,0,0,0,2739,1,16,10,3,2,4,4,2,5,Travel_Frequently,Yes,1,2,0
EMP002138,20,Female,Single,2,Human Resources,R&D,Research Scientist,1,2,2,0,0,3584,0,16,20,3,3,4,3,4,2,Travel_Rarely,No,1,1,0
EMP002139,31,Female,Married,4,Life Sciences,Operations,Operations Specialist,2,1,1,0,0,4797,1,9,7,3,4,3,4,3,2,Travel_Rarely,Yes,1,4,0
EMP002140,26,Male,Married,3,Life Sciences,Sales,Manager,2,8,0,0,0,7528,0,11,1,4,4,4,2,3,1,Travel_Rarely,No,0,3,0
EMP002141,33,Male,Single,3,Medical,Sales,Manager,2,2,2,1,2,6873,1,8,28,2,1,3,3,4,2,Travel_Rarely,No,0,2,0
EMP002142,34,Male,Married,5,Other,IT,Data Scientist,2,0,0,0,0,4139,0,12,5,4,1,4,3,2,1,Travel_Rarely,No,0,4,0
EMP002143,28,Female,Single,4,Technical Degree,IT,Manager,1,10,0,0,0,5587,1,18,6,4,1,4,1,2,0,Travel_Rarely,Yes,0,3,0
EMP002144,36,Male,Married,3,Human Resources,HR,Human Resources,4,13,3,2,3,12930,3,15,9,2,1,3,3,2,2,Travel_Rarely,No,0,2,0
EMP002145,20,Male,Single,3,Marketing,Operations,Operations Specialist,1,0,0,0,0,3424,0,18,34,4,4,2,2,2,1,Travel_Rarely,Yes,0,1,0
EMP002146,33,Female,Single,4,Life Sciences,R&D,Laboratory Technician,1,8,5,0,0,4792,1,16,2,3,3,4,1,3,3,Travel_Rarely,No,3,3,0
EMP002147,37,Female,Married,4,Life Sciences,R&D,Research Scientist,3,9,1,1,1,11211,1,13,1,3,4,3,3,3,1,Travel_Rarely,No,0,1,0
EMP002148,28,Female,Married,4,Life Sciences,Marketing,Marketing Manager,3,2,2,0,0,7037,0,14,10,4,3,4,3,3,0,Travel_Frequently,Yes,0,4,0
EMP002149,25,Female,Single,4,Technical Degree,R&D,Manager,1,0,0,0,0,3316,1,18,8,1,4,4,1,3,5,Travel_Rarely,No,4,2,0
EMP002150,39,Female,Married,3,Other,R&D,Laboratory Technician,2,8,3,0,1,5801,1,11,7,4,3,3,2,3,2,Travel_Frequently,No,0,3,0
EMP002151,23,Female,Single,5,Medical,IT,Manager,1,0,0,0,0,2869,1,17,9,3,4,4,4,2,4,Non-Travel,No,0,2,0
EMP002152,29,Female,Married,4,Other,HR,Human Resources,2,4,1,1,0,5177,0,20,14,2,3,2,3,3,5,Travel_Rarely,Yes,8,3,0
EMP002153,24,Male,Single,3,Medical,R&D,Manager,1,2,2,0,2,2895,0,15,6,3,2,3,4,4,2,Travel_Frequently,Yes,0,3,0
EMP002154,24,Female,Single,3,Medical,R&D,Research Scientist,1,4,0,0,0,3840,0,10,9,2,3,2,3,1,3,Travel_Rarely,Yes,3,3,0
EMP002155,22,Female,Single,4,Marketing,R&D,Research Scientist,2,4,0,0,0,6389,0,10,21,3,3,1,4,3,1,Travel_Frequently,Yes,1,1,0
EMP002156,38,Male,Single,4,Medical,Sales,Sales Representative,2,8,8,0,0,6686,0,9,9,4,3,2,3,3,1,Non-Travel,No,0,1,0
EMP002157,23,Female,Single,4,Other,Operations,Operations Manager,2,5,0,0,0,6011,0,6,5,2,3,3,3,2,5,Travel_Rarely,No,0,2,1
EMP002158,25,Male,Divorced,5,Medical,Sales,Sales Executive,1,5,0,0,0,3897,1,5,1,3,1,4,2,3,2,Travel_Rarely,No,2,2,0
EMP002159,32,Male,Single,3,Life Sciences,Sales,Sales Representative,1,1,1,1,0,3625,1,11,15,1,3,3,4,4,4,Travel_Rarely,No,2,3,0
EMP002160,28,Female,Married,4,Technical Degree,HR,Manager,1,1,0,0,0,2838,0,13,13,4,4,3,3,3,2,Travel_Frequently,Yes,0,4,0
EMP002161,25,Female,Divorced,5,Human Resources,IT,Data Scientist,3,2,0,0,0,9464,0,13,12,2,4,1,2,4,4,Travel_Frequently,Yes,3,3,0
EMP002162,24,Female,Married,3,Marketing,IT,Manager,1,6,0,0,0,4189,0,14,2,2,4,4,3,4,3,Travel_Frequently,No,2,4,0
EMP002163,28,Male,Married,3,Life Sciences,R&D,Laboratory Technician,2,2,1,1,1,7796,0,11,1,2,3,4,3,3,1,Travel_Rarely,No,1,3,0
EMP002164,25,Female,Married,4,Life Sciences,Marketing,Marketing Specialist,2,5,0,0,0,6086,1,10,13,3,3,4,1,4,4,Travel_Rarely,Yes,4,3,0
EMP002165,33,Male,Single,5,Life Sciences,R&D,Manager,2,0,0,0,0,4914,0,19,21,2,1,4,3,3,1,Travel_Rarely,No,0,2,0
EMP002166,33,Male,Married,1,Life Sciences,R&D,Research Scientist,2,2,2,2,2,4031,0,8,12,1,2,3,1,4,3,Travel_Rarely,Yes,2,2,0
EMP002167,29,Male,Married,3,Other,IT,Software Engineer,3,0,0,0,0,9532,1,22,15,2,4,2,3,4,0,Travel_Rarely,No,5,1,1
EMP002168,32,Male,Married,3,Life Sciences,Sales,Sales Executive,1,13,0,0,0,5181,0,8,11,3,2,2,3,4,2,Travel_Frequently,No,2,3,0
EMP002169,25,Male,Single,3,Medical,Marketing,Marketing Specialist,2,7,0,0,0,6410,0,10,17,1,4,2,1,4,4,Travel_Rarely,No,1,2,0
EMP002170,28,Female,Married,3,Technical Degree,R&D,Laboratory Technician,2,0,0,0,0,4777,0,13,21,3,2,2,2,3,2,Travel_Rarely,No,4,2,0
EMP002171,25,Female,Single,4,Other,Marketing,Marketing Specialist,2,2,1,1,0,5824,1,8,2,4,3,2,4,3,1,Travel_Rarely,Yes,1,4,0
EMP002172,39,Female,Married,5,Life Sciences,Sales,Manager,4,0,0,0,0,11492,2,11,11,3,2,3,1,4,0,Travel_Rarely,No,1,2,0
EMP002173,22,Female,Single,4,Medical,Operations,Operations Manager,1,4,2,0,2,3241,0,9,9,3,2,3,3,4,2,Travel_Frequently,No,2,1,0
EMP002174,28,Male,Married,3,Life Sciences,IT,Manager,3,1,1,0,1,7035,1,20,5,3,4,3,1,3,3,Non-Travel,No,0,1,0
EMP002175,29,Female,Married,5,Life Sciences,HR,Manager,3,8,0,0,0,8275,0,17,3,2,3,4,4,2,1,Travel_Rarely,No,2,1,0
EMP002176,28,Female,Single,4,Medical,R&D,Research Scientist,3,0,0,0,0,8223,0,15,4,4,2,2,2,4,6,Non-Travel,Yes,3,2,0
EMP002177,37,Male,Married,3,Marketing,Operations,Operations Specialist,2,4,0,0,0,6764,1,10,5,2,3,3,3,3,3,Non-Travel,No,0,2,0
EMP002178,26,Female,Single,3,Life Sciences,R&D,Research Scientist,3,4,0,0,0,8430,2,21,21,3,3,1,3,3,3,Travel_Frequently,No,1,3,0
EMP002179,29,Male,Single,4,Medical,R&D,Laboratory Technician,3,2,1,0,0,9114,2,5,7,2,3,3,3,3,1,Travel_Frequently,No,0,2,0
EMP002180,31,Male,Married,4,Life Sciences,IT,Data Scientist,2,0,0,0,0,5672,1,13,25,4,3,3,2,4,2,Travel_Rarely,No,1,2,0
EMP002181,29,Female,Single,4,Human Resources,R&D,Research Director,1,1,1,1,1,3338,0,7,23,4,3,1,3,4,2,Travel_Rarely,No,2,4,0
EMP002182,30,Female,Single,2,Marketing,R&D,Laboratory Technician,2,3,2,0,0,4970,0,18,4,3,2,1,4,2,4,Travel_Rarely,No,1,1,0
EMP002183,24,Female,Single,4,Other,IT,Manager,2,6,0,0,0,7157,1,15,10,2,2,3,1,2,2,Travel_Rarely,No,6,1,1
EMP002184,22,Male,Single,3,Life Sciences,Sales,Sales Representative,1,2,2,0,2,3041,0,13,4,1,3,3,1,3,3,Travel_Frequently,No,0,3,0
EMP002185,25,Female,Married,4,Technical Degree,IT,Manager,2,1,1,0,1,5439,0,13,14,3,4,1,4,3,4,Travel_Rarely,No,1,4,1
EMP002186,33,Female,Single,4,Medical,HR,Manager,1,0,0,0,0,3000,1,20,10,2,4,4,3,3,6,Travel_Rarely,Yes,1,4,0
EMP002187,29,Female,Single,3,Life Sciences,R&D,Laboratory Technician,1,0,0,0,0,3214,1,16,6,4,3,4,2,3,0,Travel_Rarely,No,1,2,0
EMP002188,28,Male,Married,3,Technical Degree,Sales,Sales Representative,2,2,2,0,0,5685,1,11,13,1,2,3,2,2,2,Travel_Rarely,No,1,3,0
EMP002189,26,Male,Married,2,Technical Degree,IT,Software Engineer,2,1,1,1,0,5805,1,20,22,2,4,3,3,3,2,Travel_Rarely,No,1,1,0
EMP002190,42,Female,Married,3,Human Resources,IT,Software Engineer,2,0,0,0,0,5069,0,18,38,4,4,3,3,3,3,Non-Travel,No,0,4,0
EMP002191,40,Male,Married,2,Technical Degree,R&D,Research Scientist,4,0,0,0,0,13063,2,11,10,3,4,2,2,2,4,Travel_Rarely,No,2,3,0
EMP002192,28,Male,Married,4,Life Sciences,R&D,Laboratory Technician,2,2,2,2,2,6079,0,14,7,2,2,4,2,4,2,Travel_Rarely,Yes,0,2,0
EMP002193,21,Male,Single,4,Medical,Sales,Sales Executive,2,3,0,0,0,4441,0,6,6,2,4,4,4,4,5,Travel_Frequently,No,1,3,0
EMP002194,48,Female,Married,4,Medical,IT,Software Engineer,4,4,2,0,0,15183,3,17,5,3,2,3,3,3,1,Travel_Rarely,No,1,3,0
EMP002195,50,Female,Married,4,Life Sciences,HR,Manager,3,0,0,0,0,7773,0,20,18,3,2,2,4,2,6,Non-Travel,No,0,1,0
EMP002196,37,Male,Divorced,4,Technical Degree,Sales,Sales Representative,4,0,0,0,0,12601,3,9,23,2,2,4,3,3,2,Travel_Rarely,No,0,1,0
EMP002197,27,Male,Married,5,Marketing,IT,Software Engineer,2,9,0,0,0,6915,0,13,7,3,3,3,2,3,1,Travel_Rarely,No,3,4,0
EMP002198,40,Female,Divorced,3,Other,Marketing,Marketing Manager,2,0,0,0,0,4702,1,13,21,2,3,4,3,2,4,Travel_Frequently,No,2,4,0
EMP002199,35,Male,Married,4,Marketing,Sales,Sales Representative,3,1,1,1,0,8060,1,11,13,2,2,4,3,4,4,Travel_Rarely,No,4,3,0
EMP002200,28,Female,Married,2,Marketing,IT,Data Scientist,2,1,0,0,0,5300,0,19,6,4,3,2,3,1,5,Travel_Rarely,No,0,2,0
EMP002201,30,Male,Single,2,Life Sciences,Marketing,Marketing Specialist,3,1,0,0,0,7952,2,12,9,1,1,1,3,2,2,Travel_Rarely,Yes,2,1,1
EMP002202,22,Male,Single,4,Life Sciences,Operations,Operations Manager,1,1,1,0,0,3694,1,12,13,4,1,3,3,3,4,Non-Travel,Yes,1,4,0
EMP002203,36,Male,Married,3,Technical Degree,Sales,Manager,3,6,0,0,0,10281,1,9,17,3,4,3,3,4,1,Non-Travel,Yes,1,4,0
EMP002204,35,Female,Single,4,Human Resources,R&D,Laboratory Technician,3,0,0,0,0,7387,0,10,20,4,3,2,2,4,4,Travel_Rarely,No,0,2,0
EMP002205,27,Female,Married,3,Medical,Operations,Operations Specialist,1,2,0,0,0,4298,0,14,26,4,3,3,1,1,1,Travel_Rarely,No,1,2,0
EMP002206,21,Male,Married,2,Technical Degree,Sales,Sales Executive,1,3,0,0,0,2925,0,8,4,3,4,3,3,3,3,Non-Travel,Yes,1,4,0
EMP002207,24,Male,Single,5,Marketing,R&D,Research Director,1,0,0,0,0,2519,0,15,3,2,4,3,3,3,2,Travel_Frequently,No,5,3,0
EMP002208,23,Male,Single,2,Human Resources,R&D,Research Scientist,1,0,0,0,0,2969,0,13,5,4,3,3,2,3,2,Travel_Frequently,No,2,4,0
EMP002209,33,Female,Married,2,Life Sciences,HR,Human Resources,2,3,0,0,0,5826,0,16,3,4,3,3,3,3,3,Travel_Rarely,No,0,3,0
EMP002210,28,Male,Married,3,Marketing,R&D,Manager,2,10,3,0,2,6448,0,15,7,2,1,4,3,3,1,Travel_Rarely,No,2,2,1
EMP002211,35,Male,Single,5,Medical,Marketing,Marketing Manager,3,2,2,1,0,7978,0,12,5,2,3,3,2,3,1,Travel_Frequently,No,7,3,0
EMP002212,20,Female,Single,3,Marketing,R&D,Manager,1,2,2,0,1,2934,0,9,3,4,2,3,3,3,4,Travel_Frequently,No,1,3,0
EMP002213,34,Female,Single,3,Life Sciences,HR,Manager,2,0,0,0,0,4779,0,12,23,3,4,4,2,4,4,Travel_Frequently,No,0,3,0
EMP002214,30,Male,Single,4,Medical,R&D,Research Director,1,6,1,0,1,3508,0,7,5,3,2,3,3,3,2,Travel_Frequently,Yes,3,4,1
EMP002215,33,Male,Single,4,Marketing,R&D,Laboratory Technician,3,0,0,0,0,7564,1,13,11,3,1,3,3,4,2,Travel_Frequently,No,3,2,0
EMP002216,24,Female,Single,4,Life Sciences,Sales,Sales Representative,1,5,2,2,0,3817,1,5,2,4,3,3,3,4,3,Non-Travel,No,0,3,1
EMP002217,28,Female,Married,3,Technical Degree,Operations,Operations Specialist,1,2,2,0,0,2891,0,10,9,1,2,2,4,4,2,Travel_Rarely,No,0,1,0
EMP002218,26,Male,Married,5,Technical Degree,HR,Manager,2,0,0,0,0,6114,0,16,5,1,2,4,2,2,3,Travel_Rarely,No,1,3,0
EMP002219,36,Female,Single,4,Other,HR,Human Resources,4,1,0,0,0,13286,1,13,19,3,1,4,4,4,0,Travel_Rarely,No,3,3,0
EMP002220,21,Female,Single,3,Medical,IT,Manager,1,3,1,1,1,4151,0,5,8,3,4,4,1,3,1,Non-Travel,No,0,4,0
EMP002221,22,Female,Single,3,Life Sciences,Sales,Sales Executive,1,4,0,0,0,3826,0,10,4,4,2,3,3,2,6,Travel_Rarely,Yes,2,4,1
EMP002222,22,Male,Married,5,Medical,IT,Data Scientist,2,4,0,0,0,6163,0,14,2,1,4,3,2,4,3,Travel_Rarely,No,0,2,0
EMP002223,22,Female,Single,4,Life Sciences,Sales,Manager,1,4,2,2,2,3736,1,14,5,1,1,4,3,3,2,Travel_Rarely,Yes,0,3,0
EMP002224,22,Female,Married,4,Marketing,IT,Manager,1,1,1,1,1,3129,1,10,12,3,3,3,1,2,2,Travel_Rarely,No,0,2,0
EMP002225,27,Male,Single,4,Life Sciences,Sales,Sales Executive,3,9,0,0,0,10696,2,15,18,3,1,4,4,3,1,Non-Travel,No,0,3,0
EMP002226,31,Female,Married,4,Medical,IT,Data Scientist,2,1,0,0,0,4623,0,17,4,2,3,3,4,2,6,Non-Travel,No,2,3,0
EMP002227,21,Male,Single,2,Life Sciences,IT,Software Engineer,1,0,0,0,0,2935,1,13,7,2,2,2,3,3,3,Non-Travel,No,1,4,0
EMP002228,27,Male,Married,3,Life Sciences,R&D,Manager,1,1,0,0,0,4011,0,16,19,1,4,4,4,3,3,Travel_Rarely,No,1,3,0
EMP002229,30,Male,Married,4,Human Resources,R&D,Research Scientist,2,12,3,2,0,7345,0,6,14,1,4,3,3,3,4,Travel_Frequently,Yes,2,1,0
EMP002230,34,Female,Married,1,Human Resources,Sales,Sales Representative,1,0,0,0,0,3084,0,7,10,1,4,3,4,3,2,Travel_Rarely,Yes,1,1,0
EMP002231,20,Male,Single,3,Marketing,Marketing,Marketing Specialist,1,2,2,0,0,3849,0,8,18,1,1,3,1,3,4,Travel_Rarely,No,1,1,0
EMP002232,31,Female,Married,4,Life Sciences,Sales,Sales Executive,2,0,0,0,0,5866,1,14,9,4,4,3,3,2,3,Travel_Rarely,Yes,0,2,0
EMP002233,30,Female,Single,2,Other,R&D,Research Director,2,7,2,2,0,7152,0,12,17,3,2,1,1,3,3,Travel_Frequently,No,0,4,0
EMP002234,27,Male,Single,2,Other,Sales,Sales Representative,1,1,1,1,0,2710,1,6,13,4,4,4,2,3,2,Travel_Rarely,No,0,2,0
EMP002235,24,Male,Single,4,Other,Operations,Operations Specialist,1,6,0,0,0,3987,1,11,5,1,4,2,3,3,0,Non-Travel,No,1,3,1
EMP002236,22,Female,Married,4,Marketing,HR,Manager,2,0,0,0,0,6294,0,13,11,1,2,3,3,3,3,Non-Travel,No,2,3,0
EMP002237,20,Female,Single,2,Life Sciences,Sales,Sales Representative,1,2,1,1,1,3311,1,18,11,4,2,2,2,3,1,Travel_Rarely,No,0,2,0
EMP002238,33,Male,Married,4,Life Sciences,IT,Manager,2,3,0,0,0,6007,0,13,8,4,2,3,2,3,4,Travel_Frequently,No,2,2,0
EMP002239,21,Male,Married,4,Other,Operations,Operations Manager,1,0,0,0,0,3364,0,15,9,4,2,3,4,4,3,Travel_Rarely,Yes,0,3,0
EMP002240,22,Male,Married,3,Other,HR,Manager,1,0,0,0,0,3740,0,16,3,3,4,4,1,2,0,Travel_Rarely,No,0,4,0
EMP002241,30,Male,Married,3,Medical,R&D,Manager,2,0,0,0,0,4321,0,20,11,2,2,3,4,3,1,Travel_Rarely,No,3,3,0
EMP002242,19,Male,Married,2,Medical,R&D,Manager,1,1,1,1,1,3315,0,16,3,1,1,4,1,3,3,Travel_Rarely,Yes,1,3,0
EMP002243,28,Female,Single,4,Marketing,Sales,Sales Executive,3,0,0,0,0,7956,1,18,7,3,2,2,1,4,4,Travel_Frequently,No,5,2,1
EMP002244,25,Male,Single,3,Technical Degree,Sales,Sales Executive,2,7,2,0,2,8395,0,5,0,4,1,3,4,4,2,Travel_Rarely,No,8,3,0
EMP002245,30,Male,Married,4,Technical Degree,HR,Manager,2,10,0,0,0,6565,0,19,16,3,4,4,2,2,3,Non-Travel,No,2,2,0
EMP002246,23,Female,Single,5,Marketing,IT,Data Scientist,1,1,0,0,0,2770,1,13,4,3,3,2,2,2,1,Non-Travel,Yes,1,3,0
EMP002247,27,Female,Single,1,Life Sciences,Marketing,Marketing Specialist,2,1,0,0,0,6675,0,12,12,4,3,3,2,3,3,Travel_Rarely,No,0,4,0
EMP002248,31,Male,Married,2,Life Sciences,IT,Software Engineer,1,13,0,0,0,6798,0,13,5,2,1,2,3,3,2,Non-Travel,No,0,3,0
EMP002249,38,Female,Married,2,Technical Degree,Sales,Manager,2,1,1,1,0,6094,1,14,19,4,2,3,4,3,1,Travel_Rarely,No,1,4,0
EMP002250,25,Male,Married,1,Technical Degree,IT,Data Scientist,2,2,2,1,1,4220,1,11,0,4,4,3,3,2,0,Travel_Frequently,No,1,3,0
EMP002251,24,Female,Single,4,Life Sciences,HR,Manager,1,6,4,2,2,3758,0,14,3,1,4,4,2,3,3,Travel_Rarely,No,0,3,0
EMP002252,22,Female,Single,4,Life Sciences,R&D,Laboratory Technician,1,2,0,0,0,3005,0,9,0,3,4,3,2,3,1,Non-Travel,Yes,1,3,0
EMP002253,27,Female,Married,3,Technical Degree,HR,Human Resources,2,9,2,2,0,8326,1,13,3,3,3,1,2,3,4,Travel_Rarely,No,0,4,0
EMP002254,35,Male,Married,2,Medical,Sales,Sales Representative,2,4,0,0,0,5741,0,5,11,1,3,2,2,1,2,Travel_Frequently,No,3,3,1
EMP002255,32,Female,Divorced,2,Marketing,Sales,Sales Representative,2,4,0,0,0,6023,0,14,15,3,3,2,3,3,2,Travel_Rarely,No,1,3,0
EMP002256,31,Female,Single,5,Marketing,R&D,Research Director,2,4,1,1,0,5559,0,13,9,3,2,3,3,4,4,Travel_Rarely,No,5,4,0
EMP002257,34,Male,Married,4,Technical Degree,Sales,Sales Representative,3,0,0,0,0,6402,1,13,7,2,1,4,3,3,1,Travel_Rarely,Yes,2,3,1
EMP002258,25,Male,Married,4,Technical Degree,R&D,Research Scientist,2,7,3,0,0,5854,1,7,10,1,4,4,2,4,4,Travel_Rarely,No,1,2,0
EMP002259,18,Female,Single,3,Life Sciences,R&D,Laboratory Technician,1,1,0,0,0,4082,0,12,1,2,4,3,1,4,3,Non-Travel,No,1,4,0
EMP002260,24,Female,Single,3,Marketing,Marketing,Marketing Manager,1,0,0,0,0,2981,0,12,4,3,1,3,3,3,1,Travel_Frequently,No,0,3,1
EMP002261,33,Male,Single,2,Life Sciences,Operations,Operations Manager,1,9,4,1,4,3971,1,8,14,2,3,3,4,3,5,Travel_Rarely,No,1,3,0
EMP002262,23,Female,Single,5,Technical Degree,Operations,Operations Manager,1,5,2,0,0,4298,0,11,5,2,2,2,3,4,2,Non-Travel,No,0,2,0
EMP002263,34,Male,Single,4,Technical Degree,Marketing,Marketing Specialist,2,1,1,1,1,5140,0,15,7,2,4,3,2,2,4,Travel_Rarely,No,0,2,0
EMP002264,28,Male,Married,4,Life Sciences,Operations,Operations Specialist,1,1,0,0,0,3176,0,16,4,3,2,4,3,3,3,Travel_Rarely,Yes,5,3,1
EMP002265,29,Female,Married,4,Life Sciences,IT,Manager,3,3,1,0,1,8310,2,8,2,4,3,3,2,3,3,Travel_Rarely,Yes,1,3,0
EMP002266,34,Male,Single,3,Life Sciences,Operations,Operations Specialist,3,0,0,0,0,6605,0,16,17,3,3,3,2,3,2,Travel_Rarely,No,0,3,0
EMP002267,26,Male,Single,3,Marketing,HR,Human Resources,2,8,0,0,0,6098,0,5,7,1,2,2,4,2,1,Travel_Rarely,No,9,3,0
EMP002268,40,Male,Single,3,Life Sciences,IT,Manager,2,14,1,1,1,9445,0,5,2,1,3,3,2,2,2,Travel_Rarely,No,0,1,0
EMP002269,28,Female,Married,3,Technical Degree,Sales,Sales Executive,1,2,2,2,0,3800,0,15,2,3,4,3,3,3,0,Travel_Rarely,No,5,2,0
EMP002270,40,Male,Married,2,Technical Degree,IT,Software Engineer,3,3,0,0,0,9434,1,5,11,2,3,4,2,4,2,Travel_Frequently,No,6,4,0
EMP002271,29,Female,Divorced,2,Marketing,Operations,Operations Specialist,2,8,2,0,1,6455,0,5,1,4,2,4,2,4,0,Travel_Frequently,No,1,4,0
EMP002272,24,Male,Single,4,Other,R&D,Laboratory Technician,1,1,1,1,1,3243,0,9,4,1,2,1,4,3,2,Travel_Rarely,No,1,4,1
EMP002273,32,Female,Married,5,Medical,Sales,Sales Executive,1,3,3,0,1,4361,0,13,11,2,2,4,4,3,1,Travel_Rarely,No,1,4,0
EMP002274,30,Male,Single,5,Other,R&D,Manager,1,0,0,0,0,3051,1,15,1,3,3,2,2,4,3,Travel_Rarely,No,1,3,0
EMP002275,21,Male,Single,1,Life Sciences,IT,Manager,1,3,3,0,1,3724,1,13,6,3,1,4,3,2,3,Travel_Rarely,No,1,3,0
EMP002276,37,Female,Single,2,Life Sciences,IT,Data Scientist,3,7,1,0,1,10060,1,13,3,3,1,3,3,2,4,Non-Travel,Yes,0,2,1
EMP002277,31,Male,Married,4,Medical,R&D,Research Director,1,0,0,0,0,2446,1,12,13,4,2,3,4,2,2,Travel_Rarely,Yes,2,4,0
EMP002278,39,Male,Married,4,Marketing,Sales,Sales Executive,2,10,7,0,0,6904,0,9,7,4,4,3,3,3,4,Travel_Rarely,No,0,2,0
EMP002279,29,Male,Married,5,Life Sciences,Marketing,Marketing Specialist,2,2,1,0,1,4476,1,5,2,2,4,2,4,3,3,Travel_Rarely,No,1,3,0
EMP002280,24,Male,Married,5,Marketing,IT,Manager,1,6,6,0,1,2951,0,14,0,2,3,3,3,3,1,Non-Travel,No,5,3,0
EMP002281,30,Male,Single,4,Medical,R&D,Manager,3,11,2,1,0,8412,1,13,5,2,2,4,1,3,2,Travel_Rarely,No,7,3,0
EMP002282,30,Female,Single,3,Other,IT,Manager,1,7,1,1,1,4380,0,7,6,2,3,3,4,1,3,Travel_Rarely,No,0,3,0
EMP002283,25,Female,Married,2,Marketing,R&D,Laboratory Technician,2,7,0,0,0,7392,1,18,7,2,3,2,4,4,4,Travel_Rarely,No,1,4,0
EMP002284,25,Male,Married,1,Marketing,R&D,Manager,3,1,1,0,1,8617,1,10,25,1,2,3,4,3,5,Travel_Frequently,No,0,2,0
EMP002285,27,Male,Married,4,Other,Marketing,Marketing Manager,2,2,2,0,2,5751,1,13,6,4,2,2,4,3,1,Travel_Rarely,No,0,4,0
EMP002286,38,Male,Married,1,Technical Degree,Marketing,Marketing Manager,3,1,0,0,0,9422,1,8,9,3,2,2,3,3,0,Travel_Rarely,Yes,3,3,0
EMP002287,20,Male,Single,4,Medical,R&D,Research Director,1,2,1,0,0,4237,0,7,19,4,2,3,3,4,4,Travel_Rarely,No,0,3,0
EMP002288,26,Female,Single,4,Medical,Sales,Sales Executive,2,4,0,0,0,6358,0,5,5,4,3,1,2,3,2,Travel_Rarely,No,0,3,0
EMP002289,39,Female,Divorced,2,Marketing,Sales,Sales Executive,4,9,4,0,0,12460,3,15,6,3,2,3,2,3,1,Travel_Rarely,Yes,0,4,0
EMP002290,21,Male,Married,5,Life Sciences,Marketing,Marketing Specialist,1,3,3,1,1,3577,0,21,22,1,4,3,3,3,5,Travel_Frequently,No,1,1,1
EMP002291,49,Male,Divorced,3,Life Sciences,Marketing,Marketing Specialist,4,5,1,0,1,15532,1,7,32,4,3,1,2,4,1,Travel_Rarely,Yes,0,1,0
EMP002292,34,Female,Married,5,Medical,R&D,Research Scientist,2,0,0,0,0,5530,0,12,3,3,3,4,2,4,4,Non-Travel,Yes,0,3,1
EMP002293,22,Male,Married,5,Technical Degree,R&D,Research Scientist,1,4,1,1,1,3457,0,21,0,4,3,4,3,1,0,Travel_Rarely,No,2,3,0
EMP002294,29,Male,Married,2,Life Sciences,R&D,Laboratory Technician,2,4,2,2,0,6028,0,8,12,2,3,3,3,4,2,Travel_Rarely,No,0,4,0
EMP002295,24,Female,Single,3,Life Sciences,Marketing,Marketing Specialist,1,6,6,0,0,4812,1,18,6,4,3,3,1,2,4,Travel_Rarely,No,4,3,0
EMP002296,24,Female,Married,2,Life Sciences,R&D,Laboratory Technician,1,6,0,0,0,4658,0,15,14,3,1,2,3,2,4,Travel_Frequently,No,0,2,1
EMP002297,30,Male,Single,4,Technical Degree,R&D,Research Scientist,2,9,4,0,1,7350,1,14,15,1,4,3,3,3,3,Travel_Rarely,No,0,4,0
EMP002298,19,Female,Single,3,Marketing,IT,Data Scientist,1,1,0,0,0,2737,0,20,16,2,3,2,3,4,4,Travel_Rarely,Yes,1,3,0
EMP002299,20,Male,Single,5,Technical Degree,Sales,Sales Executive,2,2,0,0,0,4660,1,14,8,2,3,4,4,3,1,Travel_Frequently,No,2,1,0
EMP002300,30,Female,Married,3,Medical,R&D,Research Scientist,3,5,2,1,2,9133,0,5,4,2,2,3,2,4,1,Travel_Rarely,Yes,0,4,0
EMP002301,25,Male,Single,4,Other,R&D,Research Scientist,1,6,3,2,0,5040,0,8,3,2,1,2,3,2,2,Travel_Rarely,No,0,3,1
EMP002302,32,Female,Single,5,Medical,IT,Data Scientist,2,5,0,0,0,6439,0,7,3,2,2,2,4,3,0,Travel_Rarely,Yes,1,4,0
EMP002303,28,Female,Divorced,4,Marketing,IT,Software Engineer,1,1,1,1,1,3207,0,12,3,2,4,2,4,3,2,Travel_Rarely,No,6,2,0
EMP002304,24,Male,Single,2,Other,R&D,Manager,1,2,2,0,2,3111,0,16,27,2,4,2,4,3,4,Travel_Rarely,No,5,1,0
EMP002305,33,Female,Single,4,Human Resources,Sales,Sales Executive,2,4,2,2,2,6390,0,8,5,1,4,1,4,4,2,Travel_Rarely,No,1,3,0
EMP002306,30,Female,Married,2,Technical Degree,R&D,Laboratory Technician,2,10,0,0,0,7885,1,13,31,3,3,3,3,3,0,Travel_Rarely,No,0,3,0
EMP002307,48,Male,Married,1,Other,Sales,Sales Representative,4,3,2,2,0,11996,3,9,8,2,4,3,3,2,1,Non-Travel,No,0,3,0
EMP002308,25,Female,Single,3,Marketing,Sales,Sales Executive,2,3,3,0,1,5438,1,13,4,2,4,4,1,3,3,Travel_Rarely,No,0,4,1
EMP002309,21,Female,Single,3,Medical,HR,Human Resources,1,2,1,1,1,3169,0,7,3,4,2,3,2,2,1,Travel_Rarely,No,2,3,1
EMP002310,37,Female,Single,4,Medical,Operations,Operations Manager,3,0,0,0,0,6681,0,19,4,3,3,4,4,2,0,Travel_Frequently,Yes,1,3,0
EMP002311,27,Male,Married,3,Marketing,IT,Data Scientist,2,5,0,0,0,4796,0,18,7,4,3,1,1,3,2,Non-Travel,No,0,3,0
EMP002312,22,Male,Single,4,Marketing,IT,Data Scientist,1,4,1,1,0,4148,0,8,7,4,2,2,1,3,1,Non-Travel,Yes,1,3,0
EMP002313,30,Male,Single,1,Medical,IT,Manager,2,12,9,0,4,6414,0,10,6,3,3,3,2,3,2,Non-Travel,No,1,3,0
EMP002314,29,Male,Married,1,Other,Marketing,Marketing Specialist,3,3,1,1,0,9692,0,9,5,1,4,3,3,3,3,Travel_Rarely,No,0,1,0
EMP002315,28,Male,Married,1,Medical,IT,Software Engineer,2,3,3,0,0,3903,0,14,12,1,4,1,2,2,1,Non-Travel,No,0,2,0
EMP002316,32,Male,Married,3,Life Sciences,HR,Manager,2,1,0,0,0,5704,1,16,2,1,1,1,1,4,4,Non-Travel,No,3,3,0
EMP002317,25,Male,Married,3,Life Sciences,R&D,Laboratory Technician,3,0,0,0,0,7491,1,13,3,2,1,2,1,4,2,Travel_Rarely,No,0,2,0
EMP002318,36,Male,Married,4,Human Resources,Sales,Manager,3,6,0,0,0,9597,1,8,4,4,3,2,3,3,4,Non-Travel,Yes,0,3,0
EMP002319,31,Male,Single,5,Technical Degree,R&D,Research Director,1,8,0,0,0,4483,0,16,14,1,1,2,3,3,2,Travel_Rarely,Yes,0,4,0
EMP002320,22,Female,Single,3,Marketing,Marketing,Marketing Specialist,1,4,0,0,0,3595,0,14,9,1,1,3,2,3,1,Travel_Rarely,No,0,2,0
EMP002321,32,Female,Married,2,Technical Degree,HR,Manager,2,2,0,0,0,4556,1,13,19,1,1,2,4,4,2,Travel_Rarely,No,0,4,0
EMP002322,26,Male,Married,2,Technical Degree,Sales,Sales Executive,2,6,2,1,2,6169,0,17,23,3,3,3,4,4,2,Travel_Rarely,No,4,4,0
EMP002323,48,Male,Divorced,5,Other,HR,Manager,4,1,1,1,1,14946,2,14,11,2,2,1,3,2,3,Travel_Rarely,No,1,2,0
EMP002324,25,Male,Single,4,Medical,R&D,Manager,2,1,0,0,0,5748,1,19,16,4,3,3,2,1,4,Non-Travel,No,2,3,0
EMP002325,22,Male,Single,4,Marketing,Operations,Operations Manager,1,4,4,0,1,3270,0,12,7,1,1,3,4,2,4,Travel_Frequently,No,0,4,0
EMP002326,24,Male,Single,2,Life Sciences,Sales,Sales Executive,1,6,0,0,0,4061,0,9,4,4,4,4,2,3,2,Travel_Rarely,No,6,3,0
EMP002327,26,Female,Single,2,Human Resources,IT,Software Engineer,2,1,1,1,0,4897,0,14,21,3,4,4,3,3,1,Travel_Frequently,No,1,4,0
EMP002328,27,Male,Single,2,Human Resources,IT,Software Engineer,2,2,1,0,1,5800,0,9,5,3,4,3,3,3,6,Travel_Rarely,No,9,4,0
EMP002329,32,Female,Married,5,Technical Degree,Operations,Operations Manager,2,4,0,0,0,4645,0,7,4,2,2,4,4,4,5,Travel_Rarely,No,1,3,0
EMP002330,20,Male,Single,3,Medical,HR,Human Resources,1,0,0,0,0,3466,0,11,1,1,4,3,2,2,3,Travel_Rarely,No,0,3,0
EMP002331,23,Male,Single,4,Medical,Marketing,Marketing Specialist,1,5,0,0,0,5248,0,5,15,2,2,3,2,3,3,Non-Travel,No,1,4,0
EMP002332,28,Female,Single,3,Medical,Sales,Sales Executive,2,0,0,0,0,5118,0,14,8,3,3,4,3,3,0,Travel_Rarely,Yes,0,4,0
EMP002333,21,Female,Single,3,Life Sciences,Sales,Sales Executive,1,3,0,0,0,3497,0,13,32,3,2,3,4,3,5,Non-Travel,No,2,2,0
EMP002334,33,Female,Married,2,Marketing,R&D,Laboratory Technician,1,15,7,0,1,6475,0,6,4,3,3,2,1,3,2,Travel_Rarely,Yes,0,4,0
EMP002335,23,Female,Single,4,Life Sciences,HR,Human Resources,1,5,0,0,0,3518,1,6,5,4,4,4,4,2,3,Travel_Frequently,No,1,3,0
EMP002336,25,Male,Married,1,Human Resources,R&D,Laboratory Technician,2,7,2,0,2,7321,1,10,11,3,3,3,3,3,2,Travel_Rarely,No,3,1,0
EMP002337,21,Female,Married,5,Medical,Sales,Manager,1,0,0,0,0,2581,0,17,6,1,4,2,1,4,1,Travel_Rarely,No,0,3,0
EMP002338,21,Male,Single,1,Other,HR,Manager,2,2,1,1,1,7424,0,9,3,4,2,4,3,3,1,Travel_Rarely,No,2,4,0
EMP002339,36,Female,Divorced,2,Technical Degree,HR,Manager,3,3,0,0,0,6318,2,15,8,3,3,3,3,3,2,Travel_Rarely,No,3,2,0
EMP002340,27,Male,Married,3,Life Sciences,R&D,Manager,2,7,1,1,0,5881,1,19,5,3,3,3,3,4,2,Non-Travel,No,0,1,0
EMP002341,24,Male,Single,4,Life Sciences,Sales,Manager,1,5,0,0,0,4183,0,5,9,4,1,4,3,3,3,Travel_Rarely,Yes,0,2,0
EMP002342,34,Female,Single,3,Human Resources,Marketing,Marketing Manager,3,6,0,0,0,10064,0,19,0,3,3,2,4,4,1,Travel_Rarely,No,0,2,0
EMP002343,47,Male,Married,3,Technical Degree,HR,Manager,3,0,0,0,0,7407,0,19,6,4,2,3,4,3,1,Travel_Rarely,No,5,2,0
EMP002344,26,Male,Married,1,Life Sciences,R&D,Research Director,1,8,0,0,0,5168,1,12,20,3,2,2,3,1,1,Travel_Rarely,Yes,3,3,0
EMP002345,36,Male,Married,2,Life Sciences,IT,Manager,3,8,1,1,1,8323,1,18,5,3,3,3,1,3,1,Travel_Frequently,Yes,5,1,0
EMP002346,35,Female,Married,4,Technical Degree,R&D,Research Director,3,7,0,0,0,8083,0,13,1,3,2,3,3,3,5,Travel_Rarely,Yes,1,2,1
EMP002347,29,Female,Married,2,Medical,R&D,Laboratory Technician,2,8,3,0,0,5614,0,6,4,2,2,4,1,2,3,Travel_Rarely,No,2,4,0
EMP002348,27,Female,Married,4,Life Sciences,R&D,Research Director,2,1,1,0,0,5358,1,11,28,2,4,4,1,3,0,Travel_Rarely,No,2,3,0
EMP002349,44,Female,Married,4,Technical Degree,Marketing,Marketing Manager,2,0,0,0,0,4894,0,11,24,3,4,4,3,1,5,Travel_Rarely,No,3,2,0
EMP002350,22,Female,Single,5,Technical Degree,Operations,Operations Specialist,1,4,0,0,0,3254,0,15,4,2,3,3,4,3,2,Travel_Rarely,No,2,4,1
EMP002351,39,Male,Divorced,2,Medical,Sales,Sales Representative,4,15,1,0,0,15305,1,16,10,3,2,2,2,3,0,Travel_Rarely,No,4,2,0
EMP002352,26,Male,Married,3,Other,Sales,Sales Executive,2,2,1,0,0,4530,1,17,7,3,2,3,4,3,1,Travel_Rarely,Yes,0,2,0
EMP002353,25,Female,Single,5,Technical Degree,Sales,Sales Representative,1,2,2,2,2,3526,0,8,4,3,3,2,1,3,3,Travel_Rarely,No,1,3,0
EMP002354,21,Male,Married,4,Other,HR,Human Resources,1,3,0,0,0,4018,1,19,3,3,2,1,1,3,1,Travel_Frequently,No,1,4,0
EMP002355,26,Male,Single,2,Life Sciences,Sales,Manager,3,3,1,0,1,7302,2,11,4,2,3,3,4,4,0,Travel_Rarely,No,0,4,0
EMP002356,21,Male,Single,3,Life Sciences,IT,Software Engineer,1,1,1,0,1,3020,0,20,11,3,3,2,2,2,2,Non-Travel,No,0,3,0
EMP002357,36,Female,Single,5,Life Sciences,R&D,Research Scientist,4,1,0,0,0,14962,3,16,2,3,4,2,4,3,1,Travel_Rarely,No,0,3,0
EMP002358,28,Male,Single,3,Medical,HR,Human Resources,3,0,0,0,0,7440,1,12,1,3,4,2,1,2,1,Travel_Frequently,No,0,4,0
EMP002359,33,Female,Single,4,Human Resources,R&D,Manager,2,4,0,0,0,5396,0,15,9,3,3,1,2,2,3,Non-Travel,Yes,4,3,0
EMP002360,26,Female,Single,3,Human Resources,Marketing,Marketing Specialist,3,0,0,0,0,10804,1,15,6,3,4,2,3,4,2,Non-Travel,No,1,3,0
EMP002361,32,Female,Single,2,Technical Degree,Sales,Manager,2,9,1,0,1,7580,1,5,3,3,3,2,3,4,2,Travel_Rarely,Yes,2,3,0
EMP002362,23,Female,Single,2,Marketing,IT,Manager,1,5,4,1,0,3821,0,11,7,1,3,3,3,2,0,Travel_Frequently,No,2,3,0
EMP002363,25,Male,Married,1,Technical Degree,IT,Software Engineer,3,3,1,1,1,9355,0,6,3,3,1,1,4,3,4,Travel_Frequently,No,2,3,0
EMP002364,23,Female,Single,2,Marketing,HR,Manager,1,0,0,0,0,2000,0,15,10,3,4,3,3,3,2,Travel_Frequently,No,1,1,1
EMP002365,33,Female,Married,5,Life Sciences,R&D,Manager,2,4,1,1,1,5292,0,14,8,3,1,1,4,3,3,Non-Travel,Yes,2,3,0
EMP002366,24,Female,Married,4,Marketing,Sales,Sales Executive,2,4,2,2,2,5568,1,8,1,2,2,2,4,3,1,Non-Travel,No,2,3,0
EMP002367,33,Female,Married,4,Marketing,IT,Data Scientist,1,0,0,0,0,2767,1,14,8,1,2,4,4,4,4,Travel_Frequently,Yes,1,3,0
EMP002368,18,Male,Married,4,Life Sciences,IT,Software Engineer,1,1,0,0,0,2849,1,15,2,3,1,1,3,3,2,Travel_Rarely,No,2,2,0
EMP002369,40,Female,Married,3,Life Sciences,Sales,Sales Executive,3,1,1,0,1,8885,1,13,27,2,4,2,2,4,1,Travel_Frequently,No,0,4,1
EMP002370,26,Male,Married,3,Life Sciences,R&D,Research Scientist,2,8,6,2,0,6366,0,11,22,4,2,3,3,3,4,Travel_Rarely,No,4,3,0
EMP002371,32,Female,Married,5,Marketing,Sales,Sales Representative,2,4,2,0,2,5690,1,5,3,4,1,2,2,3,4,Non-Travel,No,0,4,0
EMP002372,18,Female,Single,3,Life Sciences,HR,Manager,1,1,1,0,0,3028,1,12,15,4,1,4,3,4,1,Travel_Frequently,No,1,3,1
EMP002373,20,Female,Single,3,Technical Degree,IT,Software Engineer,1,2,2,1,2,3178,1,14,3,2,2,3,3,3,1,Travel_Frequently,No,1,3,1
EMP002374,49,Female,Married,5,Medical,IT,Software Engineer,4,3,0,0,0,13738,2,11,4,4,1,3,4,3,2,Travel_Rarely,Yes,0,4,0
EMP002375,25,Male,Single,3,Medical,R&D,Manager,1,7,2,0,2,4696,1,9,6,2,1,2,3,3,0,Travel_Rarely,No,4,3,1
EMP002376,39,Male,Single,5,Technical Degree,Sales,Sales Executive,2,1,0,0,0,5769,0,15,5,2,1,3,4,1,4,Non-Travel,No,2,4,0
EMP002377,23,Female,Single,5,Marketing,IT,Data Scientist,1,2,2,1,1,3399,0,6,0,4,2,4,4,3,1,Travel_Rarely,Yes,0,1,1
EMP002378,29,Male,Married,3,Medical,R&D,Laboratory Technician,2,0,0,0,0,4997,0,12,3,1,3,4,1,4,1,Non-Travel,Yes,2,4,0
EMP002379,28,Male,Divorced,2,Other,Sales,Manager,1,2,2,2,0,3251,1,12,21,2,4,3,3,4,2,Travel_Frequently,No,3,4,0
EMP002380,23,Female,Single,5,Medical,HR,Manager,1,5,1,1,0,4376,1,10,10,4,3,1,3,3,6,Travel_Frequently,No,0,4,0
EMP002381,27,Male,Single,3,Other,Sales,Manager,1,8,4,0,0,4246,0,11,7,4,3,4,3,3,3,Non-Travel,No,2,3,0
EMP002382,21,Female,Single,1,Marketing,IT,Manager,1,3,3,0,1,3648,0,14,4,3,4,4,2,3,5,Travel_Rarely,No,1,1,0
EMP002383,41,Male,Married,3,Life Sciences,Sales,Sales Executive,3,6,3,1,3,9087,2,13,2,3,3,2,1,3,2,Travel_Frequently,No,2,2,0
EMP002384,28,Female,Single,4,Marketing,R&D,Research Director,2,1,1,1,1,4425,0,11,9,3,2,4,4,2,4,Travel_Rarely,No,3,3,1
EMP002385,27,Female,Married,4,Life Sciences,R&D,Manager,1,0,0,0,0,2879,0,11,14,2,4,2,3,3,0,Travel_Rarely,No,5,4,0
EMP002386,21,Male,Single,5,Life Sciences,IT,Software Engineer,1,0,0,0,0,2873,0,17,3,1,3,3,1,4,4,Travel_Rarely,No,0,3,1
EMP002387,30,Male,Married,5,Life Sciences,R&D,Laboratory Technician,3,5,0,0,0,10145,2,13,10,3,1,4,3,3,0,Travel_Rarely,Yes,2,2,0
EMP002388,21,Male,Single,5,Life Sciences,IT,Data Scientist,1,2,2,0,2,3516,1,12,6,4,3,4,4,3,1,Travel_Rarely,No,2,4,0
EMP002389,21,Female,Single,1,Technical Degree,R&D,Manager,1,2,0,0,0,3728,0,15,13,4,3,3,4,3,2,Travel_Frequently,Yes,0,1,1
EMP002390,23,Male,Single,4,Technical Degree,Sales,Manager,1,5,5,3,0,3308,0,18,6,3,4,4,3,3,3,Travel_Rarely,No,1,4,0
EMP002391,19,Male,Married,3,Other,Sales,Sales Executive,1,1,1,1,1,2790,0,19,8,4,1,1,4,3,6,Non-Travel,No,0,1,0
EMP002392,21,Female,Married,2,Life Sciences,Operations,Operations Manager,1,1,0,0,0,3750,0,24,1,3,2,3,4,3,1,Travel_Rarely,No,0,1,0
EMP002393,29,Male,Married,4,Technical Degree,R&D,Manager,1,0,0,0,0,2615,0,17,13,4,3,3,2,3,2,Travel_Rarely,Yes,3,3,0
EMP002394,29,Female,Married,3,Life Sciences,HR,Manager,2,8,0,0,0,6709,0,11,23,3,3,3,3,2,2,Travel_Frequently,Yes,2,2,1
EMP002395,21,Female,Married,5,Marketing,Marketing,Marketing Manager,1,3,1,0,1,3326,0,9,15,1,3,2,3,3,1,Travel_Frequently,Yes,2,3,0
EMP002396,32,Male,Married,1,Other,Sales,Sales Representative,2,1,1,0,1,5792,0,16,15,4,2,2,3,3,1,Travel_Frequently,No,1,3,0
EMP002397,33,Female,Married,4,Life Sciences,IT,Manager,1,15,0,0,0,5848,1,17,21,4,2,3,4,2,2,Non-Travel,Yes,4,3,0
EMP002398,34,Male,Single,2,Human Resources,R&D,Research Scientist,2,2,0,0,0,5306,0,12,6,3,4,4,2,2,3,Non-Travel,No,1,4,0
EMP002399,36,Female,Single,2,Technical Degree,R&D,Laboratory Technician,3,11,3,2,3,9238,2,8,8,3,1,3,4,4,1,Non-Travel,Yes,0,1,0
EMP002400,26,Female,Married,3,Technical Degree,Sales,Sales Representative,2,6,1,0,1,5882,1,12,8,4,3,2,2,4,2,Travel_Frequently,Yes,4,2,0
EMP002401,24,Male,Single,3,Technical Degree,IT,Manager,1,6,0,0,0,4582,1,15,16,3,1,3,4,4,4,Travel_Frequently,No,0,2,0
EMP002402,27,Male,Single,3,Technical Degree,R&D,Manager,3,5,0,0,0,8923,1,11,5,1,1,3,1,3,3,Travel_Rarely,No,0,2,0
EMP002403,29,Female,Single,5,Human Resources,Sales,Manager,2,0,0,0,0,4207,0,19,3,4,4,3,3,2,4,Non-Travel,Yes,3,2,1
EMP002404,34,Male,Married,4,Technical Degree,Sales,Manager,1,0,0,0,0,3333,0,12,15,3,2,2,3,3,2,Travel_Frequently,No,5,3,0
EMP002405,20,Female,Single,3,Medical,Sales,Sales Executive,1,2,0,0,0,3063,0,9,10,2,4,3,1,2,5,Travel_Rarely,No,1,2,0
EMP002406,30,Male,Single,2,Marketing,Marketing,Marketing Specialist,2,0,0,0,0,5179,0,16,6,2,3,2,4,3,5,Travel_Frequently,No,2,4,0
EMP002407,26,Male,Single,3,Medical,R&D,Research Director,1,1,1,0,1,3046,0,17,1,2,2,4,3,2,2,Travel_Rarely,No,1,3,0
EMP002408,27,Female,Married,3,Human Resources,Marketing,Marketing Manager,2,1,0,0,0,6016,0,15,2,1,3,4,3,2,2,Travel_Rarely,Yes,3,3,1
EMP002409,27,Male,Married,4,Other,IT,Manager,1,2,0,0,0,4054,0,6,11,2,2,3,3,1,1,Travel_Rarely,Yes,8,3,1
EMP002410,23,Female,Single,3,Marketing,IT,Manager,1,4,1,1,1,3830,0,14,10,1,4,3,4,3,3,Travel_Rarely,No,0,2,0
EMP002411,29,Male,Single,4,Technical Degree,R&D,Laboratory Technician,2,11,0,0,0,5063,0,18,7,2,1,3,4,4,1,Travel_Frequently,No,0,2,0
EMP002412,30,Male,Married,2,Other,R&D,Manager,2,12,3,0,3,7187,1,15,11,1,2,2,2,3,2,Travel_Rarely,Yes,4,3,0
EMP002413,30,Female,Married,4,Life Sciences,HR,Manager,2,12,1,1,0,7030,0,17,6,3,4,2,2,3,1,Travel_Rarely,No,2,3,0
EMP002414,25,Female,Married,4,Marketing,R&D,Research Scientist,1,7,0,0,0,4346,1,8,17,3,4,4,1,2,1,Travel_Frequently,No,1,2,0
EMP002415,26,Female,Married,3,Medical,R&D,Research Director,2,8,0,0,0,7231,0,19,9,1,3,2,1,4,3,Non-Travel,Yes,0,4,0
EMP002416,19,Female,Married,4,Technical Degree,Sales,Sales Executive,1,1,0,0,0,2955,0,16,4,4,4,4,4,4,2,Travel_Rarely,No,1,2,0
EMP002417,23,Female,Single,4,Medical,Operations,Operations Specialist,2,5,1,1,0,5912,0,10,12,3,4,1,2,3,5,Travel_Rarely,No,0,2,0
EMP002418,20,Female,Single,4,Technical Degree,Sales,Sales Representative,1,0,0,0,0,3142,0,13,14,2,4,3,3,3,1,Travel_Frequently,No,0,3,1
EMP002419,34,Male,Married,3,Medical,Sales,Sales Representative,1,16,0,0,0,6415,0,16,2,1,4,2,3,4,2,Travel_Rarely,No,0,2,0
EMP002420,24,Female,Married,5,Life Sciences,IT,Data Scientist,1,1,0,0,0,3354,1,20,10,1,4,3,3,3,6,Non-Travel,No,3,4,0
EMP002421,29,Male,Married,4,Life Sciences,Sales,Sales Executive,2,4,2,1,0,5167,1,11,4,1,1,3,4,3,3,Travel_Rarely,No,2,4,0
EMP002422,28,Male,Divorced,3,Life Sciences,Sales,Manager,2,3,1,1,1,6380,0,17,10,3,2,4,4,3,1,Travel_Frequently,No,7,2,0
EMP002423,27,Male,Married,3,Life Sciences,Sales,Sales Executive,3,4,3,3,0,9048,1,15,13,1,3,2,3,3,1,Travel_Rarely,No,0,2,0
EMP002424,21,Male,Single,2,Marketing,Sales,Manager,1,3,3,0,1,2763,0,12,9,2,2,3,2,3,2,Travel_Rarely,No,1,3,1
EMP002425,25,Female,Single,2,Technical Degree,R&D,Manager,2,3,0,0,0,4805,1,11,5,2,3,1,4,4,3,Travel_Rarely,No,3,3,0
EMP002426,37,Male,Single,5,Life Sciences,R&D,Laboratory Technician,2,5,0,0,0,5898,0,18,10,1,3,4,1,4,0,Travel_Frequently,No,7,3,0
EMP002427,34,Male,Married,3,Marketing,R&D,Research Scientist,2,3,1,1,0,5883,1,13,11,2,2,3,2,3,2,Non-Travel,Yes,2,3,0
EMP002428,39,Male,Single,5,Marketing,R&D,Manager,4,0,0,0,0,13453,3,21,12,3,3,2,2,4,9,Travel_Rarely,No,3,4,0
EMP002429,40,Male,Single,2,Life Sciences,R&D,Research Director,3,4,0,0,0,10830,1,6,6,2,1,3,3,3,4,Travel_Frequently,Yes,1,2,1
EMP002430,27,Female,Married,3,Medical,HR,Manager,1,4,2,1,0,3756,1,9,8,4,1,3,4,4,2,Non-Travel,No,1,3,0
EMP002431,33,Male,Married,5,Technical Degree,Sales,Manager,3,4,0,0,0,8862,0,14,14,2,3,1,3,4,2,Non-Travel,Yes,0,3,1
EMP002432,25,Male,Single,2,Life Sciences,Sales,Sales Representative,3,0,0,0,0,6528,0,14,3,3,3,3,3,4,2,Travel_Rarely,No,1,2,1
EMP002433,28,Male,Married,4,Life Sciences,Marketing,Marketing Manager,1,3,3,0,3,3689,1,9,12,3,4,4,3,2,2,Travel_Rarely,Yes,2,2,1
EMP002434,29,Male,Single,5,Human Resources,HR,Human Resources,2,10,4,2,2,7265,0,11,12,2,1,2,1,3,0,Non-Travel,No,1,3,0
EMP002435,33,Female,Single,5,Technical Degree,Sales,Sales Executive,3,2,2,0,0,9466,0,13,3,4,1,4,2,4,3,Travel_Rarely,No,0,2,0
EMP002436,36,Male,Married,4,Medical,Operations,Operations Specialist,3,2,0,0,0,9452,0,15,1,4,2,4,4,2,5,Non-Travel,Yes,2,2,0
EMP002437,27,Male,Married,5,Marketing,IT,Data Scientist,3,0,0,0,0,8338,2,16,4,2,1,3,2,4,3,Travel_Rarely,No,1,2,0
EMP002438,29,Male,Single,4,Technical Degree,Sales,Sales Representative,1,2,1,1,0,3561,0,11,11,4,2,3,3,4,4,Travel_Frequently,No,1,3,0
EMP002439,27,Male,Single,3,Technical Degree,Operations,Operations Manager,1,2,2,1,2,3489,1,5,11,1,3,3,3,3,1,Travel_Rarely,No,2,4,0
EMP002440,29,Female,Single,4,Medical,R&D,Manager,2,10,1,0,0,6910,0,16,8,1,3,3,4,3,3,Travel_Rarely,No,0,2,0
EMP002441,28,Male,Divorced,5,Medical,Operations,Operations Manager,2,0,0,0,0,5262,1,13,22,1,1,2,3,1,1,Travel_Rarely,No,0,2,1
EMP002442,32,Female,Married,3,Marketing,Sales,Sales Representative,2,14,0,0,0,7448,1,9,16,2,1,1,3,1,1,Travel_Rarely,No,2,2,1
EMP002443,23,Female,Single,3,Life Sciences,Sales,Sales Representative,1,4,0,0,0,3243,0,14,8,2,1,3,3,1,2,Travel_Rarely,No,1,4,1
EMP002444,24,Male,Single,4,Other,IT,Data Scientist,1,3,1,0,0,3247,0,11,19,1,4,3,3,3,1,Non-Travel,No,2,2,0
EMP002445,35,Female,Married,4,Medical,Sales,Manager,4,10,0,0,0,14309,1,13,2,3,4,3,3,2,3,Travel_Frequently,No,3,1,0
EMP002446,31,Female,Married,3,Medical,Sales,Manager,2,1,0,0,0,5567,0,19,5,2,4,1,3,4,5,Travel_Rarely,No,0,1,0
EMP002447,25,Female,Married,4,Other,IT,Data Scientist,2,1,0,0,0,5925,1,15,7,4,1,3,3,2,4,Non-Travel,No,3,3,0
EMP002448,41,Male,Married,4,Life Sciences,Sales,Sales Representative,2,10,2,1,2,8707,1,5,5,4,3,1,3,2,2,Travel_Frequently,No,3,2,0
EMP002449,19,Female,Married,4,Life Sciences,Marketing,Marketing Manager,1,1,0,0,0,3374,0,16,3,3,3,3,3,3,1,Travel_Rarely,No,2,4,0
EMP002450,28,Male,Married,3,Technical Degree,R&D,Manager,2,9,0,0,0,6050,0,9,5,1,1,2,4,2,0,Travel_Rarely,Yes,0,3,1
EMP002451,27,Male,Single,2,Medical,Marketing,Marketing Specialist,2,0,0,0,0,4637,0,15,3,3,3,4,1,3,4,Travel_Rarely,Yes,1,1,1
EMP002452,36,Female,Married,4,Technical Degree,R&D,Research Director,2,5,0,0,0,6904,0,10,9,4,1,3,3,3,0,Travel_Rarely,No,5,3,0
EMP002453,26,Female,Married,4,Life Sciences,R&D,Research Director,1,2,1,0,1,3826,0,12,9,4,3,2,2,4,0,Travel_Frequently,No,2,1,0
EMP002454,27,Male,Married,3,Medical,R&D,Manager,2,8,0,0,0,6840,1,11,15,3,3,1,2,4,0,Travel_Frequently,Yes,2,3,1
EMP002455,29,Female,Married,3,Life Sciences,IT,Software Engineer,2,0,0,0,0,4200,0,12,33,1,1,4,2,3,1,Travel_Rarely,No,0,3,0
EMP002456,22,Female,Single,3,Technical Degree,R&D,Laboratory Technician,1,4,4,2,0,4128,0,9,6,3,3,4,4,3,3,Travel_Rarely,No,0,2,0
EMP002457,29,Male,Single,3,Life Sciences,Sales,Sales Executive,2,2,2,2,0,5378,0,18,6,3,3,3,2,3,2,Travel_Rarely,No,0,2,0
EMP002458,28,Male,Single,5,Medical,Sales,Sales Executive,1,1,0,0,0,3315,0,21,10,1,1,3,3,3,1,Non-Travel,No,0,3,0
EMP002459,37,Male,Married,4,Technical Degree,Sales,Manager,2,0,0,0,0,6561,1,11,3,3,4,2,3,3,6,Travel_Rarely,No,0,1,0
EMP002460,45,Female,Married,5,Other,R&D,Laboratory Technician,3,0,0,0,0,7621,0,18,9,3,2,3,3,3,4,Travel_Frequently,No,7,2,1
EMP002461,37,Female,Married,3,Technical Degree,IT,Manager,3,1,1,1,0,6056,2,15,4,3,2,2,2,3,3,Travel_Frequently,Yes,0,3,0
EMP002462,27,Male,Single,3,Medical,Sales,Manager,2,0,0,0,0,5598,0,16,3,3,1,4,3,3,1,Travel_Rarely,No,1,4,0
EMP002463,22,Female,Single,3,Marketing,R&D,Research Director,2,4,2,0,2,4951,0,17,4,1,4,3,3,4,1,Travel_Rarely,No,1,3,1
EMP002464,24,Female,Single,4,Technical Degree,Marketing,Marketing Manager,1,6,0,0,0,3468,0,11,2,4,3,4,1,3,0,Travel_Rarely,No,2,4,0
EMP002465,25,Female,Married,3,Other,HR,Manager,1,7,0,0,0,4737,0,12,19,3,3,2,3,4,2,Non-Travel,Yes,0,2,0
EMP002466,22,Male,Single,4,Other,Marketing,Marketing Specialist,2,0,0,0,0,5051,1,19,15,2,3,1,4,3,0,Travel_Rarely,No,2,4,0
EMP002467,36,Female,Married,3,Other,Marketing,Marketing Specialist,3,2,0,0,0,7620,2,11,17,1,3,4,3,4,2,Travel_Rarely,Yes,0,3,0
EMP002468,33,Female,Single,2,Technical Degree,Sales,Sales Representative,1,0,0,0,0,3158,0,13,3,2,2,4,1,3,4,Travel_Frequently,No,1,2,0
EMP002469,28,Male,Single,2,Life Sciences,Operations,Operations Manager,2,3,1,1,1,6370,0,7,9,4,3,1,2,3,3,Non-Travel,No,1,3,0
EMP002470,27,Male,Married,4,Technical Degree,Sales,Sales Executive,2,9,4,1,0,8018,1,8,3,2,2,2,3,4,0,Non-Travel,No,0,3,0
EMP002471,32,Female,Married,3,Technical Degree,Marketing,Marketing Specialist,2,2,0,0,0,5892,1,11,5,3,3,2,4,3,3,Travel_Rarely,No,2,4,0
EMP002472,30,Male,Divorced,3,Other,R&D,Research Director,1,10,0,0,0,4594,1,12,20,4,3,3,1,3,2,Travel_Rarely,No,5,2,0
EMP002473,26,Female,Married,5,Other,R&D,Research Scientist,1,8,2,0,0,3895,0,10,2,1,1,2,3,2,1,Non-Travel,No,1,3,0
EMP002474,26,Male,Single,4,Marketing,IT,Software Engineer,2,1,0,0,0,5790,0,11,9,2,4,4,3,2,2,Travel_Rarely,Yes,0,3,1
EMP002475,35,Male,Married,2,Technical Degree,Marketing,Marketing Manager,3,0,0,0,0,7292,2,10,2,4,1,4,2,3,0,Non-Travel,No,0,4,0
EMP002476,24,Male,Single,2,Life Sciences,HR,Manager,1,6,0,0,0,3744,0,6,5,1,2,3,3,1,1,Travel_Rarely,No,0,2,0
EMP002477,35,Male,Single,3,Marketing,R&D,Research Director,2,4,2,2,2,6035,0,5,11,4,2,4,1,3,2,Travel_Rarely,No,5,4,0
EMP002478,31,Male,Married,4,Medical,Sales,Sales Representative,2,2,0,0,0,5150,1,18,16,1,3,2,3,3,2,Travel_Frequently,No,3,1,0
EMP002479,40,Female,Married,4,Human Resources,IT,Software Engineer,3,2,1,1,0,8338,1,5,7,3,3,2,1,4,3,Travel_Rarely,No,4,3,1
EMP002480,26,Male,Married,3,Other,Sales,Sales Representative,1,0,0,0,0,2919,0,14,16,4,2,3,1,4,2,Travel_Rarely,Yes,3,3,0
EMP002481,22,Female,Single,5,Technical Degree,IT,Data Scientist,2,4,1,1,1,6846,0,13,8,3,2,4,1,4,4,Travel_Rarely,Yes,1,4,0
EMP002482,30,Male,Married,2,Life Sciences,R&D,Laboratory Technician,2,1,0,0,0,5891,0,20,13,2,3,3,3,2,4,Travel_Rarely,No,5,1,0
EMP002483,23,Male,Single,3,Medical,R&D,Manager,1,0,0,0,0,2654,0,14,6,2,3,3,2,3,4,Travel_Frequently,Yes,1,4,0
EMP002484,23,Male,Single,5,Technical Degree,HR,Human Resources,1,5,2,0,0,3963,0,11,0,1,4,4,3,4,3,Travel_Rarely,No,2,3,0
EMP002485,39,Female,Single,2,Life Sciences,IT,Software Engineer,3,3,1,1,0,9072,0,17,6,2,3,3,1,3,2,Travel_Rarely,Yes,1,1,0
EMP002486,36,Male,Single,5,Life Sciences,Operations,Operations Manager,3,7,1,1,1,8504,0,15,26,3,3,3,1,3,3,Travel_Rarely,No,4,1,0
EMP002487,28,Male,Married,4,Other,R&D,Laboratory Technician,2,10,0,0,0,7831,0,12,3,4,3,4,4,3,3,Travel_Rarely,No,3,3,0
EMP002488,29,Female,Married,2,Life Sciences,Operations,Operations Manager,2,2,1,1,1,4474,1,10,12,3,2,4,3,4,3,Travel_Frequently,No,4,3,0
EMP002489,29,Male,Married,3,Life Sciences,Operations,Operations Specialist,2,0,0,0,0,5532,0,18,6,4,4,4,1,3,3,Travel_Rarely,Yes,6,3,0
EMP002490,32,Male,Married,3,Marketing,IT,Data Scientist,2,1,1,1,1,5842,0,15,3,3,3,3,3,4,1,Travel_Rarely,Yes,2,2,0
EMP002491,26,Female,Single,5,Other,Marketing,Marketing Specialist,1,0,0,0,0,3212,1,13,12,3,3,1,2,4,3,Travel_Rarely,No,0,3,0
EMP002492,18,Female,Single,3,Technical Degree,IT,Data Scientist,1,0,0,0,0,3763,0,11,2,2,3,2,4,3,3,Non-Travel,Yes,0,4,0
EMP002493,21,Male,Single,3,Human Resources,Sales,Sales Representative,1,3,3,0,3,2997,1,12,3,4,4,3,3,4,5,Travel_Rarely,Yes,1,4,0
EMP002494,24,Female,Single,2,Technical Degree,HR,Manager,1,6,0,0,0,4065,0,20,5,2,3,3,4,1,0,Travel_Rarely,Yes,2,4,0
EMP002495,26,Female,Single,4,Medical,IT,Manager,3,5,0,0,0,7043,2,14,11,2,4,3,3,2,3,Travel_Rarely,No,2,2,0
EMP002496,33,Female,Divorced,3,Other,Operations,Operations Specialist,1,6,2,2,1,4348,0,13,8,1,3,3,2,2,1,Travel_Rarely,Yes,2,3,0
EMP002497,37,Male,Married,2,Medical,HR,Manager,2,6,1,1,1,5953,1,12,8,1,4,2,3,1,6,Travel_Rarely,No,0,3,0
EMP002498,24,Female,Single,5,Medical,IT,Software Engineer,1,0,0,0,0,4089,0,15,10,3,3,4,3,3,5,Travel_Rarely,No,3,4,0
EMP002499,28,Male,Divorced,3,Medical,IT,Manager,2,0,0,0,0,5757,1,15,6,1,1,2,3,4,4,Travel_Frequently,No,7,1,0
EMP002500,33,Female,Married,2,Technical Degree,R&D,Research Scientist,1,5,1,0,0,4283,0,15,5,2,3,3,3,3,5,Travel_Rarely,No,1,4,0
EMP002501,24,Male,Single,4,Other,Sales,Manager,1,0,0,0,0,3546,0,10,15,4,4,2,1,2,3,Travel_Frequently,Yes,0,3,0
EMP002502,36,Female,Single,4,Medical,IT,Data Scientist,3,8,0,0,0,8776,0,17,14,2,2,3,3,3,1,Travel_Rarely,No,3,3,0
EMP002503,21,Male,Single,2,Medical,Sales,Manager,2,3,1,1,1,5962,0,13,13,3,2,3,2,3,2,Non-Travel,No,1,2,0
EMP002504,27,Male,Married,2,Other,Sales,Sales Executive,3,0,0,0,0,5555,0,16,8,4,1,2,2,1,5,Travel_Rarely,No,0,3,0
EMP002505,27,Female,Married,2,Life Sciences,HR,Manager,2,5,2,0,0,5431,0,15,15,1,3,2,2,3,3,Travel_Rarely,No,1,3,0
EMP002506,32,Male,Single,1,Technical Degree,IT,Manager,2,4,1,1,0,6376,0,16,7,4,2,3,3,3,2,Travel_Rarely,No,1,2,0
EMP002507,22,Male,Single,4,Medical,HR,Human Resources,1,2,2,0,2,4137,0,12,12,3,4,3,3,3,2,Travel_Rarely,No,2,2,0
EMP002508,36,Female,Married,4,Medical,Marketing,Marketing Specialist,2,8,0,0,0,8039,0,7,10,3,2,3,1,3,2,Travel_Rarely,No,1,3,0
EMP002509,34,Female,Single,4,Medical,Sales,Sales Representative,1,1,0,0,0,3082,0,6,7,4,3,3,3,3,1,Travel_Rarely,No,0,4,0
EMP002510,28,Male,Married,3,Medical,R&D,Research Director,1,2,1,1,1,3698,0,11,29,4,3,3,2,3,3,Travel_Rarely,No,3,3,0
EMP002511,26,Male,Single,4,Technical Degree,HR,Manager,2,5,2,0,2,5845,0,11,31,2,4,4,3,3,2,Travel_Rarely,No,0,3,0
EMP002512,32,Female,Married,3,Other,IT,Data Scientist,2,6,0,0,0,5739,0,14,8,2,3,2,3,4,2,Non-Travel,Yes,1,4,0
EMP002513,34,Female,Married,5,Medical,R&D,Manager,3,1,1,1,0,11035,1,11,14,2,4,2,1,3,3,Travel_Rarely,Yes,2,4,0
EMP002514,35,Male,Single,3,Technical Degree,Sales,Manager,4,0,0,0,0,10416,3,18,2,2,2,2,3,2,0,Non-Travel,No,3,4,0
EMP002515,24,Female,Single,4,Technical Degree,IT,Software Engineer,1,0,0,0,0,2862,0,20,19,4,4,2,4,2,3,Travel_Rarely,No,0,4,1
EMP002516,23,Female,Single,3,Medical,IT,Data Scientist,1,1,0,0,0,3725,1,13,8,3,2,2,1,3,3,Non-Travel,No,1,3,0
EMP002517,23,Male,Single,3,Marketing,R&D,Manager,1,5,1,1,0,3124,0,16,8,1,4,3,4,3,0,Travel_Rarely,No,0,3,0
EMP002518,35,Male,Married,4,Technical Degree,Sales,Manager,3,11,7,2,3,9013,2,16,5,2,4,1,4,4,1,Travel_Rarely,Yes,0,3,0
EMP002519,28,Male,Married,2,Life Sciences,R&D,Research Director,1,5,1,0,1,3730,0,17,11,1,2,3,3,3,3,Travel_Rarely,No,3,4,0
EMP002520,22,Female,Single,4,Medical,Sales,Manager,1,4,1,0,0,3646,0,17,10,4,3,3,1,1,5,Travel_Rarely,Yes,1,4,0
EMP002521,33,Male,Single,4,Human Resources,R&D,Research Scientist,2,4,1,1,1,6325,0,16,9,3,2,3,3,3,0,Travel_Rarely,No,2,3,0
EMP002522,33,Male,Single,4,Marketing,Sales,Sales Executive,3,7,0,0,0,9433,2,13,2,2,3,3,3,3,1,Travel_Rarely,No,0,1,0
EMP002523,26,Female,Single,4,Medical,Sales,Sales Executive,1,2,2,0,1,3248,1,17,3,4,1,4,3,4,2,Travel_Rarely,No,0,4,1
EMP002524,21,Male,Single,3,Life Sciences,R&D,Laboratory Technician,1,3,0,0,0,3267,0,11,17,4,4,2,1,1,3,Travel_Rarely,Yes,0,4,0
EMP002525,47,Female,Single,3,Life Sciences,Sales,Manager,3,5,5,1,5,8588,0,16,6,3,2,4,3,2,2,Travel_Rarely,No,4,3,0
EMP002526,27,Male,Married,5,Medical,Sales,Manager,2,3,1,0,0,5133,1,20,17,3,4,2,3,3,3,Travel_Rarely,No,2,1,0
EMP002527,32,Female,Married,3,Life Sciences,IT,Software Engineer,2,7,0,0,0,7237,0,6,3,4,3,2,3,2,1,Travel_Rarely,No,0,4,0
EMP002528,27,Male,Single,4,Life Sciences,Sales,Sales Representative,3,9,0,0,0,10262,1,6,20,2,4,1,3,3,1,Travel_Rarely,Yes,0,3,1
EMP002529,24,Male,Single,1,Medical,IT,Data Scientist,2,5,2,0,2,6806,1,10,15,3,2,4,3,3,1,Travel_Rarely,No,2,4,0
EMP002530,31,Female,Divorced,3,Marketing,IT,Manager,2,0,0,0,0,3531,0,17,20,3,2,3,3,2,5,Travel_Rarely,No,0,2,0
EMP002531,22,Female,Single,3,Life Sciences,Sales,Sales Executive,2,4,2,2,2,7059,0,9,17,4,2,3,2,3,0,Travel_Rarely,No,0,4,0
EMP002532,32,Female,Single,4,Life Sciences,Sales,Manager,1,5,4,0,1,4090,0,13,8,2,4,4,4,3,1,Travel_Frequently,Yes,3,4,0
EMP002533,41,Female,Married,3,Life Sciences,HR,Human Resources,3,1,0,0,0,7775,1,15,21,3,2,4,3,3,0,Travel_Rarely,Yes,0,3,1
EMP002534,26,Male,Married,1,Life Sciences,R&D,Manager,2,1,1,1,1,4385,0,15,5,4,2,4,3,3,2,Travel_Rarely,No,0,3,0
EMP002535,25,Male,Single,2,Life Sciences,R&D,Research Scientist,2,4,4,2,2,5370,0,6,14,1,3,3,1,3,5,Non-Travel,No,0,3,0
EMP002536,23,Female,Married,3,Marketing,IT,Manager,1,5,1,0,1,4561,1,21,5,2,2,3,4,3,5,Travel_Rarely,No,1,2,0
EMP002537,25,Female,Married,2,Medical,Sales,Sales Executive,2,7,1,0,1,6331,1,14,27,4,4,2,2,3,3,Travel_Rarely,No,1,4,0
EMP002538,26,Female,Married,3,Medical,HR,Human Resources,2,7,0,0,0,6432,0,14,5,3,4,1,3,2,6,Travel_Frequently,No,0,4,0
EMP002539,36,Female,Married,4,Technical Degree,Operations,Operations Manager,2,0,0,0,0,4183,1,17,4,3,1,3,3,4,4,Travel_Frequently,No,2,3,1
EMP002540,31,Male,Married,3,Marketing,Sales,Sales Executive,3,2,2,0,0,9280,2,15,0,3,4,1,1,2,1,Travel_Rarely,No,0,3,0
EMP002541,35,Male,Married,3,Life Sciences,Sales,Sales Representative,4,0,0,0,0,8001,3,14,20,2,4,3,3,4,3,Travel_Rarely,No,2,4,0
EMP002542,25,Male,Single,5,Life Sciences,HR,Human Resources,2,7,0,0,0,6441,1,16,24,3,4,3,3,2,3,Travel_Rarely,No,1,2,0
EMP002543,30,Female,Married,3,Human Resources,Operations,Operations Specialist,1,1,1,0,1,2888,0,15,13,1,4,2,4,4,3,Travel_Rarely,No,0,2,0
EMP002544,29,Female,Single,5,Human Resources,Sales,Sales Executive,2,0,0,0,0,5803,0,19,22,4,4,4,3,4,2,Non-Travel,No,0,1,0
EMP002545,19,Female,Married,3,Life Sciences,R&D,Research Scientist,1,0,0,0,0,3065,0,13,14,3,4,4,1,3,0,Non-Travel,No,2,1,0
EMP002546,19,Male,Single,3,Life Sciences,Sales,Manager,1,0,0,0,0,3242,0,14,6,2,3,2,3,2,2,Travel_Rarely,Yes,2,3,0
EMP002547,19,Male,Married,3,Medical,R&D,Laboratory Technician,1,1,0,0,0,2968,0,16,10,3,1,3,2,3,2,Travel_Rarely,No,1,2,0
EMP002548,27,Female,Married,3,Medical,Sales,Sales Executive,2,7,1,1,1,6625,1,8,4,3,3,3,2,3,3,Non-Travel,No,0,4,0
EMP002549,34,Female,Married,4,Medical,R&D,Research Scientist,3,1,1,0,1,8419,2,12,14,4,4,3,4,3,7,Travel_Frequently,No,0,3,0
EMP002550,23,Male,Single,3,Marketing,HR,Manager,1,1,1,0,0,3264,0,13,10,2,2,4,2,2,2,Travel_Rarely,No,0,3,0
EMP002551,21,Female,Single,4,Life Sciences,Operations,Operations Specialist,2,3,0,0,0,5767,0,15,10,1,3,4,3,3,2,Travel_Rarely,Yes,2,3,0
EMP002552,25,Male,Married,3,Life Sciences,IT,Manager,3,2,2,2,2,8222,2,16,19,2,2,1,2,3,2,Travel_Rarely,No,0,3,0
EMP002553,28,Male,Married,1,Marketing,IT,Data Scientist,1,3,1,1,0,3717,0,13,9,3,4,3,4,3,3,Travel_Rarely,No,1,2,0
EMP002554,23,Female,Single,4,Other,Sales,Sales Representative,1,0,0,0,0,2782,1,12,12,2,2,3,3,3,4,Travel_Rarely,No,2,3,0
EMP002555,22,Female,Single,4,Life Sciences,Sales,Sales Representative,1,0,0,0,0,2658,0,13,4,3,1,1,2,3,4,Travel_Rarely,Yes,2,1,1
EMP002556,21,Female,Single,3,Technical Degree,HR,Human Resources,1,3,0,0,0,3381,0,12,6,1,3,4,2,3,3,Travel_Frequently,No,0,2,0
EMP002557,45,Male,Single,1,Medical,R&D,Laboratory Technician,4,2,2,0,0,13992,2,9,5,1,1,2,3,4,2,Travel_Rarely,Yes,1,3,1
EMP002558,21,Male,Single,4,Life Sciences,R&D,Research Director,1,0,0,0,0,2794,0,17,23,2,2,1,3,2,4,Travel_Rarely,No,0,3,0
EMP002559,31,Male,Married,5,Other,Sales,Manager,2,2,2,2,1,6253,1,13,6,3,3,1,3,1,0,Travel_Rarely,Yes,0,3,0
EMP002560,44,Male,Married,2,Medical,R&D,Research Scientist,4,0,0,0,0,12802,1,18,5,2,4,3,3,4,1,Travel_Rarely,No,0,3,0
EMP002561,35,Male,Married,5,Marketing,Sales,Sales Executive,3,6,2,0,0,9661,2,11,6,3,2,3,2,4,3,Non-Travel,No,2,3,0
EMP002562,22,Male,Married,3,Medical,R&D,Research Scientist,1,0,0,0,0,2590,1,22,8,2,2,4,4,3,1,Travel_Rarely,No,0,1,0
EMP002563,41,Male,Single,5,Life Sciences,Sales,Sales Executive,3,0,0,0,0,8985,1,16,23,4,1,1,3,3,2,Non-Travel,No,0,3,0
EMP002564,21,Male,Single,4,Marketing,Marketing,Marketing Manager,1,2,2,1,2,3239,0,5,9,3,3,4,1,4,2,Travel_Rarely,No,1,2,0
EMP002565,24,Female,Single,5,Medical,Sales,Sales Executive,2,4,0,0,0,3672,1,13,4,4,3,3,4,2,3,Non-Travel,No,1,4,0
EMP002566,26,Female,Married,4,Life Sciences,Operations,Operations Specialist,3,7,5,0,3,10318,1,9,9,4,1,2,3,4,3,Travel_Frequently,No,2,3,0
EMP002567,22,Female,Single,1,Marketing,Marketing,Marketing Manager,1,0,0,0,0,3361,0,20,2,4,3,4,3,2,1,Non-Travel,No,0,3,0
EMP002568,29,Male,Married,2,Life Sciences,IT,Software Engineer,2,2,2,1,0,5043,0,8,17,4,3,4,4,4,1,Travel_Rarely,No,1,3,0
EMP002569,23,Male,Single,3,Life Sciences,Operations,Operations Manager,1,1,1,1,1,3481,0,19,32,2,2,3,3,3,2,Travel_Frequently,Yes,2,3,1
EMP002570,44,Male,Married,2,Technical Degree,Sales,Manager,3,6,0,0,0,7428,1,6,4,2,3,1,1,2,2,Travel_Rarely,No,1,2,0
EMP002571,26,Male,Married,3,Life Sciences,HR,Manager,2,2,2,0,1,5325,0,9,7,2,4,4,3,3,2,Travel_Rarely,No,8,2,0
EMP002572,34,Male,Single,5,Marketing,IT,Software Engineer,2,4,0,0,0,7251,0,7,5,3,3,1,4,4,3,Travel_Rarely,No,2,3,0
EMP002573,41,Male,Single,3,Other,Sales,Manager,3,3,0,0,0,7581,0,13,34,2,1,2,3,2,1,Travel_Rarely,No,0,3,0
EMP002574,32,Female,Married,3,Life Sciences,HR,Manager,1,4,1,1,1,3054,0,17,18,2,4,3,2,4,5,Travel_Rarely,No,0,3,0
EMP002575,44,Female,Married,3,Medical,R&D,Research Director,4,2,2,0,2,12303,2,8,1,1,1,1,3,4,0,Non-Travel,No,1,3,0
EMP002576,35,Male,Married,4,Marketing,R&D,Laboratory Technician,3,1,0,0,0,9902,2,10,7,3,2,2,1,4,4,Travel_Rarely,No,1,3,0
EMP002577,30,Female,Married,2,Medical,Marketing,Marketing Manager,3,0,0,0,0,5964,2,16,2,4,2,3,3,3,3,Non-Travel,No,3,2,0
EMP002578,27,Male,Married,3,Marketing,R&D,Research Scientist,1,0,0,0,0,2922,0,14,3,3,2,1,3,3,4,Travel_Frequently,No,0,2,1
EMP002579,20,Female,Married,5,Medical,Sales,Sales Representative,1,0,0,0,0,3405,0,12,5,4,2,3,4,3,3,Travel_Rarely,Yes,1,2,0
EMP002580,27,Female,Married,4,Life Sciences,Operations,Operations Specialist,1,9,0,0,0,5175,0,10,5,3,4,3,2,2,3,Non-Travel,No,8,2,0
EMP002581,23,Female,Single,4,Life Sciences,Sales,Manager,1,5,0,0,0,4068,0,15,6,4,4,1,3,3,3,Travel_Frequently,Yes,1,3,1
EMP002582,37,Male,Married,4,Technical Degree,Marketing,Marketing Manager,2,1,1,1,1,4922,0,18,11,2,2,3,3,3,3,Travel_Rarely,No,2,4,0
EMP002583,23,Male,Single,3,Life Sciences,Operations,Operations Manager,1,0,0,0,0,3180,1,12,1,3,4,2,1,3,2,Non-Travel,No,2,2,0
EMP002584,29,Male,Married,4,Technical Degree,Marketing,Marketing Specialist,2,1,1,1,0,6103,0,16,2,2,2,3,4,2,3,Travel_Rarely,Yes,2,3,0
EMP002585,33,Male,Married,3,Technical Degree,IT,Manager,2,7,1,1,1,5967,0,10,13,2,2,4,3,3,3,Travel_Rarely,No,0,1,0
EMP002586,22,Female,Single,2,Life Sciences,IT,Software Engineer,1,4,1,0,1,4201,0,11,3,4,4,3,3,4,6,Non-Travel,No,1,2,0
EMP002587,29,Female,Single,3,Life Sciences,IT,Manager,2,3,0,0,0,6178,0,10,6,3,3,1,3,3,2,Travel_Rarely,No,0,2,1
EMP002588,25,Female,Single,2,Life Sciences,R&D,Research Scientist,2,3,0,0,0,5492,0,9,4,1,3,1,1,3,2,Travel_Frequently,No,0,2,0
EMP002589,32,Female,Married,3,Marketing,R&D,Research Scientist,1,3,2,0,1,3050,0,18,17,2,3,2,4,4,2,Travel_Frequently,No,2,3,0
EMP002590,21,Female,Married,3,Technical Degree,R&D,Manager,1,1,1,1,1,2842,1,9,8,4,3,2,3,2,5,Travel_Rarely,Yes,1,1,0
EMP002591,44,Male,Married,4,Life Sciences,IT,Software Engineer,3,0,0,0,0,9976,0,16,4,1,3,2,3,2,1,Non-Travel,No,0,3,0
EMP002592,30,Male,Married,3,Life Sciences,HR,Manager,2,4,1,0,0,6951,1,16,18,1,1,3,2,3,2,Travel_Frequently,No,0,3,0
EMP002593,41,Female,Married,4,Medical,HR,Human Resources,3,8,0,0,0,10057,1,5,12,4,3,2,1,3,3,Travel_Rarely,No,0,3,0
EMP002594,35,Male,Married,3,Life Sciences,IT,Data Scientist,4,6,1,1,0,17623,2,12,25,3,3,2,4,4,3,Travel_Rarely,No,0,3,0
EMP002595,24,Male,Single,5,Marketing,IT,Data Scientist,1,6,0,0,0,4236,0,12,5,1,1,3,3,3,3,Travel_Rarely,No,0,3,0
EMP002596,34,Male,Married,2,Medical,IT,Data Scientist,2,8,2,2,2,5681,0,17,15,2,3,4,2,3,3,Travel_Rarely,No,0,4,0
EMP002597,39,Female,Divorced,4,Medical,Sales,Sales Representative,3,1,1,1,1,6490,2,10,7,1,2,4,2,3,2,Travel_Rarely,No,0,3,0
EMP002598,36,Female,Married,4,Marketing,R&D,Laboratory Technician,4,0,0,0,0,9760,2,21,0,1,3,3,3,3,2,Travel_Rarely,No,3,3,1
EMP002599,30,Male,Single,5,Medical,R&D,Research Scientist,2,2,1,0,1,5726,1,11,10,4,2,2,1,2,2,Non-Travel,No,0,1,0
EMP002600,23,Female,Single,3,Medical,R&D,Manager,1,2,1,1,0,3182,0,17,5,4,1,4,4,3,3,Travel_Rarely,Yes,0,3,1
EMP002601,33,Female,Married,3,Life Sciences,Sales,Sales Executive,3,6,0,0,0,8484,0,17,23,3,2,4,3,4,2,Non-Travel,No,5,3,0
EMP002602,32,Female,Married,2,Marketing,IT,Software Engineer,2,0,0,0,0,4992,0,9,4,2,4,4,2,2,0,Travel_Rarely,No,0,4,0
EMP002603,26,Female,Married,3,Medical,Sales,Sales Representative,3,8,0,0,0,11787,0,9,5,3,3,2,4,4,3,Non-Travel,No,0,2,0
EMP002604,22,Female,Single,3,Life Sciences,R&D,Research Scientist,1,4,0,0,0,4649,1,16,31,2,4,3,1,3,1,Travel_Rarely,Yes,0,1,1
EMP002605,30,Female,Single,4,Life Sciences,IT,Software Engineer,1,0,0,0,0,3154,0,14,14,1,3,3,2,4,1,Travel_Rarely,Yes,6,4,0
EMP002606,23,Male,Married,3,Life Sciences,Sales,Sales Executive,1,2,2,2,0,3815,0,15,4,3,4,4,2,3,2,Travel_Rarely,No,1,3,1
EMP002607,26,Male,Single,2,Life Sciences,IT,Data Scientist,2,8,2,0,1,7242,0,10,3,4,3,2,4,2,1,Travel_Rarely,No,2,2,0
EMP002608,33,Male,Single,3,Medical,Marketing,Marketing Manager,1,1,1,1,1,3403,1,15,5,3,2,2,2,4,4,Travel_Rarely,Yes,0,2,0
EMP002609,23,Male,Married,2,Life Sciences,HR,Human Resources,1,5,5,2,1,3508,0,7,7,4,2,4,3,4,3,Non-Travel,No,1,4,0
EMP002610,21,Male,Married,5,Medical,IT,Software Engineer,2,3,3,0,1,6058,1,11,10,2,2,3,3,4,1,Travel_Rarely,No,1,3,0
EMP002611,20,Male,Single,5,Medical,IT,Data Scientist,1,1,1,1,1,2968,0,12,13,4,2,3,4,3,5,Travel_Frequently,No,1,3,1
EMP002612,31,Male,Married,3,Marketing,Sales,Manager,2,0,0,0,0,4512,1,15,1,1,4,2,3,3,2,Travel_Rarely,No,3,2,0
EMP002613,32,Male,Single,3,Technical Degree,HR,Human Resources,3,5,1,1,1,9637,2,13,5,3,2,1,3,4,3,Travel_Rarely,No,0,1,0
EMP002614,26,Male,Single,5,Medical,R&D,Laboratory Technician,1,4,2,1,0,4579,0,20,8,2,3,3,3,4,2,Travel_Rarely,No,1,4,0
EMP002615,36,Female,Single,1,Life Sciences,Sales,Manager,3,5,5,0,0,9471,2,12,15,3,4,3,3,3,2,Non-Travel,Yes,2,3,0
EMP002616,27,Female,Married,4,Life Sciences,Sales,Manager,1,0,0,0,0,2882,0,11,5,4,3,4,3,2,2,Travel_Rarely,Yes,3,3,0
EMP002617,27,Female,Single,5,Life Sciences,HR,Manager,1,4,2,0,2,3689,1,14,15,1,2,4,4,3,1,Non-Travel,Yes,1,3,0
EMP002618,26,Male,Married,3,Medical,IT,Manager,2,3,0,0,0,6129,0,6,7,1,3,3,3,4,4,Travel_Rarely,No,2,2,0
EMP002619,20,Male,Single,1,Life Sciences,Marketing,Marketing Manager,1,2,0,0,0,3305,0,10,15,2,4,2,3,2,4,Non-Travel,No,0,3,0
EMP002620,24,Male,Single,3,Medical,R&D,Research Scientist,1,6,6,0,0,4113,1,12,6,3,3,1,4,3,5,Travel_Frequently,No,0,3,0
EMP002621,20,Male,Single,5,Other,R&D,Laboratory Technician,1,2,2,0,1,3136,1,6,10,1,2,3,2,2,4,Travel_Rarely,No,0,4,0
EMP002622,25,Female,Married,1,Life Sciences,IT,Data Scientist,2,2,2,0,2,4983,1,9,8,1,2,2,4,3,2,Travel_Rarely,No,2,3,0
EMP002623,34,Male,Single,3,Other,IT,Software Engineer,2,3,0,0,0,6418,1,9,14,4,3,3,2,3,6,Travel_Rarely,No,0,3,0
EMP002624,19,Female,Married,4,Other,R&D,Laboratory Technician,1,1,1,1,1,3270,1,11,2,4,4,1,2,2,0,Travel_Frequently,No,0,3,0
EMP002625,25,Female,Married,4,Technical Degree,R&D,Manager,2,2,2,0,0,5008,0,18,10,3,3,4,2,3,3,Travel_Frequently,Yes,0,4,0
EMP002626,24,Male,Single,3,Other,R&D,Manager,1,2,1,0,1,3441,0,10,2,3,1,4,1,3,4,Travel_Rarely,No,0,3,0
EMP002627,32,Male,Married,3,Life Sciences,R&D,Research Director,3,1,0,0,0,8839,0,11,9,3,2,3,2,2,2,Travel_Rarely,Yes,2,4,1
EMP002628,23,Male,Single,4,Life Sciences,IT,Manager,2,5,1,0,1,5300,0,19,4,3,3,2,2,1,0,Travel_Rarely,No,1,1,1
EMP002629,35,Male,Married,3,Life Sciences,R&D,Manager,4,2,0,0,0,13172,3,17,4,3,3,2,3,4,4,Travel_Rarely,Yes,0,4,0
EMP002630,24,Female,Single,3,Life Sciences,Sales,Manager,1,5,1,1,0,4278,0,11,7,2,3,2,3,2,3,Non-Travel,Yes,0,2,0
EMP002631,35,Female,Married,4,Medical,Sales,Manager,3,0,0,0,0,10104,2,10,5,3,2,2,3,4,6,Travel_Rarely,No,1,4,0
EMP002632,34,Female,Married,2,Technical Degree,Marketing,Marketing Specialist,3,1,0,0,0,8715,0,19,2,4,1,2,3,3,3,Travel_Frequently,No,9,2,0
EMP002633,28,Female,Single,1,Life Sciences,Sales,Manager,2,1,1,1,1,4144,0,14,11,2,1,3,1,3,1,Travel_Rarely,No,0,2,1
EMP002634,27,Male,Single,3,Life Sciences,Sales,Sales Representative,2,7,0,0,0,6895,0,9,14,1,1,3,3,3,2,Travel_Rarely,No,0,3,0
EMP002635,21,Male,Single,3,Technical Degree,IT,Software Engineer,1,0,0,0,0,3130,0,13,12,1,2,2,4,3,4,Travel_Rarely,Yes,2,3,1
EMP002636,28,Male,Divorced,4,Life Sciences,IT,Manager,2,1,0,0,0,5309,1,16,10,3,3,4,3,3,3,Travel_Rarely,No,0,2,0
EMP002637,35,Male,Single,4,Medical,HR,Manager,3,3,2,0,2,10059,2,9,4,4,4,2,2,2,4,Non-Travel,No,3,2,0
EMP002638,22,Male,Single,4,Life Sciences,R&D,Manager,1,0,0,0,0,3210,1,13,3,2,2,2,2,3,0,Travel_Frequently,Yes,0,2,1
EMP002639,35,Female,Married,4,Technical Degree,Operations,Operations Manager,4,0,0,0,0,13320,3,10,25,1,1,4,4,3,2,Travel_Frequently,No,2,3,0
EMP002640,37,Male,Married,4,Marketing,Sales,Manager,3,5,0,0,0,8171,1,6,5,3,4,4,1,2,3,Travel_Rarely,Yes,1,3,0
EMP002641,23,Female,Single,3,Marketing,R&D,Manager,1,4,1,0,0,4013,1,15,2,3,3,4,2,4,2,Travel_Rarely,No,0,3,0
EMP002642,28,Female,Single,3,Life Sciences,HR,Manager,3,0,0,0,0,7464,0,14,4,2,1,2,2,3,3,Travel_Frequently,Yes,2,3,1
EMP002643,42,Male,Married,4,Other,Sales,Manager,2,0,0,0,0,4664,0,12,2,1,2,2,2,4,2,Travel_Frequently,Yes,2,4,1
EMP002644,24,Female,Single,2,Medical,R&D,Research Director,1,1,0,0,0,3026,0,13,16,4,3,3,1,3,2,Non-Travel,No,1,4,0
EMP002645,34,Male,Single,3,Technical Degree,IT,Data Scientist,2,11,1,1,0,6175,1,10,3,2,4,4,4,3,5,Travel_Frequently,Yes,5,3,0
EMP002646,23,Male,Single,3,Human Resources,R&D,Laboratory Technician,1,5,0,0,0,3866,0,6,5,3,1,4,2,4,0,Travel_Rarely,No,1,2,0
EMP002647,27,Female,Married,3,Marketing,Marketing,Marketing Manager,2,8,1,1,1,6508,0,10,1,4,3,3,2,2,2,Non-Travel,Yes,2,2,0
EMP002648,24,Male,Single,3,Marketing,HR,Human Resources,2,6,0,0,0,5696,0,10,12,2,3,3,1,2,3,Travel_Frequently,No,2,4,0
EMP002649,27,Female,Single,4,Life Sciences,IT,Software Engineer,1,9,0,0,0,5499,1,5,14,1,4,2,1,2,1,Non-Travel,No,1,3,0
EMP002650,33,Female,Single,3,Medical,IT,Data Scientist,2,14,1,1,1,7833,0,11,25,3,2,1,2,1,2,Travel_Rarely,No,0,4,0
EMP002651,28,Female,Single,5,Other,IT,Manager,1,0,0,0,0,2839,0,13,10,3,3,2,2,3,5,Travel_Frequently,Yes,0,3,1
EMP002652,28,Female,Married,3,Life Sciences,IT,Software Engineer,2,0,0,0,0,4503,0,14,18,2,4,3,4,3,0,Travel_Frequently,Yes,0,2,0
EMP002653,23,Male,Single,3,Other,IT,Manager,1,3,0,0,0,4200,0,13,31,1,3,3,4,3,2,Travel_Rarely,No,0,2,0
EMP002654,40,Male,Married,1,Technical Degree,HR,Manager,4,1,1,1,1,11113,3,17,12,1,2,2,4,4,5,Travel_Rarely,No,0,4,0
EMP002655,39,Male,Single,3,Medical,HR,Manager,4,3,3,0,0,12779,1,8,14,2,4,4,2,2,3,Travel_Rarely,Yes,3,3,1
EMP002656,32,Male,Married,5,Marketing,Sales,Sales Executive,2,0,0,0,0,5548,0,16,8,2,3,1,1,2,3,Travel_Rarely,No,0,3,1
EMP002657,44,Male,Single,3,Life Sciences,IT,Manager,3,11,4,4,0,8789,1,10,8,2,4,3,3,3,0,Travel_Rarely,Yes,0,2,0
EMP002658,33,Female,Married,3,Life Sciences,R&D,Manager,2,7,0,0,0,6175,0,18,3,3,4,3,2,2,0,Travel_Frequently,Yes,0,3,0
EMP002659,19,Male,Married,3,Life Sciences,R&D,Research Director,1,1,0,0,0,3301,0,17,17,1,3,4,1,2,2,Travel_Rarely,No,1,4,0
EMP002660,21,Female,Single,2,Medical,Sales,Manager,1,3,0,0,0,3557,1,11,7,2,4,4,3,2,2,Travel_Rarely,No,0,4,0
EMP002661,25,Female,Married,3,Other,IT,Software Engineer,2,3,1,1,0,5910,1,10,15,4,4,3,2,3,5,Non-Travel,Yes,0,3,0
EMP002662,33,Male,Single,3,Medical,Operations,Operations Specialist,1,4,0,0,0,3833,0,9,5,2,4,3,2,3,2,Travel_Rarely,No,0,3,0
EMP002663,20,Male,Single,3,Marketing,IT,Data Scientist,1,2,1,0,1,3757,1,10,4,2,3,1,3,3,4,Travel_Frequently,No,1,1,1
EMP002664,29,Male,Single,4,Life Sciences,HR,Manager,3,3,1,1,1,7314,1,5,6,3,3,2,3,3,3,Travel_Frequently,No,1,3,0
EMP002665,34,Male,Single,4,Technical Degree,HR,Human Resources,2,5,0,0,0,6357,0,12,13,2,3,3,1,3,2,Travel_Rarely,No,1,1,0
EMP002666,25,Female,Single,3,Marketing,R&D,Research Director,3,7,2,0,1,9379,1,8,3,4,1,4,1,3,4,Non-Travel,Yes,1,2,0
EMP002667,29,Male,Married,4,Medical,Sales,Sales Executive,2,5,5,1,3,6056,1,12,11,1,3,3,4,4,2,Travel_Rarely,No,0,3,0
EMP002668,31,Female,Single,4,Other,R&D,Research Scientist,2,2,2,0,0,5667,0,8,3,3,3,4,2,3,7,Non-Travel,No,3,3,0
EMP002669,32,Male,Single,4,Other,R&D,Manager,1,2,2,0,1,2891,1,13,20,3,3,4,3,3,1,Travel_Frequently,No,0,4,0
EMP002670,26,Female,Single,2,Technical Degree,Operations,Operations Specialist,1,0,0,0,0,2872,0,16,9,1,3,2,4,4,3,Non-Travel,Yes,0,1,0
EMP002671,35,Female,Married,3,Other,R&D,Research Scientist,4,2,0,0,0,14216,2,13,8,3,2,3,1,3,3,Travel_Rarely,No,6,1,0
EMP002672,25,Male,Divorced,3,Marketing,HR,Manager,2,7,0,0,0,5765,0,12,4,1,2,4,4,2,0,Travel_Rarely,No,9,4,0
EMP002673,29,Male,Married,2,Technical Degree,Marketing,Marketing Manager,2,0,0,0,0,5126,0,8,7,3,2,3,3,3,4,Travel_Rarely,No,1,4,0
EMP002674,28,Female,Married,1,Medical,R&D,Laboratory Technician,2,0,0,0,0,5122,0,15,2,4,1,2,1,4,3,Travel_Rarely,Yes,1,1,1
EMP002675,27,Female,Single,2,Life Sciences,R&D,Laboratory Technician,1,9,0,0,0,4909,1,9,14,2,3,4,3,3,3,Travel_Rarely,Yes,9,4,0
EMP002676,30,Male,Married,4,Human Resources,R&D,Research Director,2,4,2,1,2,3955,0,11,6,3,3,3,1,4,1,Travel_Rarely,No,1,3,0
EMP002677,38,Male,Single,3,Life Sciences,R&D,Research Scientist,2,5,1,1,0,7131,0,10,3,4,3,3,2,2,3,Travel_Rarely,No,1,2,0
EMP002678,20,Male,Married,3,Life Sciences,IT,Data Scientist,1,1,0,0,0,2780,0,12,7,2,1,3,3,4,6,Travel_Frequently,No,0,3,0
EMP002679,27,Male,Married,4,Life Sciences,R&D,Research Scientist,2,3,1,0,1,6644,1,9,14,1,3,4,3,4,1,Travel_Rarely,No,1,3,0
EMP002680,21,Male,Single,4,Medical,IT,Manager,2,3,0,0,0,4888,0,13,9,1,2,3,2,3,0,Non-Travel,Yes,0,4,0
EMP002681,20,Male,Married,3,Life Sciences,Marketing,Marketing Specialist,2,2,2,2,1,5715,1,16,6,2,4,1,2,3,5,Travel_Rarely,Yes,2,3,1
EMP002682,24,Female,Married,3,Marketing,R&D,Research Director,1,6,0,0,0,4006,0,11,9,3,1,4,3,3,3,Travel_Frequently,Yes,2,2,1
EMP002683,39,Male,Married,2,Human Resources,Sales,Sales Representative,3,9,0,0,0,8822,2,20,8,2,1,2,3,3,4,Travel_Rarely,No,0,4,0
EMP002684,30,Male,Single,4,Life Sciences,HR,Human Resources,2,0,0,0,0,6982,0,12,9,3,4,4,2,4,3,Travel_Rarely,Yes,0,3,0
EMP002685,26,Male,Married,3,Technical Degree,R&D,Manager,1,2,1,0,1,3290,0,17,18,1,2,3,3,3,2,Non-Travel,Yes,3,3,1
EMP002686,24,Female,Single,3,Life Sciences,R&D,Manager,1,6,0,0,0,3558,0,8,9,4,3,4,2,2,2,Travel_Rarely,No,5,3,0
EMP002687,31,Male,Single,3,Life Sciences,HR,Human Resources,1,2,1,1,0,4045,1,11,33,3,2,3,3,4,0,Non-Travel,Yes,0,2,0
EMP002688,28,Female,Single,4,Marketing,R&D,Manager,1,2,2,2,2,3776,1,9,6,4,4,3,4,3,2,Travel_Rarely,No,0,2,0
EMP002689,26,Male,Married,4,Other,Marketing,Marketing Manager,3,7,5,0,2,11270,1,10,22,1,4,3,1,4,5,Travel_Rarely,No,3,3,0
EMP002690,21,Male,Single,3,Life Sciences,R&D,Research Director,1,3,3,0,0,2997,0,14,31,3,4,3,2,3,1,Travel_Rarely,No,1,3,0
EMP002691,23,Male,Single,1,Medical,R&D,Manager,1,5,3,0,1,3594,0,11,10,3,2,4,2,4,4,Travel_Rarely,No,0,3,0
EMP002692,38,Female,Divorced,4,Life Sciences,Marketing,Marketing Manager,3,2,1,1,1,8848,1,10,8,2,1,4,4,3,1,Non-Travel,No,8,3,0
EMP002693,30,Female,Single,5,Other,Sales,Manager,2,1,1,1,1,4927,0,18,8,3,1,2,4,4,3,Non-Travel,No,0,3,0
EMP002694,23,Female,Single,4,Life Sciences,Sales,Manager,1,2,2,1,0,3135,0,7,6,3,2,4,3,3,1,Travel_Rarely,No,1,1,0
EMP002695,31,Female,Married,5,Medical,Operations,Operations Manager,3,6,1,1,1,10038,1,7,8,3,4,3,3,4,2,Non-Travel,Yes,0,3,0
EMP002696,35,Female,Married,2,Other,Sales,Sales Executive,3,2,1,0,0,6933,0,5,7,3,4,3,3,4,2,Travel_Rarely,No,1,1,0
EMP002697,24,Male,Married,3,Marketing,Sales,Sales Representative,1,0,0,0,0,2460,1,14,4,1,2,1,3,2,1,Travel_Frequently,Yes,1,4,1
EMP002698,27,Female,Married,3,Other,R&D,Research Director,2,8,1,0,1,6820,0,11,4,3,2,3,3,3,0,Travel_Frequently,No,7,1,0
EMP002699,27,Female,Single,3,Other,Sales,Sales Executive,3,0,0,0,0,6826,0,8,1,3,3,4,4,3,2,Travel_Rarely,No,1,3,0
EMP002700,23,Male,Married,1,Medical,HR,Manager,1,5,0,0,0,3791,1,6,11,4,2,2,3,3,2,Travel_Rarely,No,0,4,0
EMP002701,30,Female,Married,3,Marketing,R&D,Research Director,2,9,1,1,1,6958,0,10,11,4,2,3,1,4,6,Travel_Rarely,No,1,4,0
EMP002702,23,Female,Single,3,Life Sciences,HR,Human Resources,1,5,3,1,0,3695,0,15,14,4,4,4,4,2,5,Travel_Frequently,Yes,0,3,0
EMP002703,20,Male,Single,3,Human Resources,R&D,Laboratory Technician,2,2,0,0,0,4755,0,19,6,3,2,2,2,3,4,Non-Travel,No,1,1,0
EMP002704,23,Male,Single,5,Life Sciences,Marketing,Marketing Specialist,1,0,0,0,0,3576,1,18,19,4,3,4,4,3,4,Travel_Rarely,No,1,3,0
EMP002705,29,Male,Married,3,Technical Degree,R&D,Manager,3,2,2,1,0,8144,1,21,10,4,3,2,1,4,3,Travel_Rarely,No,0,3,0
EMP002706,23,Male,Married,2,Medical,HR,Human Resources,1,5,1,1,1,4292,1,9,5,4,1,3,2,2,5,Travel_Frequently,Yes,0,3,0
EMP002707,27,Male,Single,2,Medical,Operations,Operations Manager,1,0,0,0,0,2737,1,16,5,4,3,3,3,3,1,Travel_Rarely,No,0,3,1
EMP002708,28,Male,Married,4,Life Sciences,R&D,Laboratory Technician,1,1,1,0,1,3128,0,16,7,2,2,3,4,2,0,Travel_Rarely,No,1,3,0
EMP002709,21,Male,Single,4,Marketing,Sales,Sales Representative,1,3,2,0,0,3693,0,8,16,3,3,3,3,3,3,Travel_Rarely,No,1,4,0
EMP002710,45,Male,Married,2,Life Sciences,Sales,Sales Representative,4,2,0,0,0,12414,1,13,5,4,2,3,2,3,1,Travel_Rarely,Yes,1,3,0
EMP002711,26,Female,Married,3,Life Sciences,Operations,Operations Manager,1,8,1,0,1,4705,1,9,3,4,3,4,4,1,0,Travel_Rarely,Yes,1,2,0
EMP002712,34,Male,Single,4,Life Sciences,IT,Data Scientist,3,2,2,1,2,10964,1,9,7,3,3,3,4,3,2,Travel_Rarely,Yes,1,2,0
EMP002713,27,Male,Single,3,Life Sciences,Marketing,Marketing Manager,3,1,0,0,0,9344,2,11,3,3,4,3,3,3,4,Non-Travel,No,1,2,0
EMP002714,34,Male,Divorced,5,Marketing,IT,Software Engineer,3,2,1,1,0,9074,0,10,8,1,1,3,2,4,1,Non-Travel,No,0,2,0
EMP002715,33,Female,Married,3,Medical,R&D,Laboratory Technician,3,2,0,0,0,9732,1,14,7,2,2,3,2,3,4,Travel_Rarely,Yes,2,3,0
EMP002716,28,Male,Married,2,Life Sciences,Sales,Sales Representative,2,4,1,1,1,5482,0,7,30,3,3,1,3,3,4,Travel_Rarely,No,0,3,0
EMP002717,20,Male,Single,5,Marketing,Marketing,Marketing Specialist,1,2,0,0,0,4141,1,10,35,3,4,4,4,3,2,Travel_Rarely,No,0,2,0
EMP002718,39,Male,Married,3,Technical Degree,R&D,Research Director,4,4,4,4,1,10124,1,9,6,3,4,2,1,3,1,Travel_Frequently,Yes,2,3,0
EMP002719,23,Female,Single,3,Marketing,R&D,Manager,1,3,3,3,3,3837,1,12,35,4,1,4,2,3,3,Travel_Rarely,Yes,1,2,0
EMP002720,21,Female,Married,3,Human Resources,HR,Manager,1,3,1,0,1,4214,0,9,6,3,2,3,4,3,6,Travel_Rarely,Yes,0,2,0
EMP002721,33,Male,Single,4,Life Sciences,Sales,Sales Representative,2,15,1,0,0,6936,1,6,2,3,1,3,4,3,4,Travel_Rarely,No,4,3,0
EMP002722,30,Male,Married,2,Technical Degree,R&D,Research Director,3,4,4,0,0,8908,1,13,2,3,1,4,1,4,1,Travel_Frequently,Yes,3,4,0
EMP002723,27,Male,Single,3,Marketing,HR,Manager,2,0,0,0,0,4605,0,13,12,1,1,3,3,3,2,Travel_Frequently,No,1,2,1
EMP002724,24,Male,Single,1,Marketing,Sales,Sales Representative,1,6,0,0,0,3601,0,12,22,2,4,1,3,4,4,Non-Travel,No,1,4,0
EMP002725,38,Female,Married,4,Marketing,Sales,Sales Representative,3,4,1,1,0,9058,0,14,8,3,2,4,3,4,2,Travel_Rarely,Yes,2,3,0
EMP002726,22,Male,Single,3,Medical,R&D,Research Scientist,1,0,0,0,0,2846,0,16,8,3,2,4,1,3,1,Travel_Frequently,Yes,0,2,0
EMP002727,29,Female,Single,3,Medical,HR,Human Resources,3,1,1,1,1,9539,0,12,5,3,1,3,2,1,1,Travel_Rarely,No,2,3,0
EMP002728,21,Male,Single,4,Marketing,Sales,Sales Executive,2,0,0,0,0,4956,0,14,9,3,4,4,3,4,4,Travel_Rarely,No,2,3,0
EMP002729,33,Female,Married,4,Life Sciences,Sales,Manager,2,15,1,0,1,7198,0,9,8,1,1,4,3,3,2,Travel_Frequently,Yes,0,2,0
EMP002730,44,Male,Married,4,Marketing,Operations,Operations Manager,3,0,0,0,0,7814,1,16,14,1,3,4,4,3,1,Travel_Rarely,No,0,2,0
EMP002731,31,Male,Married,3,Technical Degree,Sales,Sales Executive,1,7,0,0,0,4182,0,13,3,2,2,2,2,4,5,Travel_Frequently,No,1,2,0
EMP002732,23,Female,Single,4,Medical,Sales,Sales Representative,1,2,2,1,0,4058,1,8,2,3,2,3,1,2,4,Travel_Rarely,No,1,2,1
EMP002733,34,Male,Single,3,Life Sciences,R&D,Research Director,1,0,0,0,0,3166,1,12,10,2,3,2,1,2,3,Travel_Rarely,Yes,0,1,1
EMP002734,25,Female,Single,2,Life Sciences,Sales,Sales Representative,2,2,0,0,0,5404,1,8,7,3,1,1,2,4,0,Travel_Rarely,No,1,2,0
EMP002735,24,Female,Single,4,Life Sciences,HR,Manager,1,0,0,0,0,3881,0,16,11,3,2,2,4,3,1,Travel_Rarely,Yes,1,2,0
EMP002736,27,Male,Single,3,Life Sciences,Marketing,Marketing Manager,1,8,3,1,0,4737,0,15,21,2,3,3,3,3,4,Travel_Rarely,No,1,3,0
EMP002737,20,Female,Married,4,Life Sciences,R&D,Research Director,1,2,2,0,0,3209,0,15,4,3,3,4,4,3,1,Travel_Frequently,No,1,4,0
EMP002738,40,Male,Married,5,Life Sciences,IT,Data Scientist,3,3,1,1,1,8217,1,8,3,4,3,3,4,2,4,Travel_Rarely,No,0,2,0
EMP002739,28,Male,Single,4,Life Sciences,Marketing,Marketing Specialist,2,8,0,0,0,7002,0,5,6,4,3,3,1,4,2,Travel_Frequently,Yes,4,3,0
EMP002740,29,Female,Married,1,Medical,Sales,Sales Representative,3,3,3,2,3,7705,1,10,14,2,3,2,3,3,4,Non-Travel,Yes,0,3,0
EMP002741,38,Female,Divorced,5,Human Resources,R&D,Research Director,2,4,3,0,1,8108,0,14,27,2,1,2,3,3,3,Travel_Rarely,No,5,3,1
EMP002742,39,Male,Single,3,Human Resources,HR,Manager,3,8,0,0,0,9958,2,7,11,4,2,3,3,4,1,Travel_Rarely,No,0,3,0
EMP002743,25,Female,Single,3,Life Sciences,R&D,Laboratory Technician,3,6,1,1,1,9396,0,15,4,4,4,3,3,2,3,Travel_Rarely,Yes,1,4,0
EMP002744,29,Female,Married,3,Life Sciences,IT,Software Engineer,3,5,0,0,0,6817,2,5,6,2,4,3,1,1,1,Travel_Rarely,Yes,0,4,0
EMP002745,23,Male,Single,3,Medical,IT,Software Engineer,1,5,0,0,0,2976,0,17,9,2,3,3,1,3,1,Travel_Frequently,No,2,3,1
EMP002746,36,Female,Single,4,Life Sciences,R&D,Research Scientist,2,1,1,1,0,4729,0,14,8,3,3,3,1,4,2,Travel_Rarely,No,4,1,0
EMP002747,40,Female,Married,3,Marketing,Sales,Sales Executive,2,0,0,0,0,4598,1,18,2,2,2,4,3,1,2,Travel_Frequently,Yes,1,3,0
EMP002748,20,Female,Single,4,Medical,Sales,Sales Executive,1,2,2,2,0,3080,0,12,5,3,2,4,1,4,1,Travel_Rarely,No,0,1,0
EMP002749,40,Male,Married,4,Medical,R&D,Laboratory Technician,3,1,0,0,0,8004,1,14,4,3,3,4,2,2,2,Travel_Rarely,Yes,0,2,0
EMP002750,22,Female,Single,3,Technical Degree,Sales,Sales Representative,1,0,0,0,0,2113,0,16,9,4,4,1,4,3,1,Travel_Rarely,Yes,1,4,0
EMP002751,25,Male,Married,4,Technical Degree,IT,Manager,2,1,0,0,0,5659,1,19,6,2,4,2,2,3,3,Non-Travel,No,0,2,0
EMP002752,21,Female,Single,4,Human Resources,R&D,Manager,1,3,3,0,3,3577,1,6,6,2,1,2,3,2,2,Travel_Rarely,No,1,3,0
EMP002753,31,Female,Divorced,4,Life Sciences,IT,Manager,2,6,1,1,1,6542,0,14,6,3,3,4,3,3,3,Travel_Frequently,No,3,2,0
EMP002754,22,Male,Single,3,Other,R&D,Research Director,1,4,1,0,1,3923,0,15,18,3,3,3,2,2,1,Non-Travel,No,2,2,0
EMP002755,26,Male,Single,3,Marketing,IT,Data Scientist,1,5,3,1,1,3646,0,11,10,4,3,3,1,3,2,Travel_Frequently,No,0,4,0
EMP002756,26,Female,Divorced,3,Marketing,Marketing,Marketing Specialist,2,2,0,0,0,5682,1,8,8,3,4,1,4,4,3,Travel_Rarely,Yes,1,2,0
EMP002757,19,Female,Single,3,Other,IT,Software Engineer,1,1,1,0,1,3810,0,12,3,1,1,3,3,4,3,Travel_Rarely,Yes,0,3,0
EMP002758,31,Male,Married,3,Other,R&D,Manager,1,7,1,0,1,4070,1,5,7,3,3,4,4,3,1,Non-Travel,Yes,5,3,0
EMP002759,19,Male,Single,4,Technical Degree,Sales,Sales Representative,1,1,1,1,1,3651,0,13,17,1,1,3,3,4,1,Travel_Rarely,No,1,1,0
EMP002760,25,Female,Married,2,Medical,R&D,Laboratory Technician,3,7,2,2,0,10948,2,12,14,3,3,1,2,3,2,Travel_Rarely,Yes,1,3,0
EMP002761,34,Male,Married,5,Medical,R&D,Research Director,3,9,2,1,2,9948,0,9,6,3,3,1,1,3,2,Non-Travel,Yes,0,3,0
EMP002762,35,Male,Married,4,Marketing,Operations,Operations Manager,4,2,2,2,0,12125,1,10,17,4,1,3,1,4,4,Travel_Rarely,No,0,2,0
EMP002763,26,Female,Single,3,Technical Degree,HR,Manager,3,2,1,0,0,8077,0,5,12,3,3,3,3,2,1,Travel_Rarely,No,3,2,0
EMP002764,22,Male,Single,1,Technical Degree,HR,Human Resources,2,4,1,1,1,5883,0,14,6,3,4,3,2,3,1,Travel_Frequently,Yes,0,2,1
EMP002765,30,Male,Married,4,Medical,IT,Manager,2,2,0,0,0,7153,1,13,4,2,1,3,4,3,4,Travel_Rarely,No,0,4,0
EMP002766,31,Male,Single,4,Medical,HR,Manager,2,6,0,0,0,5719,0,5,5,1,2,1,1,3,4,Non-Travel,No,0,4,0
EMP002767,33,Female,Married,5,Life Sciences,HR,Human Resources,2,2,2,0,1,5802,1,13,18,1,3,3,4,3,3,Travel_Frequently,Yes,0,3,0
EMP002768,28,Male,Single,3,Other,Sales,Sales Executive,3,6,0,0,0,9631,1,15,4,2,3,2,1,2,2,Travel_Rarely,No,3,3,0
EMP002769,34,Female,Single,2,Life Sciences,Sales,Sales Representative,2,0,0,0,0,5789,1,14,10,3,4,4,4,3,6,Travel_Rarely,Yes,0,2,0
EMP002770,26,Female,Married,5,Marketing,IT,Software Engineer,1,8,8,0,6,4581,0,12,17,2,2,2,4,3,0,Travel_Rarely,No,3,4,0
EMP002771,26,Male,Married,3,Other,IT,Data Scientist,3,8,1,0,0,10013,0,9,1,2,2,4,3,3,1,Travel_Frequently,No,1,1,0
EMP002772,26,Female,Single,4,Medical,R&D,Manager,1,7,3,0,3,4047,0,15,28,4,4,2,4,4,3,Travel_Frequently,No,2,2,0
EMP002773,30,Male,Married,2,Technical Degree,R&D,Laboratory Technician,2,2,1,1,1,4972,1,10,6,1,3,2,1,3,5,Non-Travel,No,0,3,0
EMP002774,27,Female,Married,4,Technical Degree,R&D,Research Director,2,4,2,0,0,5750,0,9,6,1,4,3,3,4,6,Travel_Rarely,No,4,2,0
EMP002775,38,Male,Married,2,Life Sciences,R&D,Research Scientist,2,5,5,0,3,4773,0,7,11,3,4,4,1,3,0,Travel_Frequently,Yes,0,3,0
EMP002776,37,Female,Single,4,Medical,Sales,Sales Representative,3,1,1,1,1,7745,0,14,16,1,4,4,3,4,4,Travel_Rarely,No,0,2,0
EMP002777,29,Male,Married,3,Technical Degree,IT,Software Engineer,2,1,0,0,0,5543,1,13,5,2,1,3,2,2,1,Non-Travel,No,3,3,0
EMP002778,20,Male,Single,5,Medical,R&D,Laboratory Technician,1,2,2,0,2,3939,1,7,11,4,3,3,3,4,1,Travel_Frequently,No,0,2,0
EMP002779,40,Female,Single,1,Marketing,R&D,Manager,3,14,5,5,0,10161,0,14,10,3,4,2,1,4,1,Travel_Rarely,No,0,4,0
EMP002780,33,Male,Married,3,Marketing,Sales,Sales Representative,3,1,0,0,0,8106,1,18,2,1,4,4,3,3,4,Travel_Frequently,No,0,3,0
EMP002781,21,Female,Single,2,Life Sciences,HR,Manager,1,0,0,0,0,3012,0,17,2,1,3,3,3,3,0,Travel_Rarely,No,1,3,1
EMP002782,34,Male,Single,5,Medical,Sales,Sales Executive,1,16,9,0,0,5953,1,14,9,3,3,2,4,3,6,Non-Travel,Yes,0,4,0
EMP002783,20,Male,Married,4,Life Sciences,R&D,Laboratory Technician,1,1,1,1,0,3034,0,12,30,2,2,3,4,4,1,Non-Travel,No,1,4,1
EMP002784,20,Female,Single,3,Life Sciences,R&D,Research Scientist,1,2,2,0,2,3742,1,10,8,2,4,4,2,2,6,Travel_Frequently,No,0,4,0
EMP002785,27,Male,Married,2,Marketing,R&D,Research Scientist,1,2,0,0,0,4393,0,8,10,3,3,3,4,3,0,Travel_Rarely,Yes,5,3,0
EMP002786,50,Female,Single,3,Marketing,Sales,Manager,4,14,0,0,0,15283,3,14,11,3,1,2,4,2,5,Travel_Rarely,No,0,2,0
EMP002787,23,Male,Married,3,Life Sciences,Marketing,Marketing Manager,1,4,4,3,2,4275,1,9,2,2,4,4,4,3,2,Travel_Rarely,Yes,0,4,0
EMP002788,39,Male,Married,3,Technical Degree,R&D,Laboratory Technician,4,2,0,0,0,9975,1,16,10,4,3,4,3,3,3,Travel_Frequently,No,0,4,0
EMP002789,34,Female,Single,4,Medical,HR,Manager,1,0,0,0,0,3157,0,13,5,2,2,4,4,4,4,Travel_Frequently,No,1,3,0
EMP002790,23,Male,Single,2,Other,HR,Manager,1,1,1,0,1,3887,0,16,14,2,2,2,2,2,2,Travel_Rarely,No,0,3,0
EMP002791,30,Male,Married,4,Medical,HR,Manager,1,9,0,0,0,5292,0,20,0,4,3,3,4,2,2,Non-Travel,Yes,2,3,0
EMP002792,40,Female,Single,4,Life Sciences,HR,Human Resources,4,0,0,0,0,11652,1,21,2,4,1,3,4,3,2,Travel_Rarely,No,0,3,0
EMP002793,32,Male,Married,5,Technical Degree,IT,Manager,2,0,0,0,0,5739,1,13,14,2,4,3,4,3,1,Travel_Rarely,No,0,3,0
EMP002794,21,Male,Single,4,Marketing,IT,Software Engineer,2,1,1,1,1,5440,0,19,5,3,3,4,4,3,3,Travel_Rarely,No,0,3,0
EMP002795,20,Female,Single,3,Medical,R&D,Laboratory Technician,1,0,0,0,0,2381,0,14,2,3,2,2,4,3,0,Travel_Frequently,No,0,4,0
EMP002796,35,Female,Married,4,Medical,HR,Human Resources,3,5,0,0,0,8024,0,11,5,1,3,2,3,3,4,Travel_Rarely,No,6,3,0
EMP002797,24,Male,Single,2,Life Sciences,Sales,Manager,1,6,1,0,1,4519,0,12,5,2,2,2,1,3,4,Travel_Rarely,No,0,3,0
EMP002798,27,Female,Single,2,Medical,Sales,Manager,2,0,0,0,0,4831,0,15,16,1,4,4,2,2,2,Travel_Rarely,No,6,2,0
EMP002799,25,Female,Married,4,Life Sciences,R&D,Research Director,2,7,0,0,0,5274,0,5,16,4,3,3,2,4,4,Travel_Rarely,Yes,2,3,1
EMP002800,26,Male,Married,5,Marketing,Marketing,Marketing Specialist,2,0,0,0,0,5163,0,13,34,4,4,3,3,2,4,Travel_Rarely,No,1,2,1
EMP002801,26,Male,Single,2,Other,HR,Human Resources,2,8,3,1,0,6145,1,9,7,4,3,3,4,3,1,Travel_Frequently,No,1,1,0
EMP002802,23,Female,Single,2,Technical Degree,IT,Manager,1,3,0,0,0,2386,0,11,22,2,2,2,3,3,4,Non-Travel,Yes,0,3,1
EMP002803,32,Male,Single,4,Life Sciences,Sales,Sales Executive,2,9,3,0,2,6714,0,8,2,4,4,2,1,3,4,Travel_Rarely,Yes,0,3,0
EMP002804,34,Female,Married,3,Other,R&D,Research Director,1,0,0,0,0,2203,0,14,11,1,4,4,2,3,3,Travel_Frequently,No,1,3,0
EMP002805,23,Female,Single,4,Medical,R&D,Research Director,2,5,2,1,2,5943,0,11,4,3,4,3,4,4,2,Travel_Frequently,Yes,0,4,0
EMP002806,24,Female,Single,3,Life Sciences,IT,Data Scientist,1,0,0,0,0,2950,1,15,1,1,3,3,2,1,1,Travel_Rarely,No,1,2,0
EMP002807,37,Female,Divorced,2,Technical Degree,Sales,Manager,3,0,0,0,0,10817,1,16,2,1,3,2,1,3,3,Travel_Rarely,No,1,3,0
EMP002808,23,Male,Single,3,Medical,R&D,Research Scientist,1,5,4,0,2,4264,0,15,14,2,3,2,4,2,4,Travel_Frequently,No,1,2,0
EMP002809,32,Male,Single,5,Life Sciences,Marketing,Marketing Specialist,2,0,0,0,0,5236,1,10,6,4,2,2,1,4,3,Non-Travel,No,0,1,0
EMP002810,38,Female,Divorced,4,Life Sciences,Marketing,Marketing Specialist,4,10,3,3,3,16295,2,9,17,4,1,4,1,4,1,Travel_Rarely,No,0,2,0
EMP002811,22,Male,Single,4,Medical,Marketing,Marketing Manager,1,4,4,2,0,3613,0,10,5,3,4,2,3,3,2,Travel_Rarely,No,1,4,0
EMP002812,24,Female,Single,3,Life Sciences,R&D,Laboratory Technician,1,2,1,0,0,3213,0,14,6,4,3,1,3,3,1,Travel_Rarely,No,3,2,1
EMP002813,24,Male,Single,5,Technical Degree,Operations,Operations Manager,2,1,1,0,1,4648,1,13,3,3,4,3,2,1,6,Travel_Frequently,No,4,3,0
EMP002814,26,Female,Married,3,Medical,IT,Software Engineer,2,0,0,0,0,5866,0,13,7,1,3,2,2,4,0,Travel_Rarely,Yes,5,3,1
EMP002815,29,Female,Single,5,Medical,Marketing,Marketing Specialist,3,5,0,0,0,9227,1,6,11,3,4,3,1,4,3,Travel_Rarely,Yes,0,1,0
EMP002816,25,Male,Single,3,Life Sciences,Operations,Operations Manager,1,7,0,0,0,4102,1,16,32,4,2,3,1,3,3,Non-Travel,Yes,0,2,1
EMP002817,31,Male,Married,3,Technical Degree,Operations,Operations Specialist,2,7,1,1,1,6990,0,12,20,2,3,4,3,2,2,Travel_Rarely,Yes,2,3,0
EMP002818,33,Female,Single,3,Medical,Sales,Manager,2,4,3,0,1,4898,0,9,1,2,3,4,4,2,4,Travel_Frequently,Yes,2,2,0
EMP002819,49,Male,Married,4,Medical,Sales,Sales Executive,4,0,0,0,0,10465,3,19,21,3,2,3,3,4,3,Travel_Frequently,No,1,3,0
EMP002820,37,Female,Married,2,Technical Degree,IT,Software Engineer,4,8,0,0,0,13053,1,15,19,4,3,4,3,2,1,Travel_Rarely,Yes,0,2,0
EMP002821,32,Female,Single,5,Life Sciences,HR,Human Resources,1,14,6,0,2,5846,1,15,2,3,1,2,4,2,2,Travel_Rarely,Yes,0,4,0
EMP002822,28,Male,Single,3,Medical,R&D,Research Director,3,1,0,0,0,8597,1,10,8,1,2,4,1,3,1,Travel_Rarely,Yes,0,3,1
EMP002823,26,Female,Married,3,Marketing,IT,Manager,2,2,2,0,2,5237,1,13,5,3,2,3,2,3,4,Travel_Rarely,No,1,3,0
EMP002824,36,Male,Married,3,Medical,Sales,Sales Representative,3,0,0,0,0,8286,2,12,4,3,1,4,3,1,1,Travel_Frequently,Yes,0,3,1
EMP002825,26,Male,Married,1,Life Sciences,Sales,Sales Executive,2,8,4,0,4,7175,0,12,33,4,4,3,1,4,4,Travel_Rarely,No,4,4,0
EMP002826,26,Male,Married,4,Life Sciences,R&D,Laboratory Technician,2,0,0,0,0,6160,1,10,4,2,4,2,2,3,2,Travel_Rarely,Yes,0,3,1
EMP002827,23,Female,Single,4,Medical,Sales,Sales Representative,2,3,3,1,0,5629,0,11,9,3,1,2,2,3,6,Travel_Rarely,No,1,4,0
EMP002828,26,Female,Divorced,4,Human Resources,IT,Manager,2,4,2,0,0,7063,0,11,4,3,3,3,3,4,2,Travel_Rarely,No,0,4,0
EMP002829,22,Male,Single,1,Medical,Operations,Operations Manager,1,0,0,0,0,3055,1,17,3,2,2,3,1,3,3,Travel_Rarely,No,2,3,1
EMP002830,28,Male,Married,5,Life Sciences,IT,Manager,2,0,0,0,0,4798,0,13,18,2,4,2,3,3,2,Non-Travel,No,2,3,0
EMP002831,26,Male,Single,3,Technical Degree,IT,Software Engineer,1,7,1,1,0,4171,0,11,12,3,1,2,1,3,4,Travel_Rarely,Yes,0,3,0
EMP002832,29,Female,Married,5,Medical,Sales,Sales Representative,2,1,0,0,0,4234,0,13,4,2,2,4,3,3,2,Non-Travel,Yes,2,4,0
EMP002833,28,Male,Married,2,Medical,R&D,Research Director,2,6,0,0,0,5854,0,11,12,1,3,2,1,3,2,Travel_Rarely,No,1,3,0
EMP002834,33,Female,Single,4,Marketing,IT,Manager,3,6,6,0,2,10093,2,11,12,2,1,3,3,2,1,Travel_Rarely,No,3,4,0
EMP002835,28,Male,Married,4,Marketing,IT,Software Engineer,2,2,0,0,0,4824,0,17,6,4,4,3,3,4,5,Travel_Rarely,Yes,0,4,1
EMP002836,31,Female,Married,3,Marketing,Sales,Sales Representative,2,0,0,0,0,4420,0,13,11,4,3,3,2,2,1,Travel_Rarely,No,2,3,0
EMP002837,31,Female,Single,2,Life Sciences,IT,Manager,2,0,0,0,0,4625,0,18,4,1,4,4,4,2,2,Travel_Rarely,No,4,2,0
EMP002838,30,Female,Married,4,Technical Degree,Operations,Operations Specialist,2,3,0,0,0,6060,1,9,4,1,3,4,3,2,2,Travel_Rarely,No,3,3,0
EMP002839,30,Male,Single,1,Life Sciences,R&D,Research Director,2,0,0,0,0,4516,0,19,3,4,2,4,2,3,1,Travel_Rarely,No,5,4,0
EMP002840,26,Male,Married,3,Life Sciences,Sales,Manager,2,6,1,0,1,4728,0,16,1,4,4,4,4,4,3,Travel_Rarely,No,0,2,0
EMP002841,39,Female,Married,4,Life Sciences,R&D,Research Director,3,2,0,0,0,6294,0,15,14,3,3,4,3,3,1,Travel_Frequently,No,1,4,0
EMP002842,30,Female,Married,4,Technical Degree,Sales,Sales Representative,1,5,0,0,0,3603,0,9,2,4,4,2,4,3,4,Non-Travel,No,0,4,0
EMP002843,20,Male,Single,5,Marketing,Marketing,Marketing Specialist,1,2,0,0,0,3423,1,12,3,4,4,3,3,3,1,Non-Travel,No,0,1,0
EMP002844,23,Female,Single,3,Technical Degree,Marketing,Marketing Specialist,2,4,0,0,0,5600,0,17,7,2,4,4,4,3,1,Travel_Frequently,Yes,0,2,1
EMP002845,30,Male,Married,3,Technical Degree,HR,Manager,2,8,6,1,0,6506,0,9,11,3,2,3,1,2,3,Travel_Rarely,No,0,4,0
EMP002846,27,Male,Married,3,Life Sciences,IT,Data Scientist,2,9,0,0,0,7818,0,12,16,3,2,2,2,2,3,Travel_Frequently,No,0,3,0
EMP002847,28,Male,Single,4,Medical,IT,Data Scientist,2,0,0,0,0,6297,0,16,1,4,3,3,1,3,3,Travel_Frequently,No,9,2,1
EMP002848,20,Female,Married,5,Marketing,R&D,Laboratory Technician,1,2,1,0,0,2915,0,10,6,3,3,4,3,3,3,Travel_Rarely,No,0,4,0
EMP002849,31,Female,Single,5,Medical,HR,Manager,2,4,0,0,0,4837,0,8,17,3,3,4,3,3,1,Non-Travel,No,3,1,0
EMP002850,21,Male,Single,5,Life Sciences,IT,Software Engineer,1,3,2,0,0,4070,1,8,18,1,2,3,4,3,1,Non-Travel,No,0,2,0
EMP002851,38,Male,Married,5,Other,IT,Data Scientist,4,0,0,0,0,12127,3,19,11,1,2,1,1,4,1,Non-Travel,No,1,3,0
EMP002852,24,Female,Single,5,Technical Degree,Sales,Sales Representative,1,0,0,0,0,3011,0,18,1,3,2,3,4,3,2,Travel_Rarely,No,0,3,0
EMP002853,30,Male,Single,3,Medical,R&D,Research Scientist,1,3,0,0,0,3153,0,16,7,3,3,2,1,2,1,Travel_Rarely,No,2,4,0
EMP002854,23,Female,Single,5,Technical Degree,R&D,Research Scientist,2,0,0,0,0,4015,0,18,10,1,1,4,4,2,0,Travel_Rarely,No,0,2,1
EMP002855,19,Female,Single,4,Marketing,IT,Data Scientist,1,1,1,0,0,2092,1,16,6,2,2,1,3,1,2,Travel_Rarely,No,0,1,1
EMP002856,23,Male,Single,2,Life Sciences,R&D,Laboratory Technician,1,5,3,0,0,4042,0,10,9,3,3,4,1,2,1,Travel_Frequently,No,0,2,0
EMP002857,26,Male,Single,1,Medical,R&D,Laboratory Technician,1,0,0,0,0,3393,0,14,6,3,3,2,1,3,1,Travel_Frequently,No,0,2,0
EMP002858,20,Female,Single,3,Life Sciences,IT,Software Engineer,1,2,0,0,0,3645,1,8,18,4,3,3,4,3,2,Non-Travel,No,0,3,0
EMP002859,44,Male,Single,4,Life Sciences,R&D,Manager,4,4,3,0,0,13264,1,15,1,2,1,3,2,4,3,Travel_Rarely,Yes,0,3,0
EMP002860,28,Male,Single,4,Life Sciences,R&D,Research Director,3,9,0,0,0,8613,0,9,6,1,4,2,4,1,2,Travel_Rarely,Yes,0,4,0
EMP002861,24,Male,Single,3,Other,Marketing,Marketing Manager,1,6,0,0,0,3577,0,11,2,2,1,4,4,4,4,Travel_Rarely,No,1,3,0
EMP002862,35,Male,Married,4,Medical,Sales,Manager,2,0,0,0,0,5498,0,15,14,1,3,4,4,2,2,Travel_Rarely,No,0,3,0
EMP002863,26,Female,Single,2,Technical Degree,Sales,Manager,3,3,1,1,1,7162,1,12,1,3,2,4,4,4,1,Travel_Rarely,No,3,1,0
EMP002864,32,Female,Single,4,Life Sciences,Sales,Manager,2,8,1,0,0,5975,1,15,4,3,4,3,3,2,4,Travel_Frequently,Yes,2,2,0
EMP002865,22,Female,Single,4,Life Sciences,Sales,Sales Representative,1,4,1,0,0,3452,0,17,12,1,3,3,2,2,4,Travel_Rarely,No,2,1,0
EMP002866,35,Male,Married,5,Other,R&D,Research Director,3,3,0,0,0,8582,1,12,3,2,3,4,2,3,2,Travel_Rarely,No,3,2,0
EMP002867,23,Male,Single,2,Medical,HR,Manager,1,1,0,0,0,3218,1,17,10,4,4,2,3,3,1,Travel_Frequently,No,0,2,1
EMP002868,28,Female,Married,5,Other,R&D,Manager,1,4,0,0,0,4165,1,12,1,4,2,3,4,4,6,Travel_Rarely,No,0,2,0
EMP002869,28,Female,Married,3,Life Sciences,Sales,Sales Executive,3,2,2,0,1,8443,0,12,6,2,3,2,1,2,1,Travel_Rarely,No,0,4,1
EMP002870,37,Female,Married,3,Other,Sales,Sales Executive,2,2,0,0,0,5323,0,13,5,1,4,2,4,3,5,Non-Travel,No,1,1,0
EMP002871,29,Male,Single,3,Medical,R&D,Research Director,1,1,1,0,0,3715,0,21,5,2,3,3,3,3,1,Travel_Frequently,No,5,2,0
EMP002872,30,Female,Married,4,Life Sciences,HR,Human Resources,2,0,0,0,0,4527,1,19,34,1,3,1,1,4,1,Travel_Frequently,Yes,1,4,1
EMP002873,34,Male,Single,5,Technical Degree,R&D,Laboratory Technician,2,6,1,0,1,6217,0,13,10,1,1,3,2,2,5,Non-Travel,No,5,1,0
EMP002874,22,Female,Married,4,Technical Degree,Sales,Manager,1,4,2,0,1,3335,0,11,1,2,1,4,4,4,3,Travel_Rarely,No,1,2,0
EMP002875,26,Female,Married,5,Life Sciences,Sales,Manager,3,3,3,0,2,8783,1,10,17,3,1,3,4,1,2,Travel_Frequently,No,1,4,0
EMP002876,35,Female,Married,3,Human Resources,Sales,Sales Representative,2,2,0,0,0,6005,0,11,3,3,3,2,4,4,3,Travel_Rarely,No,4,3,0
EMP002877,31,Female,Divorced,3,Technical Degree,Sales,Sales Representative,3,8,1,0,1,8847,2,15,10,2,3,3,3,4,3,Travel_Rarely,No,4,4,0
EMP002878,26,Female,Married,3,Medical,IT,Data Scientist,2,0,0,0,0,6241,0,15,4,3,2,3,1,2,3,Travel_Frequently,Yes,1,3,1
EMP002879,33,Male,Single,3,Life Sciences,R&D,Manager,2,2,0,0,0,5423,0,11,11,1,3,3,4,3,3,Travel_Rarely,Yes,3,3,0
EMP002880,24,Male,Single,5,Medical,Sales,Manager,1,5,0,0,0,4250,0,12,17,3,3,1,3,4,5,Non-Travel,Yes,4,3,0
EMP002881,25,Female,Married,4,Life Sciences,R&D,Research Scientist,2,7,0,0,0,5245,0,11,21,3,2,2,3,3,2,Travel_Rarely,No,1,3,1
EMP002882,23,Male,Married,3,Medical,R&D,Research Scientist,1,5,2,2,0,4631,1,11,7,4,4,3,3,2,2,Non-Travel,No,1,3,0
EMP002883,31,Male,Married,4,Technical Degree,R&D,Manager,2,0,0,0,0,5818,0,18,8,4,3,1,1,2,1,Travel_Rarely,Yes,0,2,0
EMP002884,24,Male,Single,3,Technical Degree,Sales,Sales Executive,1,0,0,0,0,2112,0,13,2,2,1,4,2,3,2,Travel_Rarely,No,1,3,0
EMP002885,38,Male,Married,1,Medical,IT,Software Engineer,3,0,0,0,0,6344,1,11,16,3,4,2,4,2,3,Travel_Rarely,Yes,1,2,0
EMP002886,48,Female,Married,3,Life Sciences,IT,Manager,4,4,0,0,0,14234,3,12,6,3,2,4,3,2,4,Travel_Rarely,Yes,2,4,0
EMP002887,23,Male,Single,4,Human Resources,R&D,Manager,1,1,0,0,0,3625,0,13,4,4,3,4,1,2,2,Non-Travel,No,1,2,0
EMP002888,27,Female,Married,5,Life Sciences,R&D,Laboratory Technician,1,0,0,0,0,2161,1,14,2,4,4,4,4,3,1,Travel_Rarely,No,4,1,0
EMP002889,33,Female,Married,1,Life Sciences,Sales,Sales Executive,1,0,0,0,0,3329,0,18,9,4,2,3,3,4,5,Non-Travel,No,2,2,1
EMP002890,31,Male,Married,3,Marketing,IT,Manager,3,5,1,0,0,8199,0,14,9,3,2,4,2,4,2,Non-Travel,No,0,3,0
EMP002891,26,Female,Married,2,Technical Degree,HR,Human Resources,1,7,0,0,0,4354,0,11,4,4,4,2,4,4,3,Travel_Rarely,No,0,4,0
EMP002892,31,Male,Married,2,Human Resources,Sales,Sales Executive,2,9,0,0,0,6638,0,9,11,1,4,1,1,3,1,Travel_Rarely,Yes,4,3,1
EMP002893,32,Female,Single,4,Human Resources,R&D,Laboratory Technician,1,4,0,0,0,3454,0,10,2,4,3,3,4,2,4,Travel_Rarely,Yes,0,2,0
EMP002894,33,Male,Single,3,Other,Marketing,Marketing Specialist,2,2,2,0,1,5215,0,25,12,2,4,2,2,3,4,Travel_Rarely,Yes,2,1,1
EMP002895,39,Male,Married,4,Medical,R&D,Manager,3,3,3,1,1,7489,2,19,3,4,4,3,3,4,3,Non-Travel,No,0,3,0
EMP002896,33,Male,Married,3,Life Sciences,R&D,Manager,2,5,1,1,0,5541,0,11,3,3,1,3,4,4,2,Travel_Rarely,No,0,3,0
EMP002897,26,Male,Single,3,Marketing,HR,Manager,2,6,3,1,0,5322,0,13,8,3,4,4,2,4,6,Travel_Rarely,No,3,3,0
EMP002898,23,Female,Single,3,Life Sciences,Sales,Manager,1,5,3,0,0,4559,0,5,13,4,1,4,2,3,2,Non-Travel,No,0,1,1
EMP002899,26,Male,Married,1,Life Sciences,R&D,Laboratory Technician,2,8,1,0,1,6217,0,10,5,4,3,3,3,4,1,Travel_Rarely,No,1,2,0
EMP002900,30,Female,Married,5,Life Sciences,IT,Manager,2,6,2,2,0,6923,1,15,8,2,3,4,1,3,5,Travel_Rarely,Yes,3,1,0
EMP002901,20,Male,Single,1,Life Sciences,Marketing,Marketing Specialist,1,2,2,2,2,3655,0,10,3,3,3,3,4,1,2,Travel_Rarely,No,1,4,0
EMP002902,27,Female,Single,1,Medical,IT,Software Engineer,1,8,1,1,1,5091,0,12,6,3,3,4,2,2,4,Travel_Rarely,No,0,1,0
EMP002903,42,Female,Married,4,Medical,R&D,Manager,2,3,1,1,0,5260,0,12,8,3,2,1,4,3,3,Travel_Rarely,No,6,3,0
EMP002904,49,Male,Single,5,Medical,IT,Data Scientist,4,1,0,0,0,11831,1,17,8,2,1,3,2,2,2,Travel_Rarely,No,1,3,0
EMP002905,30,Male,Married,5,Technical Degree,Marketing,Marketing Manager,1,8,1,0,1,4645,0,5,10,1,2,1,4,3,3,Travel_Rarely,No,0,2,0
EMP002906,21,Female,Single,3,Technical Degree,R&D,Research Scientist,1,3,3,0,2,3051,0,8,6,2,4,2,1,1,3,Travel_Rarely,No,0,4,0
EMP002907,32,Male,Married,2,Other,Sales,Manager,1,4,2,1,0,3833,0,13,5,4,2,3,3,3,3,Travel_Rarely,No,3,3,0
EMP002908,20,Male,Single,4,Medical,Marketing,Marketing Specialist,1,2,2,1,0,3262,1,8,4,4,3,2,3,3,1,Travel_Rarely,Yes,1,3,0
EMP002909,26,Female,Married,4,Life Sciences,Sales,Sales Executive,1,2,0,0,0,3933,0,16,3,3,3,4,2,2,3,Travel_Rarely,No,1,2,0
EMP002910,30,Female,Married,3,Life Sciences,Sales,Manager,1,5,5,1,0,4641,0,11,5,4,4,3,3,3,1,Travel_Rarely,No,0,2,0
EMP002911,32,Female,Single,3,Technical Degree,R&D,Manager,1,5,1,0,0,4813,0,5,12,3,4,2,4,3,2,Travel_Rarely,No,3,3,0
EMP002912,39,Female,Married,2,Technical Degree,R&D,Manager,3,1,1,1,1,6047,0,13,8,1,3,2,4,3,2,Travel_Rarely,Yes,3,4,1
EMP002913,20,Female,Single,2,Life Sciences,IT,Software Engineer,1,1,1,0,0,3512,1,19,16,2,2,2,4,4,2,Travel_Rarely,No,1,3,0
EMP002914,28,Female,Single,4,Other,R&D,Research Scientist,1,0,0,0,0,2849,1,10,4,3,3,3,1,3,4,Travel_Rarely,No,3,4,0
EMP002915,25,Female,Divorced,2,Marketing,Sales,Sales Executive,2,0,0,0,0,4487,0,15,4,3,2,3,3,4,5,Travel_Rarely,No,2,3,0
EMP002916,33,Male,Married,3,Life Sciences,HR,Manager,2,8,0,0,0,7741,0,13,6,3,1,2,4,2,3,Travel_Rarely,No,0,3,0
EMP002917,22,Female,Single,3,Marketing,IT,Data Scientist,1,1,1,1,1,2744,0,14,10,4,1,4,4,4,2,Travel_Rarely,Yes,2,2,0
EMP002918,21,Male,Single,3,Marketing,IT,Software Engineer,1,3,1,0,1,3693,0,10,16,4,3,3,3,3,3,Travel_Frequently,No,0,4,0
EMP002919,29,Male,Married,1,Life Sciences,R&D,Research Director,2,1,0,0,0,4492,0,14,3,4,3,2,1,4,4,Travel_Rarely,No,1,1,0
EMP002920,19,Female,Single,3,Medical,Sales,Sales Executive,1,1,1,0,1,2108,0,14,3,2,1,3,4,4,1,Travel_Frequently,No,2,2,0
EMP002921,36,Male,Married,5,Technical Degree,HR,Human Resources,3,18,0,0,0,9796,1,15,6,4,2,4,4,3,2,Travel_Frequently,Yes,0,4,0
EMP002922,32,Male,Divorced,1,Marketing,Sales,Sales Executive,2,0,0,0,0,3271,0,15,6,2,4,3,1,3,0,Travel_Frequently,Yes,1,4,1
EMP002923,28,Male,Married,4,Life Sciences,Sales,Sales Executive,2,5,0,0,0,5672,0,17,5,3,3,2,1,3,4,Travel_Rarely,No,2,1,1
EMP002924,25,Female,Married,4,Other,IT,Manager,3,1,0,0,0,6654,0,15,8,1,2,4,4,3,2,Travel_Rarely,No,3,4,0
EMP002925,28,Female,Married,3,Life Sciences,R&D,Research Director,1,0,0,0,0,3520,1,15,6,4,1,4,4,3,4,Non-Travel,Yes,0,3,0
EMP002926,28,Male,Single,2,Life Sciences,R&D,Laboratory Technician,3,0,0,0,0,8694,2,17,13,4,4,3,2,3,2,Travel_Frequently,No,0,2,0
EMP002927,38,Male,Married,1,Medical,IT,Manager,3,2,1,1,1,7294,2,6,17,3,3,1,3,3,2,Travel_Rarely,No,5,3,1
EMP002928,39,Male,Divorced,4,Other,R&D,Research Scientist,3,3,1,1,1,7363,0,11,8,4,2,2,4,2,3,Travel_Frequently,No,1,4,0
EMP002929,38,Female,Single,4,Marketing,Sales,Manager,2,5,1,0,1,5568,0,10,5,4,3,3,2,3,0,Travel_Rarely,Yes,2,4,0
EMP002930,40,Female,Married,3,Technical Degree,R&D,Laboratory Technician,3,4,1,1,1,8348,2,8,7,1,3,2,3,3,1,Travel_Rarely,No,0,2,1
EMP002931,31,Male,Married,4,Human Resources,Sales,Sales Executive,2,11,0,0,0,8116,0,11,3,1,2,3,3,4,0,Travel_Frequently,No,0,2,0
EMP002932,24,Male,Single,4,Technical Degree,Operations,Operations Manager,1,0,0,0,0,2762,0,20,8,3,3,2,3,3,1,Travel_Rarely,No,2,2,1
EMP002933,37,Female,Married,3,Life Sciences,IT,Software Engineer,3,8,0,0,0,9717,1,8,4,2,3,2,2,3,3,Travel_Rarely,No,0,3,0
EMP002934,39,Female,Married,4,Technical Degree,R&D,Research Director,4,3,0,0,0,11604,1,10,8,3,3,3,4,3,2,Travel_Rarely,No,2,4,0
EMP002935,35,Male,Married,3,Technical Degree,Sales,Sales Executive,2,9,9,2,0,7226,0,20,2,3,3,3,3,4,3,Travel_Rarely,No,0,3,0
EMP002936,35,Male,Married,4,Life Sciences,Sales,Sales Executive,3,2,2,0,2,9266,0,12,12,3,3,2,3,4,4,Travel_Rarely,No,0,2,0
EMP002937,25,Male,Single,2,Medical,IT,Manager,3,3,3,0,3,10025,1,17,11,2,2,2,1,3,1,Travel_Rarely,No,4,4,0
EMP002938,36,Female,Married,4,Technical Degree,Operations,Operations Manager,4,2,0,0,0,14066,1,15,5,1,2,2,3,3,1,Non-Travel,No,2,3,0
EMP002939,23,Female,Married,3,Life Sciences,Sales,Manager,1,0,0,0,0,2000,0,14,7,3,2,3,4,3,2,Travel_Rarely,No,1,3,1
EMP002940,38,Female,Married,4,Life Sciences,Marketing,Marketing Manager,4,0,0,0,0,9261,1,17,3,3,4,2,3,4,1,Travel_Rarely,No,1,3,0
EMP002941,26,Female,Married,2,Technical Degree,R&D,Laboratory Technician,1,3,0,0,0,3693,1,15,3,3,3,3,2,1,5,Non-Travel,No,2,3,0
EMP002942,21,Female,Single,4,Other,Sales,Sales Executive,2,3,0,0,0,5777,0,18,15,1,3,2,4,3,3,Non-Travel,Yes,0,4,1
EMP002943,41,Female,Single,2,Life Sciences,Sales,Manager,2,3,3,0,0,5388,0,11,6,2,3,3,1,4,3,Travel_Rarely,No,0,1,0
EMP002944,35,Male,Married,2,Medical,IT,Data Scientist,3,0,0,0,0,9152,1,12,9,3,3,3,4,3,3,Travel_Frequently,No,3,4,0
EMP002945,32,Male,Single,2,Marketing,R&D,Research Director,1,3,3,1,0,4276,0,13,12,2,2,4,4,4,4,Travel_Rarely,Yes,2,1,0
EMP002946,31,Female,Married,1,Technical Degree,IT,Software Engineer,2,0,0,0,0,4484,0,15,7,3,3,4,4,4,1,Travel_Rarely,Yes,2,3,0
EMP002947,26,Female,Single,4,Human Resources,Sales,Sales Representative,2,4,1,1,1,4632,0,8,4,3,3,4,4,3,1,Travel_Rarely,No,0,3,0
EMP002948,34,Male,Married,5,Technical Degree,IT,Manager,3,1,1,0,1,8724,2,17,55,4,2,4,4,2,1,Non-Travel,No,4,4,0
EMP002949,23,Male,Single,4,Marketing,Sales,Sales Representative,1,5,0,0,0,3727,0,14,9,4,1,4,3,1,3,Travel_Rarely,No,0,4,0
EMP002950,22,Male,Single,5,Human Resources,Sales,Sales Executive,2,2,2,2,2,3800,0,10,13,4,3,1,4,3,5,Travel_Frequently,No,1,2,0
EMP002951,38,Male,Married,1,Life Sciences,Sales,Manager,3,8,2,0,2,9944,1,14,4,3,1,4,1,2,3,Travel_Rarely,Yes,1,1,0
EMP002952,35,Male,Single,2,Life Sciences,IT,Software Engineer,3,1,1,0,0,8731,1,15,11,2,4,3,2,3,0,Travel_Rarely,Yes,7,3,0
EMP002953,38,Male,Married,4,Marketing,IT,Manager,3,1,1,0,0,7352,2,13,13,3,3,2,4,3,2,Travel_Rarely,No,1,3,0
EMP002954,43,Female,Married,5,Medical,Sales,Sales Representative,2,1,0,0,0,5079,1,16,20,4,4,3,3,4,0,Travel_Rarely,No,0,3,0
EMP002955,23,Female,Married,4,Life Sciences,R&D,Research Scientist,1,2,1,1,0,3542,0,11,12,2,2,2,2,2,2,Travel_Rarely,No,1,3,0
EMP002956,32,Female,Married,3,Medical,IT,Data Scientist,3,9,0,0,0,11560,1,14,4,4,2,2,3,1,3,Travel_Rarely,No,3,2,0
EMP002957,28,Female,Married,2,Technical Degree,R&D,Research Director,3,7,2,0,1,10138,0,17,6,3,4,3,3,2,2,Non-Travel,No,2,4,0
EMP002958,33,Male,Married,2,Other,Marketing,Marketing Manager,2,2,0,0,0,4276,0,8,4,4,2,3,4,3,2,Travel_Rarely,No,0,3,0
EMP002959,26,Male,Single,3,Life Sciences,Marketing,Marketing Manager,2,1,0,0,0,6312,0,17,10,2,2,4,4,2,3,Travel_Rarely,No,0,2,1
EMP002960,37,Male,Single,4,Marketing,HR,Human Resources,3,0,0,0,0,10044,1,14,1,4,1,1,1,3,1,Travel_Rarely,Yes,0,3,0
EMP002961,35,Female,Married,1,Life Sciences,HR,Human Resources,3,4,0,0,0,9306,0,11,7,2,2,3,1,3,2,Travel_Frequently,No,1,4,1
EMP002962,32,Male,Single,5,Technical Degree,IT,Data Scientist,1,6,3,0,3,4706,1,16,3,4,4,1,1,4,3,Non-Travel,No,0,4,0
EMP002963,19,Female,Single,5,Marketing,R&D,Research Director,1,1,1,1,0,2654,0,16,6,2,3,3,3,2,3,Travel_Rarely,No,0,1,0
EMP002964,27,Male,Single,5,Other,R&D,Manager,2,3,2,0,1,5629,0,8,14,4,3,3,4,4,2,Travel_Rarely,No,1,2,0
EMP002965,42,Female,Single,5,Life Sciences,Sales,Sales Representative,3,18,0,0,0,12623,1,13,11,1,4,3,2,3,2,Non-Travel,No,0,4,0
EMP002966,33,Male,Married,1,Medical,Marketing,Marketing Specialist,2,0,0,0,0,5194,0,15,1,3,3,1,4,4,5,Non-Travel,Yes,0,2,0
EMP002967,38,Female,Married,5,Life Sciences,IT,Software Engineer,4,20,0,0,0,14663,1,13,3,1,3,4,3,4,1,Travel_Rarely,No,0,2,0
EMP002968,19,Male,Single,3,Marketing,Sales,Sales Representative,1,1,1,1,1,2747,0,14,14,3,4,2,4,1,0,Travel_Rarely,No,0,4,0
EMP002969,19,Male,Single,5,Other,R&D,Research Director,2,1,1,1,1,5416,0,14,20,3,3,1,2,4,6,Travel_Rarely,No,1,3,1
EMP002970,28,Female,Married,2,Other,R&D,Laboratory Technician,2,6,0,0,0,6767,1,11,2,4,1,1,3,4,5,Travel_Rarely,Yes,7,3,0
EMP002971,32,Female,Married,3,Medical,IT,Software Engineer,1,1,1,0,1,2684,0,8,3,4,3,1,1,4,1,Travel_Rarely,Yes,0,3,0
EMP002972,33,Male,Single,1,Technical Degree,R&D,Laboratory Technician,2,6,6,0,0,5796,0,15,12,2,3,4,2,2,1,Travel_Frequently,No,0,4,0
EMP002973,26,Female,Married,1,Life Sciences,HR,Human Resources,3,2,2,2,1,11218,2,9,0,4,1,3,3,4,2,Travel_Rarely,No,1,3,0
EMP002974,28,Female,Single,5,Life Sciences,Sales,Manager,2,10,2,2,2,7481,1,10,1,2,2,4,4,1,1,Travel_Rarely,Yes,2,3,0
EMP002975,21,Female,Single,4,Other,HR,Manager,1,0,0,0,0,2888,1,14,18,3,4,3,2,4,3,Travel_Rarely,Yes,0,4,0
EMP002976,30,Male,Married,3,Life Sciences,R&D,Research Director,2,12,0,0,0,8135,0,17,9,2,4,1,3,3,2,Non-Travel,Yes,3,4,0
EMP002977,22,Male,Married,3,Life Sciences,Sales,Sales Executive,1,4,2,2,2,4132,0,5,5,4,4,2,1,4,1,Travel_Frequently,Yes,1,3,0
EMP002978,35,Male,Married,4,Medical,HR,Manager,3,0,0,0,0,8274,1,12,2,4,3,3,1,2,2,Non-Travel,No,1,4,0
EMP002979,28,Female,Single,3,Medical,HR,Manager,1,2,0,0,0,3512,0,13,2,2,3,1,2,3,2,Travel_Frequently,No,0,3,1
EMP002980,35,Female,Married,4,Life Sciences,Operations,Operations Specialist,2,0,0,0,0,4503,0,6,18,1,3,4,3,3,3,Travel_Rarely,No,0,3,1
EMP002981,25,Female,Single,3,Technical Degree,IT,Data Scientist,2,4,4,0,4,6507,0,11,12,3,2,4,4,4,0,Travel_Rarely,Yes,6,4,0
EMP002982,30,Male,Single,4,Medical,R&D,Research Director,1,12,1,1,1,5040,0,10,1,2,3,2,2,3,0,Non-Travel,Yes,2,2,0
EMP002983,25,Male,Single,5,Medical,Marketing,Marketing Specialist,2,0,0,0,0,5653,0,13,8,1,2,3,3,3,2,Non-Travel,No,3,1,0
EMP002984,23,Female,Single,3,Life Sciences,IT,Data Scientist,2,1,0,0,0,5906,1,14,0,4,3,3,3,3,4,Travel_Rarely,No,0,1,0
EMP002985,26,Male,Married,3,Marketing,R&D,Manager,2,7,0,0,0,5976,0,13,0,3,1,1,4,4,0,Travel_Rarely,No,0,2,0
EMP002986,24,Female,Single,5,Technical Degree,R&D,Laboratory Technician,2,3,1,1,0,4334,0,7,17,4,4,2,1,3,6,Travel_Frequently,No,2,2,0
EMP002987,36,Male,Divorced,5,Other,Operations,Operations Specialist,4,2,0,0,0,13689,3,14,13,2,4,3,3,1,3,Travel_Rarely,Yes,2,4,0
EMP002988,28,Male,Married,5,Human Resources,HR,Manager,1,4,4,1,0,4151,0,10,20,2,1,3,4,4,4,Travel_Rarely,No,5,3,0
EMP002989,26,Female,Married,4,Medical,IT,Data Scientist,2,1,0,0,0,5526,0,19,26,4,3,2,1,4,1,Travel_Rarely,No,0,3,0
EMP002990,29,Male,Married,3,Human Resources,Sales,Sales Representative,3,1,1,1,0,6448,0,17,6,3,3,3,2,3,1,Travel_Rarely,No,2,3,0
EMP002991,26,Male,Married,3,Life Sciences,IT,Software Engineer,1,8,1,0,0,4734,0,11,10,2,3,4,2,3,1,Travel_Rarely,Yes,0,3,0
EMP002992,27,Female,Married,1,Life Sciences,R&D,Research Director,2,2,2,1,1,6722,1,15,19,3,3,2,3,4,1,Travel_Rarely,No,2,3,0
EMP002993,33,Female,Married,4,Technical Degree,Sales,Sales Executive,2,6,1,1,1,7432,1,7,3,2,3,2,4,4,2,Non-Travel,No,2,3,0
EMP002994,28,Female,Married,3,Life Sciences,IT,Data Scientist,3,0,0,0,0,9504,0,11,0,4,1,1,3,4,2,Travel_Frequently,No,1,3,0
EMP002995,27,Female,Married,4,Life Sciences,IT,Manager,1,2,0,0,0,3663,1,17,9,3,2,3,3,3,1,Non-Travel,No,1,2,0
EMP002996,36,Male,Married,5,Other,R&D,Laboratory Technician,2,4,1,1,0,6180,0,10,5,1,3,3,2,3,2,Non-Travel,No,1,3,0
EMP002997,22,Male,Single,5,Technical Degree,R&D,Research Scientist,1,1,0,0,0,2976,0,17,12,3,1,3,4,3,3,Travel_Rarely,No,0,3,0
EMP002998,25,Male,Married,1,Life Sciences,Sales,Sales Representative,1,2,0,0,0,4149,0,10,12,4,2,1,2,2,0,Travel_Rarely,Yes,2,3,0
EMP002999,26,Male,Married,3,Technical Degree,Sales,Sales Executive,1,7,0,0,0,4488,0,14,8,4,1,3,4,3,7,Travel_Rarely,No,1,4,0
EMP003000,40,Male,Married,4,Technical Degree,R&D,Manager,3,0,0,0,0,9396,1,13,2,3,1,4,2,2,3,Travel_Frequently,Yes,1,2,0
EMP003001,29,Female,Single,3,Other,Sales,Sales Executive,2,3,1,1,0,5383,0,6,29,1,3,4,3,3,4,Travel_Rarely,No,0,1,0
EMP003002,27,Male,Married,4,Marketing,R&D,Manager,2,1,0,0,0,5661,0,17,10,3,2,2,2,4,2,Travel_Rarely,No,2,2,1
EMP003003,21,Female,Single,5,Technical Degree,IT,Manager,1,2,0,0,0,3351,0,17,9,3,3,2,2,3,1,Travel_Rarely,No,0,3,0
EMP003004,24,Male,Married,3,Technical Degree,Sales,Sales Representative,1,2,0,0,0,2718,1,5,16,4,2,3,2,3,1,Travel_Frequently,No,2,4,0
EMP003005,33,Male,Single,3,Technical Degree,Sales,Sales Representative,2,5,0,0,0,5433,0,12,6,4,1,2,4,2,3,Travel_Rarely,No,1,4,0
EMP003006,23,Male,Married,3,Marketing,Marketing,Marketing Specialist,1,5,5,0,1,3821,0,11,10,4,1,1,2,3,3,Travel_Rarely,Yes,0,2,1
EMP003007,31,Female,Single,4,Marketing,IT,Data Scientist,2,3,3,0,3,6744,1,15,6,4,3,3,2,4,2,Travel_Rarely,No,5,4,0
EMP003008,39,Male,Single,3,Medical,Sales,Manager,3,0,0,0,0,6671,0,16,10,2,1,3,2,4,0,Non-Travel,Yes,1,2,0
EMP003009,27,Female,Single,4,Human Resources,Sales,Sales Executive,1,9,0,0,0,4356,1,13,9,3,1,4,3,3,3,Non-Travel,No,0,2,0
EMP003010,25,Female,Single,5,Medical,IT,Manager,3,1,1,0,0,7326,2,11,2,4,2,4,3,4,0,Travel_Rarely,Yes,1,2,1
EMP003011,21,Male,Single,3,Life Sciences,R&D,Research Director,2,3,3,1,0,6513,0,14,12,4,4,4,3,4,3,Travel_Rarely,No,0,3,0
EMP003012,29,Male,Single,5,Technical Degree,IT,Software Engineer,2,3,0,0,0,5491,1,11,17,4,3,3,4,3,2,Travel_Rarely,Yes,0,3,0
EMP003013,32,Female,Married,4,Life Sciences,R&D,Laboratory Technician,2,1,1,1,1,5112,0,12,13,3,3,4,2,2,4,Travel_Rarely,No,0,1,0
EMP003014,22,Male,Single,5,Marketing,Operations,Operations Manager,2,4,4,0,0,6407,0,13,19,2,2,4,1,4,2,Travel_Rarely,No,2,3,0
EMP003015,19,Male,Married,2,Life Sciences,IT,Software Engineer,1,1,1,1,1,3948,0,14,3,1,3,4,2,4,4,Travel_Rarely,No,2,4,0
EMP003016,29,Female,Single,3,Marketing,Sales,Sales Executive,2,3,3,1,1,7074,0,16,4,2,2,2,3,3,3,Travel_Rarely,No,0,4,0
EMP003017,26,Female,Single,3,Other,R&D,Laboratory Technician,2,2,0,0,0,6565,0,11,10,1,3,2,4,4,4,Travel_Rarely,No,0,3,1
EMP003018,38,Male,Married,3,Technical Degree,HR,Human Resources,3,0,0,0,0,7779,2,17,6,2,4,2,3,3,1,Non-Travel,No,0,4,0
EMP003019,21,Male,Married,2,Life Sciences,Sales,Manager,1,3,3,2,3,3429,0,15,22,4,3,4,4,3,1,Non-Travel,No,2,4,0
EMP003020,39,Male,Married,5,Human Resources,Sales,Sales Executive,2,0,0,0,0,4883,0,16,14,2,2,3,3,4,1,Travel_Rarely,No,0,2,0
EMP003021,29,Male,Married,3,Medical,Sales,Sales Executive,1,1,1,1,1,2421,1,9,17,4,2,2,4,3,3,Travel_Rarely,No,0,2,0
EMP003022,28,Male,Single,5,Medical,R&D,Manager,2,0,0,0,0,3945,0,13,3,4,3,4,3,3,4,Travel_Rarely,No,1,4,0
EMP003023,36,Male,Married,4,Medical,HR,Manager,2,0,0,0,0,5466,1,11,8,1,4,3,4,3,3,Travel_Rarely,No,0,1,0
EMP003024,38,Male,Married,2,Human Resources,Sales,Manager,3,8,3,3,0,7761,2,6,22,4,3,1,3,4,2,Travel_Frequently,Yes,3,4,1
EMP003025,26,Female,Married,3,Life Sciences,IT,Data Scientist,2,8,0,0,0,5814,1,5,5,4,4,3,1,3,3,Non-Travel,No,2,4,0
EMP003026,32,Female,Single,5,Technical Degree,HR,Manager,1,4,2,1,0,3885,0,8,10,2,4,4,4,3,4,Travel_Frequently,No,2,3,0
EMP003027,28,Female,Married,4,Medical,Operations,Operations Manager,1,10,1,1,0,4523,0,11,7,2,2,2,4,3,2,Non-Travel,No,1,3,0
EMP003028,22,Female,Single,1,Life Sciences,IT,Data Scientist,1,4,1,1,1,3547,0,12,8,4,3,3,3,4,3,Travel_Frequently,Yes,0,2,0
EMP003029,31,Male,Married,5,Other,Operations,Operations Specialist,2,5,0,0,0,5591,1,12,6,1,3,3,1,3,2,Travel_Rarely,No,1,3,0
EMP003030,27,Male,Married,3,Marketing,Operations,Operations Specialist,1,9,0,0,0,3711,0,14,5,3,3,4,4,4,4,Non-Travel,No,0,4,0
EMP003031,24,Female,Single,4,Technical Degree,R&D,Manager,1,0,0,0,0,2973,1,14,16,2,4,3,4,3,3,Non-Travel,No,2,4,0
EMP003032,24,Male,Single,3,Life Sciences,R&D,Laboratory Technician,1,0,0,0,0,2833,1,12,9,4,2,2,2,4,2,Travel_Rarely,Yes,3,2,0
EMP003033,33,Male,Single,3,Technical Degree,R&D,Laboratory Technician,1,0,0,0,0,2896,0,15,11,3,4,4,2,3,2,Travel_Rarely,No,1,3,0
EMP003034,29,Male,Married,3,Technical Degree,R&D,Research Director,1,2,0,0,0,2775,1,6,7,3,2,2,1,3,3,Non-Travel,No,1,2,0
EMP003035,26,Male,Married,5,Medical,Sales,Sales Representative,3,8,2,0,0,8568,1,10,25,4,3,3,2,3,2,Travel_Frequently,No,3,3,0
EMP003036,26,Male,Married,5,Marketing,IT,Manager,1,8,1,0,1,4402,1,16,7,3,1,1,4,2,2,Travel_Rarely,Yes,0,4,1
EMP003037,21,Male,Single,3,Human Resources,Sales,Sales Executive,1,3,0,0,0,3108,0,7,15,1,3,2,3,2,2,Travel_Rarely,No,0,4,0
EMP003038,36,Male,Divorced,3,Technical Degree,Sales,Manager,2,2,0,0,0,5010,1,10,29,2,4,2,3,4,1,Travel_Frequently,Yes,1,2,0
EMP003039,28,Female,Married,2,Medical,Sales,Sales Executive,2,8,5,4,0,8455,0,10,16,2,3,3,4,2,5,Travel_Frequently,No,1,4,1
EMP003040,30,Male,Single,2,Technical Degree,Operations,Operations Specialist,1,1,0,0,0,3350,0,17,4,1,4,2,2,3,0,Travel_Rarely,Yes,4,4,0
EMP003041,30,Female,Married,3,Technical Degree,Sales,Manager,2,4,0,0,0,5465,1,11,0,2,4,3,3,4,0,Travel_Rarely,Yes,0,3,0
EMP003042,40,Female,Single,3,Life Sciences,Marketing,Marketing Manager,3,6,0,0,0,9076,1,18,24,2,3,3,4,3,3,Non-Travel,No,2,3,0
EMP003043,29,Female,Single,1,Marketing,Sales,Manager,2,0,0,0,0,5914,0,16,26,3,2,3,2,4,4,Travel_Frequently,Yes,2,3,0
EMP003044,24,Male,Single,3,Human Resources,IT,Manager,2,6,0,0,0,5730,0,14,3,2,3,3,3,2,2,Non-Travel,No,0,3,1
EMP003045,29,Female,Married,4,Other,R&D,Research Director,2,6,0,0,0,6396,0,10,11,4,3,4,2,3,4,Travel_Rarely,No,2,3,0
EMP003046,19,Male,Single,5,Technical Degree,R&D,Research Director,2,1,0,0,0,6202,0,9,2,2,2,4,3,3,2,Travel_Rarely,No,1,4,0
EMP003047,26,Male,Single,4,Life Sciences,Operations,Operations Manager,1,0,0,0,0,2978,1,17,13,4,2,3,4,3,1,Travel_Rarely,No,1,3,0
EMP003048,32,Female,Married,4,Human Resources,Sales,Sales Representative,2,5,1,0,1,5830,1,7,20,3,1,2,2,1,2,Travel_Rarely,Yes,0,2,0
EMP003049,24,Male,Single,3,Marketing,Sales,Manager,2,2,2,2,1,6528,1,18,1,4,4,4,2,4,3,Travel_Frequently,No,0,2,0
EMP003050,40,Male,Single,3,Life Sciences,HR,Human Resources,3,6,2,1,1,10429,1,15,2,2,3,1,4,3,2,Travel_Rarely,No,1,4,0
EMP003051,22,Male,Married,4,Technical Degree,IT,Manager,1,0,0,0,0,3239,0,12,15,1,2,4,2,4,2,Travel_Rarely,No,1,3,0
EMP003052,33,Male,Single,4,Other,Operations,Operations Specialist,2,4,0,0,0,5722,0,13,7,3,2,3,4,3,5,Travel_Rarely,No,1,2,0
EMP003053,25,Male,Married,3,Life Sciences,IT,Data Scientist,1,2,1,0,1,2877,0,9,19,3,3,4,3,1,1,Travel_Rarely,No,2,1,0
EMP003054,43,Female,Married,3,Other,HR,Human Resources,2,2,0,0,0,6925,0,18,13,4,3,2,2,1,3,Travel_Frequently,No,5,3,0
EMP003055,29,Male,Married,5,Other,R&D,Manager,1,3,3,1,3,4098,1,23,11,2,3,3,4,4,7,Non-Travel,No,0,4,0
EMP003056,23,Male,Single,4,Life Sciences,HR,Human Resources,1,0,0,0,0,2963,1,11,4,2,1,2,2,4,5,Travel_Rarely,Yes,1,2,1
EMP003057,36,Female,Divorced,4,Other,HR,Manager,2,13,0,0,0,8498,0,8,7,3,2,4,2,3,2,Non-Travel,No,2,1,0
EMP003058,31,Female,Married,4,Other,Sales,Sales Executive,1,6,6,1,0,4653,0,15,14,3,1,2,4,3,1,Travel_Frequently,No,1,4,0
EMP003059,35,Female,Married,2,Life Sciences,IT,Manager,3,0,0,0,0,7268,0,16,20,3,2,2,3,4,1,Travel_Rarely,Yes,2,2,0
EMP003060,35,Female,Divorced,3,Life Sciences,Sales,Manager,2,0,0,0,0,4791,0,11,2,2,4,3,4,3,1,Travel_Rarely,No,1,2,0
EMP003061,25,Female,Divorced,5,Medical,R&D,Manager,2,1,1,0,0,5784,1,14,9,2,2,3,2,3,1,Travel_Rarely,No,3,3,0
EMP003062,45,Female,Single,3,Medical,R&D,Laboratory Technician,3,1,1,1,0,7147,0,15,2,4,3,2,3,3,2,Travel_Rarely,Yes,2,3,0
EMP003063,38,Male,Married,3,Technical Degree,R&D,Manager,2,3,1,1,1,6116,0,10,13,3,2,1,3,4,3,Travel_Rarely,No,0,4,0
EMP003064,35,Female,Married,4,Medical,HR,Manager,4,3,0,0,0,12190,2,9,0,4,4,2,3,4,3,Travel_Frequently,No,0,4,0
EMP003065,28,Female,Married,3,Human Resources,Sales,Sales Representative,1,0,0,0,0,2660,0,10,12,3,3,3,3,3,6,Non-Travel,No,0,3,0
EMP003066,21,Female,Single,4,Human Resources,Sales,Manager,2,3,2,2,0,4899,0,18,15,1,3,2,4,2,1,Travel_Rarely,No,1,3,0
EMP003067,20,Female,Single,2,Medical,Sales,Manager,1,2,2,1,2,3298,1,13,5,1,3,2,3,2,3,Non-Travel,No,1,2,1
EMP003068,21,Male,Single,4,Marketing,Sales,Sales Executive,2,3,1,0,1,5828,0,18,0,4,4,3,3,1,3,Travel_Rarely,No,2,1,0
EMP003069,25,Male,Married,4,Marketing,Sales,Manager,2,1,1,1,1,4758,1,13,17,2,2,3,4,3,1,Travel_Rarely,No,0,3,0
EMP003070,26,Female,Married,3,Marketing,IT,Software Engineer,3,8,0,0,0,9171,1,11,11,2,2,4,4,4,3,Travel_Frequently,No,1,1,0
EMP003071,25,Male,Single,3,Medical,R&D,Laboratory Technician,1,1,1,0,0,3282,0,16,15,4,4,1,1,3,0,Non-Travel,No,1,3,0
EMP003072,37,Female,Married,3,Life Sciences,R&D,Research Director,4,1,1,1,1,17407,2,11,1,4,4,3,2,2,0,Travel_Rarely,No,1,3,0
EMP003073,32,Male,Divorced,3,Life Sciences,HR,Manager,2,2,0,0,0,5645,0,16,7,3,4,4,3,2,4,Non-Travel,No,2,3,0
EMP003074,40,Female,Married,3,Life Sciences,IT,Manager,3,0,0,0,0,8494,0,12,8,1,2,3,3,3,2,Travel_Frequently,No,1,1,0
EMP003075,25,Female,Married,3,Other,Sales,Manager,1,0,0,0,0,2999,0,16,5,1,4,3,4,3,1,Travel_Rarely,Yes,0,4,0
EMP003076,32,Male,Married,4,Life Sciences,Marketing,Marketing Manager,1,3,0,0,0,4550,0,12,1,3,2,4,2,2,3,Non-Travel,No,2,3,0
EMP003077,40,Male,Married,4,Life Sciences,Operations,Operations Manager,3,10,5,2,1,7632,2,12,5,1,4,2,4,3,3,Travel_Rarely,Yes,1,3,0
EMP003078,40,Male,Single,3,Marketing,Sales,Sales Representative,3,14,1,0,1,9492,1,15,8,3,2,3,1,4,2,Non-Travel,No,1,3,0
EMP003079,18,Female,Single,2,Life Sciences,IT,Manager,1,1,1,1,0,2824,0,10,5,3,1,3,4,2,1,Travel_Rarely,Yes,2,4,1
EMP003080,24,Female,Single,1,Life Sciences,Sales,Sales Representative,1,2,2,0,2,3797,0,6,11,1,3,2,3,2,7,Travel_Rarely,No,1,1,0
EMP003081,20,Male,Single,4,Marketing,Sales,Manager,1,1,1,0,0,2996,1,15,22,4,2,4,3,4,4,Travel_Rarely,No,0,2,0
EMP003082,30,Male,Divorced,3,Marketing,R&D,Manager,1,1,0,0,0,3561,0,15,2,1,1,3,4,3,5,Travel_Rarely,No,0,3,0
EMP003083,32,Female,Single,1,Life Sciences,IT,Data Scientist,1,3,2,0,2,2445,0,9,6,2,2,2,4,3,2,Travel_Frequently,No,0,2,0
EMP003084,25,Female,Married,3,Medical,IT,Data Scientist,2,3,0,0,0,5842,0,11,40,4,3,2,3,3,2,Non-Travel,No,1,4,0
EMP003085,35,Male,Married,5,Medical,R&D,Laboratory Technician,3,3,1,0,1,7118,1,5,17,4,3,2,2,2,3,Travel_Rarely,Yes,1,4,0
EMP003086,27,Male,Single,4,Marketing,R&D,Research Director,2,1,1,1,0,5859,1,17,14,1,1,3,3,3,3,Travel_Rarely,No,1,4,0
EMP003087,23,Female,Single,5,Technical Degree,R&D,Research Scientist,1,4,4,4,1,3313,0,16,12,4,3,4,4,3,2,Travel_Rarely,Yes,0,1,0
EMP003088,28,Female,Married,2,Life Sciences,R&D,Manager,3,4,2,0,1,7855,2,12,13,2,1,2,3,4,3,Travel_Frequently,Yes,1,3,1
EMP003089,20,Female,Single,2,Medical,Marketing,Marketing Specialist,1,2,0,0,0,2779,0,8,12,2,4,1,1,1,6,Non-Travel,Yes,0,3,1
EMP003090,33,Male,Married,1,Technical Degree,HR,Manager,2,7,0,0,0,5564,0,12,8,4,3,2,2,4,5,Travel_Rarely,No,2,3,0
EMP003091,41,Female,Single,5,Other,R&D,Research Scientist,2,2,0,0,0,5370,1,13,8,3,1,3,3,2,3,Travel_Frequently,Yes,0,3,0
EMP003092,36,Male,Divorced,3,Other,R&D,Laboratory Technician,3,2,1,1,1,7958,1,8,5,1,3,4,4,3,0,Travel_Frequently,No,2,2,0
EMP003093,33,Female,Single,3,Medical,Operations,Operations Specialist,1,1,1,0,1,2870,0,19,5,3,3,2,3,2,2,Travel_Rarely,No,1,3,0
EMP003094,34,Male,Married,3,Marketing,IT,Manager,2,0,0,0,0,3813,0,20,2,4,2,1,1,3,1,Travel_Rarely,No,2,4,0
EMP003095,27,Male,Single,4,Marketing,Sales,Sales Executive,2,0,0,0,0,4443,0,16,1,3,2,4,2,3,1,Travel_Rarely,Yes,8,2,0
EMP003096,34,Male,Single,3,Other,R&D,Laboratory Technician,2,0,0,0,0,5796,0,10,8,2,3,1,4,4,1,Travel_Frequently,No,3,3,0
EMP003097,25,Female,Married,3,Technical Degree,R&D,Research Director,1,2,2,0,1,3464,0,12,15,2,4,2,3,3,2,Travel_Frequently,Yes,1,1,1
EMP003098,26,Male,Married,5,Medical,Operations,Operations Manager,2,8,1,1,0,6884,0,12,6,4,3,2,1,3,4,Travel_Rarely,No,0,1,0
EMP003099,32,Male,Married,3,Life Sciences,R&D,Research Director,3,3,3,1,0,10260,0,20,17,2,2,3,3,4,0,Travel_Frequently,No,4,3,0
EMP003100,27,Female,Married,4,Medical,Sales,Manager,1,6,4,0,4,4605,0,12,5,4,4,2,3,3,2,Non-Travel,No,0,4,0
EMP003101,29,Male,Married,3,Life Sciences,R&D,Research Scientist,2,2,0,0,0,6333,0,5,3,4,3,1,4,3,3,Non-Travel,No,0,2,1
EMP003102,25,Male,Divorced,4,Human Resources,R&D,Research Scientist,1,2,1,1,1,3482,1,9,2,4,3,4,2,3,2,Non-Travel,No,4,3,0
EMP003103,36,Male,Married,3,Life Sciences,HR,Human Resources,3,0,0,0,0,7291,0,14,5,4,3,3,3,3,4,Travel_Rarely,No,0,1,0
EMP003104,30,Female,Married,2,Life Sciences,Sales,Sales Executive,2,1,0,0,0,5272,0,16,11,3,4,4,2,3,3,Travel_Rarely,Yes,0,4,0
EMP003105,37,Female,Married,4,Other,Sales,Manager,3,13,0,0,0,10730,1,11,16,4,2,1,3,2,6,Travel_Rarely,No,3,4,0
EMP003106,22,Female,Single,3,Life Sciences,Sales,Sales Representative,1,3,1,1,1,2695,0,10,3,4,4,4,1,3,4,Travel_Rarely,No,1,2,0
EMP003107,25,Female,Married,5,Life Sciences,R&D,Laboratory Technician,3,1,1,1,0,7784,2,10,10,2,4,2,3,4,0,Travel_Rarely,Yes,4,4,0
EMP003108,29,Male,Married,4,Medical,R&D,Manager,3,5,2,0,1,10288,1,9,5,2,4,3,2,4,3,Travel_Frequently,No,0,1,0
EMP003109,34,Female,Married,4,Marketing,IT,Manager,3,2,2,0,1,6007,0,10,18,3,3,3,3,1,1,Travel_Frequently,No,1,2,0
EMP003110,27,Male,Single,2,Medical,R&D,Manager,2,8,2,0,1,5285,1,11,8,3,4,4,4,4,5,Travel_Rarely,No,0,3,0
EMP003111,41,Male,Married,4,Medical,Sales,Sales Representative,3,0,0,0,0,6745,0,19,32,1,4,3,1,3,0,Travel_Rarely,No,3,3,0
EMP003112,22,Male,Single,4,Life Sciences,IT,Manager,1,3,0,0,0,3318,0,14,14,2,4,2,4,1,2,Travel_Rarely,No,0,2,0
EMP003113,29,Male,Married,4,Marketing,Marketing,Marketing Specialist,2,8,0,0,0,6449,0,8,9,1,2,2,2,3,6,Travel_Rarely,No,0,4,1
EMP003114,39,Male,Married,3,Medical,R&D,Laboratory Technician,3,9,0,0,0,12016,0,14,16,3,1,2,2,2,0,Travel_Rarely,Yes,1,2,0
EMP003115,42,Male,Married,5,Technical Degree,R&D,Manager,4,2,2,0,2,13684,1,6,28,4,3,2,2,2,4,Travel_Frequently,Yes,1,2,0
EMP003116,27,Female,Divorced,3,Medical,IT,Software Engineer,2,6,6,2,1,6389,0,7,23,4,3,2,1,3,1,Travel_Rarely,No,0,2,1
EMP003117,21,Male,Single,2,Medical,Sales,Manager,1,3,0,0,0,3517,0,9,4,3,2,2,2,2,3,Travel_Rarely,No,0,1,0
EMP003118,28,Female,Divorced,5,Marketing,Marketing,Marketing Manager,2,4,2,0,2,5730,0,11,7,1,2,4,3,3,3,Travel_Rarely,No,0,2,0
EMP003119,21,Male,Single,4,Life Sciences,Marketing,Marketing Manager,1,3,1,1,0,4002,1,14,5,3,3,4,4,2,1,Travel_Rarely,No,2,2,0
EMP003120,28,Male,Married,3,Life Sciences,R&D,Laboratory Technician,1,4,0,0,0,4338,0,13,11,2,4,3,4,3,2,Travel_Rarely,No,4,2,0
EMP003121,29,Male,Married,5,Technical Degree,R&D,Research Director,2,7,7,5,4,5845,0,14,6,4,2,4,1,4,1,Travel_Rarely,No,2,1,1
EMP003122,24,Male,Single,2,Life Sciences,Sales,Manager,1,6,0,0,0,4387,0,16,13,3,4,3,2,4,1,Travel_Rarely,No,0,3,0
EMP003123,31,Male,Single,2,Technical Degree,Operations,Operations Manager,2,6,2,2,1,6321,1,15,6,3,4,3,4,3,4,Travel_Rarely,No,0,3,0
EMP003124,32,Female,Single,4,Life Sciences,IT,Manager,1,0,0,0,0,3485,0,13,15,2,2,4,3,2,0,Travel_Rarely,No,0,3,0
EMP003125,31,Female,Married,2,Technical Degree,R&D,Manager,2,0,0,0,0,6086,1,12,16,4,4,3,3,4,3,Travel_Rarely,No,4,3,0
EMP003126,32,Male,Married,5,Human Resources,Sales,Sales Representative,2,8,2,0,0,6869,1,14,13,2,4,3,4,3,1,Travel_Rarely,No,1,3,0
EMP003127,28,Male,Divorced,4,Medical,HR,Manager,2,1,1,1,1,5075,0,18,16,1,2,3,3,2,1,Travel_Rarely,No,1,2,0
EMP003128,28,Female,Single,3,Marketing,Operations,Operations Manager,3,10,3,3,1,8105,2,14,5,1,3,3,1,2,1,Travel_Rarely,No,1,3,0
EMP003129,27,Male,Divorced,5,Medical,IT,Manager,2,1,1,1,1,4353,0,17,12,2,4,2,4,4,6,Non-Travel,No,2,4,0
EMP003130,29,Male,Married,1,Other,Sales,Sales Executive,2,11,1,1,0,7361,0,13,2,2,2,4,1,2,3,Travel_Rarely,No,1,2,0
EMP003131,23,Male,Single,3,Life Sciences,R&D,Laboratory Technician,1,5,2,1,2,4535,0,17,15,2,1,4,3,2,0,Travel_Rarely,Yes,1,4,0
EMP003132,33,Female,Single,5,Technical Degree,Sales,Sales Representative,3,10,0,0,0,12032,0,9,10,3,1,4,2,3,4,Travel_Rarely,No,5,4,0
EMP003133,30,Female,Married,5,Technical Degree,Marketing,Marketing Manager,3,1,0,0,0,5567,1,17,13,3,2,3,2,3,2,Travel_Rarely,No,2,2,0
EMP003134,25,Female,Married,3,Medical,R&D,Manager,2,7,2,2,0,6067,0,11,10,3,1,4,2,3,0,Travel_Rarely,No,0,3,0
EMP003135,23,Male,Single,2,Life Sciences,IT,Manager,1,4,0,0,0,3903,0,7,1,4,1,3,4,2,2,Non-Travel,No,0,2,0
EMP003136,20,Male,Single,3,Life Sciences,Sales,Sales Executive,1,0,0,0,0,3392,0,14,12,3,4,4,1,4,2,Travel_Rarely,No,2,4,0
EMP003137,27,Male,Married,3,Technical Degree,Sales,Sales Representative,2,9,2,1,0,6498,0,14,3,3,1,3,4,3,3,Travel_Rarely,Yes,1,2,1
EMP003138,26,Female,Married,4,Life Sciences,IT,Software Engineer,1,1,0,0,0,3064,1,19,7,4,2,1,2,4,3,Non-Travel,Yes,0,3,0
EMP003139,39,Female,Single,1,Marketing,IT,Data Scientist,3,1,0,0,0,8396,1,15,0,1,3,3,1,4,4,Travel_Rarely,No,0,4,0
EMP003140,23,Male,Single,3,Medical,Sales,Sales Representative,1,5,2,0,2,3147,0,10,2,3,4,3,3,3,1,Travel_Frequently,No,0,2,0
EMP003141,25,Male,Single,4,Life Sciences,R&D,Research Scientist,1,4,2,2,0,3623,0,14,7,3,2,3,2,3,1,Non-Travel,Yes,1,4,0
EMP003142,20,Male,Married,3,Marketing,HR,Manager,2,2,1,0,1,5070,0,5,1,3,1,3,2,3,2,Non-Travel,No,0,2,1
EMP003143,31,Male,Divorced,2,Other,IT,Data Scientist,3,1,1,1,1,8633,2,15,5,3,2,2,2,3,3,Non-Travel,Yes,0,3,0
EMP003144,25,Male,Single,5,Marketing,HR,Human Resources,3,0,0,0,0,8526,0,9,7,2,3,3,4,1,1,Travel_Rarely,No,2,1,0
EMP003145,31,Female,Single,3,Technical Degree,Sales,Sales Representative,1,13,0,0,0,5309,0,6,19,2,4,3,4,3,0,Travel_Frequently,No,5,3,0
EMP003146,27,Female,Married,4,Marketing,R&D,Research Scientist,2,1,1,1,0,5188,0,11,6,3,3,2,4,3,3,Travel_Rarely,No,0,3,0
EMP003147,33,Male,Single,2,Technical Degree,Marketing,Marketing Manager,1,0,0,0,0,3030,1,16,7,1,2,2,3,3,1,Travel_Frequently,No,0,3,1
EMP003148,35,Male,Married,3,Medical,Marketing,Marketing Specialist,3,17,0,0,0,11056,2,10,14,3,1,4,2,4,2,Travel_Rarely,No,0,4,0
EMP003149,24,Male,Single,3,Other,HR,Manager,2,4,0,0,0,6565,0,8,12,4,2,3,3,4,6,Travel_Rarely,Yes,1,4,1
EMP003150,29,Male,Married,3,Marketing,Operations,Operations Specialist,2,0,0,0,0,4863,0,17,9,1,3,3,3,2,2,Travel_Rarely,No,3,3,0
EMP003151,24,Male,Single,3,Marketing,Sales,Sales Representative,1,6,0,0,0,5164,1,8,4,2,2,2,1,2,2,Travel_Rarely,Yes,1,3,0
EMP003152,40,Female,Single,3,Marketing,R&D,Research Scientist,3,14,0,0,0,9832,0,13,4,3,3,2,3,2,2,Non-Travel,No,0,4,0
EMP003153,31,Male,Single,3,Medical,IT,Data Scientist,1,10,0,0,0,5338,0,12,9,3,3,4,4,4,6,Travel_Frequently,No,0,4,0
EMP003154,24,Female,Single,3,Life Sciences,Sales,Sales Representative,1,1,0,0,0,3691,0,13,10,3,2,2,3,3,3,Travel_Rarely,No,0,4,0
EMP003155,28,Female,Married,3,Life Sciences,Operations,Operations Manager,2,0,0,0,0,4159,0,14,5,4,3,2,2,3,0,Travel_Rarely,No,0,4,0
EMP003156,25,Female,Single,5,Technical Degree,R&D,Research Director,2,2,0,0,0,5778,1,15,10,3,3,3,3,2,5,Travel_Frequently,Yes,0,3,0
EMP003157,39,Male,Married,5,Life Sciences,R&D,Research Scientist,4,2,0,0,0,14892,2,6,14,1,4,4,3,3,2,Travel_Frequently,Yes,0,3,0
EMP003158,21,Female,Married,5,Medical,Sales,Sales Representative,2,2,2,1,2,5846,1,19,5,3,4,2,1,3,4,Travel_Rarely,No,1,2,0
EMP003159,30,Male,Single,4,Other,R&D,Research Director,1,8,1,1,1,3576,0,10,6,3,3,2,2,4,2,Travel_Rarely,No,3,1,0
EMP003160,32,Male,Married,2,Marketing,HR,Human Resources,1,0,0,0,0,3374,0,16,16,3,4,1,4,3,3,Travel_Rarely,No,0,3,0
EMP003161,36,Male,Married,4,Life Sciences,R&D,Manager,3,5,5,0,0,9572,0,6,14,4,4,1,1,4,0,Travel_Rarely,No,0,3,0
EMP003162,20,Female,Single,4,Technical Degree,Sales,Sales Representative,2,2,2,0,0,5785,0,21,12,3,4,1,2,4,0,Travel_Frequently,No,1,2,0
EMP003163,35,Male,Married,1,Life Sciences,IT,Software Engineer,2,2,2,0,1,5197,1,7,2,3,2,1,4,4,2,Travel_Rarely,No,2,3,0
EMP003164,28,Male,Married,3,Marketing,Sales,Sales Executive,3,3,1,1,0,7432,2,12,14,3,2,4,1,3,2,Travel_Frequently,No,0,4,0
EMP003165,21,Male,Single,3,Marketing,IT,Data Scientist,1,3,0,0,0,4342,0,16,16,3,2,3,4,4,5,Travel_Rarely,No,1,3,0
EMP003166,25,Male,Single,3,Life Sciences,R&D,Research Scientist,3,1,1,1,1,9698,2,17,19,1,3,2,3,4,1,Travel_Rarely,Yes,0,2,0
EMP003167,29,Male,Divorced,3,Life Sciences,R&D,Research Scientist,3,6,1,0,0,10705,1,15,9,4,3,2,2,3,2,Travel_Frequently,No,1,2,0
EMP003168,32,Male,Married,5,Life Sciences,R&D,Research Scientist,3,1,1,0,1,7922,0,14,7,3,3,4,1,2,4,Non-Travel,No,4,4,0
EMP003169,29,Female,Single,4,Life Sciences,HR,Human Resources,3,0,0,0,0,8303,2,21,17,2,3,3,1,4,0,Non-Travel,No,1,3,0
EMP003170,33,Male,Single,3,Life Sciences,IT,Manager,1,8,3,0,2,4884,0,9,1,2,3,1,2,1,0,Travel_Frequently,No,1,3,0
EMP003171,30,Female,Single,4,Human Resources,Operations,Operations Specialist,2,0,0,0,0,5182,0,15,19,3,4,1,3,3,3,Travel_Rarely,No,6,4,0
EMP003172,39,Female,Married,3,Medical,R&D,Manager,3,6,1,0,1,9352,2,10,30,2,3,2,1,3,5,Non-Travel,Yes,2,3,0
EMP003173,28,Male,Married,4,Other,HR,Human Resources,3,10,2,2,0,10983,0,9,24,3,3,4,4,2,2,Travel_Frequently,No,4,3,0
EMP003174,38,Female,Married,5,Marketing,R&D,Laboratory Technician,3,0,0,0,0,7137,1,18,4,3,3,4,4,4,2,Travel_Frequently,No,0,3,1
EMP003175,23,Female,Single,4,Technical Degree,Operations,Operations Specialist,1,5,0,0,0,4682,1,16,8,4,4,1,2,2,2,Non-Travel,No,1,3,0
EMP003176,25,Female,Single,4,Life Sciences,IT,Data Scientist,2,5,0,0,0,6039,0,13,12,4,4,2,2,1,2,Travel_Rarely,No,0,3,1
EMP003177,25,Female,Married,3,Life Sciences,R&D,Laboratory Technician,1,4,1,1,0,3448,0,15,3,3,3,3,3,1,6,Non-Travel,No,1,3,0
EMP003178,38,Female,Single,3,Marketing,R&D,Research Scientist,4,1,1,0,1,10648,1,12,1,2,4,1,2,2,3,Non-Travel,Yes,3,4,0
EMP003179,21,Male,Single,4,Other,Sales,Sales Executive,1,0,0,0,0,2241,0,12,4,2,4,3,4,3,4,Travel_Rarely,No,0,3,0
EMP003180,28,Female,Married,4,Life Sciences,IT,Data Scientist,1,0,0,0,0,3245,0,8,2,3,1,4,3,2,4,Non-Travel,No,2,3,0
EMP003181,18,Male,Single,4,Marketing,IT,Software Engineer,1,1,1,1,1,2859,1,7,7,4,4,3,3,3,6,Travel_Rarely,No,1,3,0
EMP003182,28,Female,Married,5,Life Sciences,Operations,Operations Specialist,3,2,2,0,0,8531,2,18,5,3,4,3,3,2,2,Travel_Rarely,Yes,0,3,0
EMP003183,24,Male,Married,4,Medical,HR,Manager,1,6,6,1,3,4309,1,11,6,3,4,4,4,4,2,Travel_Rarely,No,2,1,0
EMP003184,19,Female,Single,4,Marketing,IT,Manager,2,1,1,1,0,3185,0,17,10,4,3,3,1,3,1,Travel_Frequently,Yes,1,4,1
EMP003185,32,Male,Single,4,Technical Degree,R&D,Laboratory Technician,1,0,0,0,0,2884,0,15,18,2,2,3,3,3,1,Travel_Frequently,No,0,3,0
EMP003186,34,Female,Single,3,Life Sciences,HR,Human Resources,2,12,1,1,1,8918,0,15,19,4,3,3,4,3,1,Travel_Rarely,No,0,3,0
EMP003187,30,Female,Single,3,Life Sciences,R&D,Manager,2,6,1,1,0,6711,0,14,7,2,4,4,2,2,3,Travel_Frequently,No,0,4,0
EMP003188,21,Female,Single,4,Medical,IT,Data Scientist,1,3,2,0,0,3730,1,5,11,3,3,2,1,2,2,Travel_Rarely,No,1,4,1
EMP003189,33,Female,Married,3,Human Resources,Sales,Sales Executive,1,3,0,0,0,3432,1,16,9,3,4,2,3,4,4,Travel_Rarely,Yes,1,3,0
EMP003190,31,Male,Married,4,Medical,Sales,Manager,1,13,0,0,0,4317,1,14,9,3,2,3,2,2,3,Non-Travel,Yes,5,3,0
EMP003191,25,Female,Married,1,Medical,IT,Software Engineer,2,3,2,2,2,5675,1,5,9,3,4,3,3,3,1,Non-Travel,No,0,2,0
EMP003192,37,Female,Married,3,Medical,Operations,Operations Specialist,4,3,3,0,0,12992,3,14,2,2,2,3,4,3,3,Travel_Frequently,No,0,3,0
EMP003193,25,Female,Married,5,Life Sciences,HR,Human Resources,2,7,4,1,1,5663,0,5,12,1,4,2,4,3,3,Non-Travel,No,3,4,0
EMP003194,25,Female,Single,2,Technical Degree,IT,Data Scientist,2,4,0,0,0,5135,0,17,10,1,3,2,3,3,4,Travel_Frequently,Yes,0,4,1
EMP003195,30,Male,Married,3,Life Sciences,IT,Data Scientist,1,1,0,0,0,2959,0,17,5,3,4,4,1,3,2,Travel_Rarely,No,0,2,1
EMP003196,31,Male,Married,3,Technical Degree,R&D,Research Scientist,1,13,0,0,0,5698,0,12,6,4,3,4,3,4,1,Travel_Rarely,Yes,0,4,0
EMP003197,29,Male,Single,4,Medical,Sales,Manager,1,1,0,0,0,2459,0,15,15,3,4,2,3,2,4,Travel_Rarely,Yes,0,3,0
EMP003198,36,Female,Divorced,4,Marketing,Operations,Operations Manager,3,5,0,0,0,6677,0,6,1,3,3,4,3,3,6,Non-Travel,No,4,4,0
EMP003199,20,Male,Married,5,Life Sciences,Operations,Operations Manager,1,2,0,0,0,3723,0,14,3,3,4,3,2,3,3,Non-Travel,No,0,3,0
EMP003200,44,Female,Married,3,Other,R&D,Research Director,2,0,0,0,0,4599,0,14,4,3,1,2,2,3,2,Travel_Rarely,No,1,3,1
EMP003201,45,Male,Married,5,Life Sciences,Sales,Sales Executive,5,15,2,0,0,24401,2,8,31,3,4,2,3,4,6,Travel_Frequently,Yes,3,1,0
EMP003202,32,Female,Single,3,Technical Degree,Marketing,Marketing Specialist,2,2,0,0,0,4607,1,9,6,2,2,4,3,4,2,Travel_Frequently,No,4,4,0
EMP003203,31,Female,Married,3,Technical Degree,IT,Data Scientist,1,5,5,0,3,3919,1,6,15,3,2,3,3,4,3,Non-Travel,Yes,2,3,0
EMP003204,26,Male,Single,3,Marketing,Sales,Manager,2,6,1,0,1,7044,1,20,7,2,1,1,4,4,8,Travel_Rarely,No,0,1,0
EMP003205,22,Female,Single,2,Medical,Sales,Manager,1,2,0,0,0,3944,1,15,1,2,3,3,4,3,1,Travel_Rarely,Yes,1,3,0
EMP003206,35,Female,Married,3,Human Resources,Operations,Operations Specialist,3,1,1,0,1,8277,0,18,10,2,3,2,2,3,2,Travel_Rarely,No,1,4,0
EMP003207,24,Male,Single,3,Life Sciences,Sales,Manager,1,0,0,0,0,2473,0,11,10,2,2,3,2,3,2,Travel_Rarely,No,0,3,0
EMP003208,23,Male,Single,2,Other,R&D,Research Director,1,5,4,1,2,3169,0,5,11,3,4,3,4,4,1,Non-Travel,No,1,4,0
EMP003209,44,Male,Single,5,Life Sciences,R&D,Research Director,3,4,4,0,1,8681,1,11,24,3,1,3,2,3,1,Non-Travel,No,1,1,0
EMP003210,22,Female,Single,3,Medical,Sales,Manager,1,4,1,0,1,4206,1,11,11,4,4,3,4,2,0,Travel_Rarely,Yes,0,4,0
EMP003211,24,Male,Single,5,Life Sciences,Sales,Sales Representative,1,3,3,3,1,3244,1,12,11,3,2,3,2,4,3,Travel_Rarely,No,5,2,1
EMP003212,30,Male,Married,5,Life Sciences,R&D,Research Director,3,1,1,1,1,9100,2,21,2,4,1,3,1,4,1,Travel_Rarely,No,2,4,0
EMP003213,27,Male,Single,2,Life Sciences,R&D,Research Scientist,1,9,0,0,0,4062,1,8,3,3,3,2,2,3,2,Non-Travel,No,5,3,0
EMP003214,35,Male,Married,3,Life Sciences,IT,Software Engineer,3,17,1,1,0,11433,0,5,13,3,2,3,4,2,1,Travel_Rarely,Yes,1,3,0
EMP003215,26,Female,Single,4,Human Resources,R&D,Research Scientist,1,8,1,0,0,4976,0,7,12,4,3,4,3,3,1,Travel_Rarely,No,2,4,0
EMP003216,25,Female,Single,4,Technical Degree,R&D,Manager,1,7,1,1,0,4833,0,12,6,2,3,1,3,2,3,Travel_Rarely,No,0,3,0
EMP003217,19,Male,Single,5,Life Sciences,R&D,Research Director,1,1,1,1,1,3320,0,19,35,3,1,3,3,3,2,Travel_Rarely,Yes,0,3,1
EMP003218,33,Female,Married,4,Life Sciences,Sales,Sales Executive,1,2,0,0,0,3200,0,14,5,4,3,2,3,2,2,Travel_Rarely,Yes,0,1,0
EMP003219,40,Female,Married,1,Technical Degree,Sales,Sales Representative,4,2,0,0,0,11171,2,6,7,4,1,4,2,3,2,Travel_Rarely,Yes,0,1,1
EMP003220,32,Male,Married,3,Medical,IT,Software Engineer,1,13,1,1,0,4852,0,18,7,3,2,1,3,2,4,Travel_Rarely,No,1,1,0
EMP003221,35,Male,Single,5,Technical Degree,Sales,Manager,3,15,0,0,0,10380,1,9,17,3,3,1,2,3,4,Travel_Rarely,Yes,0,1,0
EMP003222,19,Female,Single,4,Marketing,R&D,Laboratory Technician,1,1,0,0,0,3865,1,9,3,1,3,4,4,3,4,Non-Travel,No,1,3,0
EMP003223,30,Female,Single,5,Technical Degree,IT,Data Scientist,2,4,0,0,0,5648,0,12,7,4,1,2,2,2,5,Travel_Rarely,Yes,3,1,1
EMP003224,24,Female,Married,4,Marketing,R&D,Laboratory Technician,1,6,0,0,0,4233,1,11,6,4,4,4,3,4,1,Travel_Frequently,No,1,4,0
EMP003225,39,Male,Married,1,Marketing,R&D,Research Scientist,3,6,1,1,1,9523,1,19,7,4,1,4,1,4,3,Travel_Rarely,Yes,1,4,0
EMP003226,50,Female,Married,5,Life Sciences,Marketing,Marketing Specialist,3,10,0,0,0,9563,1,6,17,2,4,3,1,4,6,Travel_Rarely,Yes,5,4,0
EMP003227,21,Female,Single,5,Medical,Marketing,Marketing Manager,2,3,2,0,0,6246,0,18,2,2,3,2,2,3,4,Non-Travel,No,0,2,1
EMP003228,29,Female,Single,2,Life Sciences,Marketing,Marketing Manager,2,4,0,0,0,5922,0,8,7,4,2,4,2,3,0,Travel_Frequently,No,3,2,0
EMP003229,38,Female,Divorced,2,Marketing,HR,Manager,3,2,2,0,0,8185,1,9,9,3,3,2,4,3,5,Travel_Frequently,No,4,3,0
EMP003230,19,Female,Single,3,Medical,Operations,Operations Specialist,2,0,0,0,0,4449,0,13,13,3,1,4,2,3,3,Travel_Rarely,No,2,3,1
EMP003231,22,Female,Single,4,Technical Degree,IT,Manager,2,0,0,0,0,5567,0,19,3,3,3,4,3,4,1,Non-Travel,No,1,3,0
EMP003232,39,Male,Married,3,Life Sciences,R&D,Research Director,3,0,0,0,0,8231,1,10,19,3,3,2,3,3,6,Travel_Rarely,No,1,3,0
EMP003233,40,Female,Married,2,Medical,HR,Human Resources,3,0,0,0,0,8018,0,12,6,2,3,2,2,2,2,Travel_Rarely,No,1,3,1
EMP003234,21,Male,Single,3,Life Sciences,Sales,Sales Representative,1,3,0,0,0,3579,1,12,3,4,4,3,1,1,3,Travel_Rarely,No,0,3,0
EMP003235,31,Female,Married,3,Marketing,HR,Manager,3,2,0,0,0,8948,0,13,16,4,2,2,3,4,3,Non-Travel,Yes,5,1,1
EMP003236,27,Male,Single,3,Technical Degree,R&D,Research Director,1,0,0,0,0,2554,0,17,21,4,1,3,3,4,3,Travel_Rarely,No,2,2,0
EMP003237,24,Female,Single,4,Technical Degree,R&D,Laboratory Technician,2,0,0,0,0,4221,0,13,4,2,2,2,1,3,2,Travel_Rarely,No,3,1,1
EMP003238,35,Male,Single,5,Other,Sales,Sales Executive,3,3,2,2,0,9025,0,15,5,4,1,1,4,3,5,Travel_Rarely,Yes,0,2,1
EMP003239,22,Female,Married,4,Human Resources,R&D,Manager,2,3,2,2,2,6194,0,5,7,3,4,3,1,2,3,Travel_Rarely,Yes,1,1,0
EMP003240,21,Male,Single,4,Technical Degree,R&D,Laboratory Technician,1,0,0,0,0,2316,1,16,15,2,4,2,4,4,3,Travel_Rarely,No,0,3,0
EMP003241,28,Male,Married,4,Life Sciences,HR,Manager,1,5,1,1,1,4292,0,14,8,4,3,3,4,2,1,Travel_Rarely,Yes,2,2,1
EMP003242,31,Female,Married,4,Life Sciences,R&D,Research Scientist,2,0,0,0,0,5968,0,12,15,1,4,2,4,4,2,Non-Travel,Yes,0,4,0
EMP003243,38,Female,Single,3,Medical,IT,Data Scientist,4,3,3,3,1,8829,2,14,22,3,3,3,1,3,2,Non-Travel,No,1,3,0
EMP003244,24,Male,Single,3,Human Resources,R&D,Research Director,2,0,0,0,0,4502,0,12,11,4,3,3,3,2,1,Travel_Rarely,Yes,0,3,1
EMP003245,24,Male,Single,3,Medical,HR,Human Resources,2,0,0,0,0,5023,1,14,10,3,4,1,2,4,0,Non-Travel,No,4,3,0
EMP003246,26,Male,Single,5,Life Sciences,R&D,Research Scientist,2,1,0,0,0,7025,0,10,6,3,4,3,3,3,3,Travel_Rarely,No,1,3,0
EMP003247,25,Female,Single,4,Other,IT,Software Engineer,1,3,1,0,0,3468,1,13,6,2,3,2,2,4,2,Travel_Rarely,No,0,4,1
EMP003248,33,Female,Married,4,Medical,HR,Manager,3,6,0,0,0,8725,0,15,10,3,4,4,1,3,0,Travel_Rarely,No,0,2,0
EMP003249,30,Female,Married,5,Technical Degree,Marketing,Marketing Manager,1,1,0,0,0,3337,0,13,10,1,2,2,2,3,0,Travel_Rarely,No,1,3,0
EMP003250,21,Male,Single,5,Technical Degree,Sales,Manager,1,3,2,2,2,3211,1,11,14,3,2,2,4,3,2,Travel_Rarely,No,1,3,0
EMP003251,30,Male,Single,5,Technical Degree,R&D,Laboratory Technician,2,9,0,0,0,6799,0,12,10,4,3,3,2,3,2,Non-Travel,No,2,1,0
EMP003252,22,Female,Married,3,Technical Degree,Sales,Sales Executive,1,1,0,0,0,3131,0,13,3,3,2,3,2,2,2,Travel_Rarely,No,1,4,0
EMP003253,35,Male,Single,4,Technical Degree,Sales,Manager,2,3,1,1,1,6597,0,13,20,3,2,4,3,3,4,Non-Travel,No,2,2,0
EMP003254,19,Female,Single,4,Technical Degree,R&D,Research Director,1,1,0,0,0,3190,0,22,10,3,3,3,2,2,4,Travel_Rarely,No,0,3,1
EMP003255,39,Male,Single,4,Medical,Marketing,Marketing Specialist,4,0,0,0,0,16293,1,19,17,4,2,2,3,3,0,Travel_Rarely,No,0,3,0
EMP003256,21,Female,Single,3,Technical Degree,HR,Manager,2,2,2,1,0,4404,0,10,1,3,3,3,4,4,0,Travel_Rarely,Yes,0,2,0
EMP003257,31,Female,Married,4,Technical Degree,R&D,Laboratory Technician,1,2,0,0,0,3326,0,13,12,3,4,3,2,4,1,Travel_Rarely,No,3,4,0
EMP003258,33,Male,Married,3,Medical,IT,Data Scientist,2,4,4,1,1,5831,0,11,9,2,2,1,2,3,5,Travel_Frequently,No,6,2,0
EMP003259,22,Female,Single,4,Life Sciences,Sales,Sales Executive,1,4,1,1,0,3836,1,9,4,2,4,2,2,3,3,Non-Travel,No,0,2,0
EMP003260,34,Female,Married,4,Medical,R&D,Laboratory Technician,2,5,1,0,0,4960,1,17,8,4,3,4,3,3,4,Travel_Frequently,No,0,2,0
EMP003261,33,Male,Divorced,3,Marketing,HR,Human Resources,3,2,1,1,0,8777,2,11,9,4,3,2,4,2,0,Travel_Frequently,Yes,6,4,0
EMP003262,23,Male,Single,2,Life Sciences,HR,Manager,1,2,2,0,1,2644,1,12,18,2,2,3,1,2,5,Travel_Frequently,No,0,3,0
EMP003263,37,Female,Married,4,Technical Degree,HR,Manager,3,10,0,0,0,8727,0,23,14,3,1,4,3,1,5,Travel_Rarely,No,1,2,0
EMP003264,27,Male,Single,4,Life Sciences,Sales,Manager,2,5,3,0,3,5453,1,14,6,2,3,3,2,4,1,Non-Travel,Yes,0,2,1
EMP003265,20,Female,Single,4,Life Sciences,R&D,Manager,1,2,2,0,2,3672,1,10,23,4,4,2,2,4,4,Travel_Rarely,Yes,2,4,0
EMP003266,25,Male,Married,4,Life Sciences,Operations,Operations Specialist,2,4,1,0,0,6313,0,13,3,4,4,3,3,3,5,Travel_Rarely,No,2,3,0
EMP003267,26,Male,Single,5,Marketing,Operations,Operations Specialist,2,5,4,0,1,6213,0,11,1,4,4,2,3,3,2,Travel_Rarely,No,0,2,0
EMP003268,23,Male,Single,3,Life Sciences,R&D,Laboratory Technician,2,3,0,0,0,5254,1,14,18,1,4,4,3,4,1,Travel_Rarely,Yes,1,1,1
EMP003269,21,Male,Single,4,Medical,HR,Manager,1,3,0,0,0,4036,1,6,5,2,3,4,4,4,3,Non-Travel,No,1,3,0
EMP003270,25,Male,Married,4,Other,Sales,Sales Representative,2,7,0,0,0,6103,1,9,24,4,1,3,1,2,3,Travel_Frequently,No,2,3,0
EMP003271,32,Male,Divorced,5,Technical Degree,R&D,Laboratory Technician,1,3,3,2,0,3149,0,14,6,3,4,4,4,3,3,Travel_Rarely,No,2,4,0
EMP003272,32,Female,Single,3,Other,IT,Data Scientist,1,14,0,0,0,6166,0,13,10,2,2,4,4,3,2,Travel_Frequently,No,2,3,0
EMP003273,23,Female,Married,2,Marketing,R&D,Laboratory Technician,2,5,2,0,1,4270,0,12,11,3,2,3,3,3,5,Travel_Rarely,Yes,1,3,0
EMP003274,21,Female,Married,3,Other,IT,Software Engineer,1,3,3,1,1,3606,1,14,15,4,1,4,2,3,1,Non-Travel,No,2,4,0
EMP003275,25,Male,Divorced,5,Technical Degree,HR,Manager,2,1,1,1,1,4738,0,15,15,4,3,3,3,3,4,Travel_Rarely,No,2,3,0
EMP003276,28,Female,Single,3,Human Resources,HR,Manager,2,0,0,0,0,5452,1,10,8,4,4,3,3,4,6,Travel_Frequently,Yes,1,2,1
EMP003277,21,Male,Single,3,Life Sciences,Sales,Sales Representative,1,3,0,0,0,3664,0,5,18,4,4,3,4,2,5,Travel_Rarely,No,2,2,0
EMP003278,26,Male,Single,1,Life Sciences,IT,Data Scientist,1,6,0,0,0,4155,0,17,6,1,3,3,4,3,4,Non-Travel,No,0,3,1
EMP003279,27,Male,Married,2,Life Sciences,Operations,Operations Manager,2,1,1,0,1,4220,0,19,6,4,3,2,2,3,5,Travel_Rarely,No,4,4,0
EMP003280,29,Male,Married,4,Other,R&D,Laboratory Technician,2,3,3,0,0,5651,0,21,7,3,1,3,3,4,3,Travel_Rarely,Yes,1,2,1
EMP003281,27,Female,Married,4,Marketing,Sales,Sales Representative,1,5,0,0,0,4145,0,10,5,2,2,3,4,4,1,Travel_Rarely,No,3,3,0
EMP003282,42,Male,Married,4,Medical,Operations,Operations Manager,2,3,3,0,2,5313,1,7,4,3,3,2,3,2,4,Travel_Rarely,Yes,2,3,0
EMP003283,34,Female,Married,2,Marketing,R&D,Laboratory Technician,2,3,0,0,0,5562,1,9,2,3,3,4,3,3,2,Travel_Rarely,Yes,0,3,0
EMP003284,47,Male,Married,3,Technical Degree,R&D,Manager,4,0,0,0,0,13320,1,11,1,3,3,3,4,3,3,Travel_Rarely,No,9,1,0
EMP003285,22,Female,Single,4,Other,Sales,Manager,1,4,4,0,1,3533,0,8,13,2,2,3,4,1,2,Travel_Rarely,Yes,0,4,1
EMP003286,20,Female,Single,2,Technical Degree,Sales,Manager,1,2,0,0,0,2746,0,18,8,2,4,4,2,4,3,Travel_Rarely,No,1,3,0
EMP003287,28,Male,Married,5,Technical Degree,Sales,Sales Representative,2,1,0,0,0,5811,1,13,12,1,1,4,3,2,3,Travel_Rarely,No,0,4,1
EMP003288,22,Female,Married,2,Medical,R&D,Laboratory Technician,1,3,0,0,0,3820,1,7,28,1,2,3,3,2,0,Travel_Rarely,No,1,4,0
EMP003289,31,Female,Married,2,Medical,HR,Manager,1,1,0,0,0,3520,1,10,17,2,4,3,3,4,4,Travel_Frequently,No,1,2,0
EMP003290,25,Female,Single,3,Other,HR,Human Resources,2,2,1,0,1,4943,0,14,21,2,4,3,2,3,2,Non-Travel,No,0,4,0
EMP003291,21,Female,Single,5,Technical Degree,HR,Manager,2,3,2,2,0,5601,0,13,39,3,2,2,4,3,1,Travel_Rarely,No,1,2,1
EMP003292,32,Female,Single,3,Technical Degree,R&D,Research Scientist,2,1,0,0,0,5405,0,17,6,3,2,3,4,3,3,Travel_Rarely,No,3,4,0
EMP003293,42,Male,Single,4,Life Sciences,IT,Software Engineer,4,5,0,0,0,14187,1,8,9,2,3,2,2,4,2,Travel_Frequently,No,4,3,1
EMP003294,27,Female,Single,4,Life Sciences,Operations,Operations Specialist,2,2,2,2,0,5703,0,13,7,2,4,1,4,4,1,Non-Travel,Yes,0,3,0
EMP003295,27,Male,Single,2,Life Sciences,R&D,Manager,1,0,0,0,0,2739,1,21,1,3,3,3,3,2,2,Travel_Rarely,No,0,4,0
EMP003296,31,Male,Single,3,Marketing,Sales,Sales Representative,1,10,0,0,0,5024,1,11,3,1,2,1,3,3,0,Travel_Rarely,No,0,4,0
EMP003297,31,Female,Married,5,Marketing,R&D,Research Director,3,3,0,0,0,7144,0,11,8,4,2,4,2,1,2,Travel_Rarely,No,0,4,0
EMP003298,40,Male,Married,2,Other,Sales,Manager,3,12,1,0,1,10590,1,10,20,3,1,2,1,3,1,Travel_Rarely,No,2,3,0
EMP003299,27,Male,Married,4,Technical Degree,Marketing,Marketing Manager,3,2,2,0,0,10518,2,10,21,3,1,2,2,4,3,Travel_Rarely,No,6,4,0
EMP003300,42,Male,Married,5,Life Sciences,Sales,Manager,3,3,0,0,0,6432,0,15,14,2,1,3,4,2,2,Travel_Rarely,No,0,2,0
EMP003301,35,Male,Married,2,Life Sciences,R&D,Manager,4,10,0,0,0,13588,2,6,9,2,4,3,3,2,3,Travel_Frequently,Yes,0,1,0
EMP003302,21,Male,Single,3,Technical Degree,Sales,Sales Executive,1,3,3,0,3,3494,0,5,1,3,2,2,4,1,1,Travel_Rarely,No,1,3,0
EMP003303,24,Female,Single,3,Medical,HR,Manager,1,5,3,0,0,4068,0,17,11,4,3,4,3,3,1,Travel_Frequently,Yes,2,4,0
EMP003304,24,Male,Single,3,Technical Degree,Sales,Sales Executive,1,1,1,0,1,3043,0,16,6,4,2,2,1,3,3,Travel_Frequently,Yes,1,3,1
EMP003305,46,Female,Married,2,Marketing,IT,Software Engineer,4,1,0,0,0,10016,2,13,17,4,4,3,2,2,1,Non-Travel,No,0,2,0
EMP003306,25,Male,Married,4,Life Sciences,Operations,Operations Specialist,3,3,3,3,2,8997,1,20,3,3,3,3,1,2,4,Travel_Rarely,No,1,1,0
EMP003307,36,Female,Divorced,4,Life Sciences,R&D,Research Scientist,4,4,3,1,0,13971,1,10,3,2,3,3,3,4,3,Travel_Rarely,No,2,3,0
EMP003308,22,Female,Single,4,Medical,R&D,Research Director,1,4,1,1,1,4391,0,5,15,4,4,3,3,3,1,Non-Travel,Yes,1,2,0
EMP003309,29,Male,Single,5,Medical,R&D,Research Director,2,7,1,0,1,6714,0,13,2,3,4,2,2,2,3,Travel_Rarely,No,4,3,0
EMP003310,26,Female,Married,2,Technical Degree,HR,Manager,2,8,5,0,0,7327,1,13,10,4,1,1,2,3,1,Travel_Rarely,No,2,4,0
EMP003311,41,Female,Married,3,Marketing,Sales,Sales Representative,3,1,0,0,0,7148,1,16,1,3,3,4,4,3,3,Non-Travel,No,2,1,0
EMP003312,21,Female,Single,3,Human Resources,IT,Manager,1,3,0,0,0,3309,0,9,16,2,4,4,1,3,2,Travel_Frequently,Yes,1,4,1
EMP003313,22,Male,Single,3,Other,Sales,Manager,2,2,2,2,2,3959,0,6,10,1,1,2,1,2,3,Travel_Frequently,No,2,3,0
EMP003314,22,Female,Single,2,Medical,Sales,Manager,1,0,0,0,0,3385,0,14,5,2,3,2,2,1,2,Travel_Rarely,No,0,4,0
EMP003315,24,Female,Single,3,Marketing,R&D,Research Director,1,3,1,1,1,3522,0,18,6,4,2,4,3,3,0,Travel_Rarely,Yes,1,3,0
EMP003316,26,Male,Single,4,Technical Degree,Sales,Sales Executive,1,7,6,1,0,4536,1,11,6,3,2,4,4,3,2,Travel_Rarely,Yes,0,4,0
EMP003317,30,Male,Single,5,Life Sciences,IT,Manager,2,0,0,0,0,5601,1,13,2,4,4,3,4,2,3,Travel_Rarely,No,0,4,0
EMP003318,33,Male,Married,2,Human Resources,Sales,Sales Representative,3,4,2,1,2,9973,0,9,17,3,3,3,1,3,1,Travel_Rarely,Yes,0,3,0
EMP003319,23,Male,Single,4,Marketing,IT,Data Scientist,2,2,0,0,0,5000,1,10,6,2,2,2,4,3,2,Travel_Rarely,No,2,3,0
EMP003320,27,Female,Married,4,Other,R&D,Research Director,2,5,0,0,0,5486,0,14,19,3,3,3,4,4,3,Non-Travel,No,1,3,0
EMP003321,41,Male,Married,3,Human Resources,HR,Human Resources,4,8,0,0,0,12816,3,12,2,3,4,4,4,1,3,Travel_Rarely,No,0,4,0
EMP003322,40,Male,Married,2,Marketing,Sales,Manager,2,3,3,1,3,4801,0,12,6,4,3,3,3,4,3,Travel_Frequently,No,5,4,0
EMP003323,20,Female,Single,5,Life Sciences,Sales,Manager,1,1,1,1,0,3266,1,18,12,1,4,4,2,1,0,Non-Travel,Yes,1,3,0
EMP003324,21,Male,Single,4,Marketing,HR,Manager,2,0,0,0,0,5774,0,14,7,4,2,4,4,4,1,Travel_Rarely,No,0,3,0
EMP003325,22,Male,Single,5,Marketing,R&D,Manager,1,1,1,1,0,2369,1,14,18,3,3,3,3,3,3,Non-Travel,Yes,2,3,0
EMP003326,30,Female,Married,3,Technical Degree,R&D,Manager,2,2,1,1,1,5101,1,8,3,1,1,2,2,3,2,Travel_Rarely,No,1,2,1
EMP003327,27,Male,Married,3,Life Sciences,R&D,Manager,3,5,0,0,0,7380,1,18,7,2,1,4,2,3,1,Travel_Rarely,Yes,2,3,1
EMP003328,23,Male,Single,3,Medical,Sales,Sales Representative,1,2,0,0,0,3018,0,18,3,4,3,4,3,1,3,Travel_Rarely,No,0,1,0
EMP003329,29,Male,Single,5,Other,IT,Software Engineer,2,2,0,0,0,5047,0,12,5,3,3,3,3,4,1,Travel_Rarely,Yes,2,2,1
EMP003330,40,Female,Married,3,Human Resources,Operations,Operations Manager,2,1,1,1,1,6140,1,12,33,1,4,4,1,4,4,Non-Travel,Yes,3,3,0
EMP003331,20,Female,Single,1,Life Sciences,R&D,Manager,2,2,0,0,0,6656,0,12,8,2,2,3,3,2,1,Travel_Frequently,Yes,1,3,1
EMP003332,28,Female,Single,3,Other,Marketing,Marketing Specialist,3,1,1,0,1,9085,1,15,8,1,3,3,3,3,2,Travel_Frequently,Yes,2,3,1
EMP003333,25,Male,Married,3,Life Sciences,Marketing,Marketing Manager,1,6,3,0,1,4245,1,13,11,1,3,2,3,3,4,Travel_Rarely,Yes,0,1,0
EMP003334,36,Female,Divorced,3,Technical Degree,Sales,Sales Representative,4,18,0,0,0,15829,3,11,7,2,4,4,4,3,1,Travel_Frequently,Yes,6,3,0
EMP003335,21,Female,Single,4,Life Sciences,Sales,Sales Executive,1,3,3,1,0,3937,0,15,9,2,3,1,1,4,5,Travel_Frequently,Yes,1,3,0
EMP003336,25,Male,Married,3,Human Resources,R&D,Research Director,1,0,0,0,0,3358,0,13,1,3,3,3,1,3,0,Travel_Rarely,No,0,4,0
EMP003337,36,Female,Single,3,Technical Degree,R&D,Research Director,2,5,4,0,4,6467,1,14,2,1,2,2,1,4,4,Travel_Frequently,No,0,4,0
EMP003338,25,Female,Single,1,Medical,R&D,Laboratory Technician,1,6,2,2,0,4652,0,15,3,2,4,1,3,3,3,Travel_Frequently,No,5,2,0
EMP003339,29,Male,Married,4,Life Sciences,R&D,Manager,1,7,1,0,0,4106,0,14,16,2,2,3,2,3,0,Travel_Rarely,No,1,4,0
EMP003340,20,Male,Single,2,Life Sciences,R&D,Research Director,1,2,2,0,1,3320,0,16,9,2,2,3,3,3,0,Travel_Rarely,No,0,3,0
EMP003341,27,Male,Single,3,Technical Degree,IT,Software Engineer,2,3,1,1,1,6152,0,11,3,1,3,4,3,3,2,Travel_Rarely,No,1,4,0
EMP003342,30,Male,Single,4,Other,Sales,Manager,3,1,1,0,0,7635,1,11,2,4,3,2,1,3,2,Travel_Rarely,No,0,3,0
EMP003343,33,Female,Single,3,Technical Degree,IT,Software Engineer,1,0,0,0,0,4011,0,18,8,2,1,2,2,4,5,Travel_Frequently,No,2,3,0
EMP003344,22,Female,Single,2,Technical Degree,Marketing,Marketing Manager,1,0,0,0,0,3302,0,14,5,4,3,4,1,3,3,Travel_Frequently,No,0,2,0
EMP003345,28,Male,Married,4,Technical Degree,IT,Software Engineer,2,0,0,0,0,4697,0,16,17,2,1,2,3,2,0,Travel_Rarely,Yes,0,1,1
EMP003346,30,Female,Married,3,Human Resources,Sales,Manager,1,12,6,1,0,6165,0,15,10,3,1,3,3,2,3,Travel_Rarely,No,0,3,0
EMP003347,28,Female,Divorced,3,Technical Degree,Sales,Sales Representative,3,4,0,0,0,9736,0,16,10,2,2,3,1,2,3,Non-Travel,Yes,9,2,0
EMP003348,25,Male,Married,4,Life Sciences,R&D,Research Scientist,2,4,0,0,0,5248,0,11,15,2,2,4,4,4,2,Travel_Rarely,No,2,2,0
EMP003349,22,Female,Single,4,Technical Degree,Operations,Operations Manager,2,2,1,0,0,5555,0,7,20,3,4,3,2,4,3,Travel_Frequently,Yes,0,4,0
EMP003350,29,Female,Married,4,Medical,IT,Data Scientist,3,8,0,0,0,8634,0,6,10,3,4,2,2,3,1,Travel_Rarely,Yes,2,3,0
EMP003351,30,Male,Married,3,Human Resources,HR,Human Resources,3,1,1,0,0,8713,1,15,6,2,3,1,3,1,3,Travel_Rarely,No,4,2,0
EMP003352,34,Male,Single,3,Medical,Sales,Sales Representative,1,6,2,1,2,3722,0,12,9,4,4,1,2,3,1,Non-Travel,No,2,1,0
EMP003353,23,Male,Single,4,Life Sciences,IT,Manager,2,2,1,0,0,5501,1,8,5,3,4,3,4,3,8,Travel_Rarely,Yes,1,4,0
EMP003354,34,Male,Married,2,Life Sciences,IT,Software Engineer,1,6,4,0,4,4170,0,13,15,4,3,3,4,2,2,Travel_Rarely,No,2,3,0
EMP003355,20,Male,Single,2,Technical Degree,Operations,Operations Specialist,2,2,0,0,0,5741,0,10,8,4,4,4,1,2,4,Non-Travel,No,1,3,0
EMP003356,22,Male,Married,4,Life Sciences,HR,Human Resources,1,1,0,0,0,3472,0,18,15,3,4,3,2,3,6,Non-Travel,No,1,3,0
EMP003357,34,Male,Married,3,Human Resources,R&D,Laboratory Technician,2,13,6,0,3,8049,0,15,9,2,1,3,4,3,3,Travel_Rarely,Yes,0,2,0
EMP003358,27,Female,Single,4,Life Sciences,HR,Manager,2,3,1,1,1,5732,1,12,2,3,4,4,3,3,4,Non-Travel,No,0,3,0
EMP003359,32,Male,Married,3,Life Sciences,Operations,Operations Specialist,2,1,1,1,1,4442,0,12,5,1,1,3,4,2,2,Non-Travel,Yes,2,3,0
EMP003360,39,Male,Married,3,Life Sciences,HR,Manager,3,5,5,0,1,9242,0,12,7,3,4,4,3,3,3,Non-Travel,No,0,2,0
EMP003361,34,Female,Divorced,5,Life Sciences,R&D,Research Scientist,2,6,0,0,0,5967,0,21,4,4,3,4,2,3,2,Travel_Frequently,Yes,0,2,0
EMP003362,23,Female,Married,3,Medical,HR,Human Resources,1,5,1,1,1,4717,0,7,12,1,4,2,4,2,2,Travel_Rarely,No,1,1,0
EMP003363,28,Male,Married,4,Medical,Marketing,Marketing Manager,2,0,0,0,0,5525,0,17,12,2,3,3,2,3,2,Non-Travel,Yes,1,3,1
EMP003364,46,Male,Single,2,Life Sciences,HR,Human Resources,4,3,3,0,3,9485,1,13,21,4,4,2,1,4,1,Travel_Frequently,Yes,0,3,0
EMP003365,22,Female,Single,2,Life Sciences,R&D,Manager,1,3,0,0,0,3708,0,11,11,2,4,2,4,4,3,Non-Travel,No,1,3,0
EMP003366,36,Male,Married,1,Medical,IT,Data Scientist,2,1,1,1,1,7032,0,12,8,3,2,4,4,3,4,Travel_Frequently,No,0,2,0
EMP003367,28,Male,Married,3,Technical Degree,IT,Software Engineer,2,7,0,0,0,5716,1,18,2,3,4,2,3,4,4,Travel_Rarely,No,0,3,0
EMP003368,44,Male,Single,5,Medical,Sales,Sales Representative,3,1,1,1,0,8884,0,18,3,2,2,4,3,2,4,Travel_Rarely,Yes,0,4,0
EMP003369,28,Male,Single,5,Life Sciences,IT,Data Scientist,2,1,0,0,0,4882,1,17,6,4,3,3,3,3,3,Travel_Rarely,No,0,1,0
EMP003370,27,Male,Single,4,Medical,R&D,Laboratory Technician,2,7,1,1,0,7613,1,12,3,3,4,4,3,4,1,Travel_Rarely,No,1,2,0
EMP003371,30,Male,Married,5,Marketing,Operations,Operations Specialist,3,3,3,1,0,7801,0,5,2,1,3,2,3,3,1,Travel_Rarely,Yes,1,3,0
EMP003372,37,Female,Married,4,Medical,Operations,Operations Manager,4,0,0,0,0,11786,2,15,11,1,3,3,3,4,2,Travel_Rarely,Yes,1,3,1
EMP003373,27,Female,Single,3,Marketing,R&D,Research Scientist,3,9,4,2,0,10548,0,8,12,4,2,4,1,1,4,Travel_Rarely,Yes,0,3,0
EMP003374,26,Female,Single,2,Human Resources,Operations,Operations Manager,1,6,3,0,3,3600,0,16,16,2,3,4,2,3,2,Travel_Rarely,No,1,2,0
EMP003375,38,Male,Married,4,Life Sciences,R&D,Manager,2,4,0,0,0,5677,0,15,4,3,3,3,1,4,0,Travel_Rarely,No,2,2,0
EMP003376,26,Male,Married,2,Life Sciences,IT,Data Scientist,2,4,1,1,0,6201,1,15,3,3,3,2,1,2,1,Travel_Rarely,No,5,3,0
EMP003377,32,Female,Married,3,Life Sciences,Sales,Sales Representative,3,4,2,1,0,6067,2,19,8,3,4,3,3,3,3,Travel_Rarely,Yes,4,3,0
EMP003378,23,Female,Single,4,Medical,Sales,Manager,1,3,0,0,0,3983,0,5,3,3,4,3,2,3,1,Travel_Frequently,Yes,2,3,0
EMP003379,24,Male,Single,2,Life Sciences,Marketing,Marketing Manager,1,6,0,0,0,3691,0,5,5,3,2,4,2,3,5,Travel_Rarely,Yes,0,2,0
EMP003380,33,Male,Single,2,Medical,Marketing,Marketing Specialist,2,6,0,0,0,5310,0,15,4,3,4,3,4,3,0,Travel_Rarely,Yes,4,2,0
EMP003381,23,Male,Married,3,Other,R&D,Laboratory Technician,1,0,0,0,0,3572,0,10,2,3,1,2,1,1,2,Travel_Rarely,Yes,0,2,0
EMP003382,22,Male,Married,4,Life Sciences,R&D,Research Director,1,0,0,0,0,2731,0,15,5,3,1,3,4,4,2,Travel_Frequently,Yes,0,3,0
EMP003383,30,Male,Married,3,Medical,R&D,Research Scientist,2,0,0,0,0,3676,0,14,4,2,4,4,4,3,3,Non-Travel,No,0,2,0
EMP003384,45,Female,Married,3,Technical Degree,Marketing,Marketing Manager,4,0,0,0,0,12402,2,15,13,4,4,3,2,4,1,Travel_Frequently,No,0,3,0
EMP003385,24,Male,Married,3,Life Sciences,Sales,Sales Representative,1,0,0,0,0,3462,1,14,17,2,3,3,3,4,3,Travel_Rarely,No,2,3,0
EMP003386,31,Female,Married,3,Life Sciences,R&D,Manager,2,1,0,0,0,4573,0,15,7,1,4,3,3,4,4,Travel_Rarely,No,1,2,0
EMP003387,33,Female,Single,3,Marketing,IT,Data Scientist,1,3,3,0,1,3737,0,5,12,2,3,3,1,3,1,Non-Travel,No,1,3,0
EMP003388,24,Male,Single,5,Life Sciences,Operations,Operations Manager,1,5,1,0,1,4002,1,17,5,2,2,3,1,3,1,Travel_Rarely,No,2,2,0
EMP003389,22,Female,Married,3,Technical Degree,Sales,Sales Representative,1,4,3,2,0,3327,0,11,1,4,3,4,3,4,2,Travel_Frequently,No,2,4,0
EMP003390,24,Female,Single,4,Life Sciences,IT,Data Scientist,2,6,0,0,0,5545,1,12,14,1,1,1,3,2,4,Non-Travel,No,0,3,0
EMP003391,26,Male,Married,4,Marketing,HR,Human Resources,2,0,0,0,0,5469,0,11,23,4,2,2,3,1,6,Travel_Rarely,Yes,4,3,1
EMP003392,33,Male,Married,3,Technical Degree,Sales,Sales Executive,3,3,0,0,0,9601,1,12,1,3,2,3,3,3,5,Travel_Rarely,No,2,3,0
EMP003393,22,Male,Single,3,Life Sciences,IT,Manager,1,4,3,0,0,3843,0,14,1,3,4,4,3,3,3,Travel_Rarely,Yes,1,3,0
EMP003394,39,Female,Single,3,Life Sciences,IT,Software Engineer,4,1,1,0,0,6933,2,14,9,3,3,4,4,2,3,Travel_Frequently,No,0,3,1
EMP003395,27,Female,Divorced,4,Life Sciences,Sales,Sales Representative,1,2,1,0,1,4269,1,11,0,1,1,4,3,3,3,Travel_Rarely,No,0,2,0
EMP003396,27,Male,Married,3,Other,R&D,Research Director,1,8,1,1,1,5365,0,8,3,3,3,3,2,2,0,Travel_Rarely,No,0,3,0
EMP003397,28,Male,Single,2,Technical Degree,IT,Manager,1,0,0,0,0,3339,1,7,0,1,3,4,4,3,3,Non-Travel,No,5,4,0
EMP003398,28,Male,Divorced,1,Life Sciences,Sales,Manager,2,3,0,0,0,4817,1,11,4,1,3,3,4,2,3,Travel_Rarely,No,1,2,0
EMP003399,32,Male,Married,3,Technical Degree,R&D,Research Scientist,2,8,4,0,4,5663,0,7,2,3,1,3,2,4,8,Travel_Frequently,No,0,2,0
EMP003400,28,Female,Married,2,Technical Degree,Sales,Sales Representative,1,7,1,0,1,4375,0,10,20,2,2,4,2,4,1,Travel_Rarely,No,0,4,0
EMP003401,36,Female,Married,5,Human Resources,R&D,Laboratory Technician,3,0,0,0,0,7258,1,21,8,1,2,3,4,3,0,Travel_Rarely,No,0,4,0
EMP003402,30,Female,Single,2,Medical,Sales,Sales Executive,2,9,7,1,2,7662,0,13,3,1,1,4,1,3,2,Travel_Rarely,Yes,5,1,0
EMP003403,26,Female,Married,3,Other,R&D,Research Director,2,0,0,0,0,5751,0,12,12,4,1,2,3,4,6,Travel_Frequently,No,2,3,0
EMP003404,29,Female,Divorced,4,Medical,Sales,Sales Representative,3,11,3,2,0,8415,0,8,21,3,2,3,3,1,0,Non-Travel,Yes,1,4,1
EMP003405,25,Female,Single,4,Other,R&D,Laboratory Technician,3,1,1,1,0,9613,0,17,4,1,3,1,3,2,3,Travel_Rarely,No,1,3,1
EMP003406,29,Female,Married,3,Life Sciences,R&D,Research Director,2,0,0,0,0,4827,1,11,4,3,1,2,2,3,2,Non-Travel,Yes,2,2,1
EMP003407,22,Male,Single,2,Life Sciences,IT,Software Engineer,1,0,0,0,0,2694,0,8,3,1,3,3,2,2,0,Travel_Rarely,No,0,3,0
EMP003408,29,Female,Single,3,Technical Degree,IT,Data Scientist,2,2,2,2,1,5354,0,12,9,2,3,2,4,3,3,Travel_Frequently,No,0,4,1
EMP003409,25,Male,Single,3,Technical Degree,Sales,Manager,1,2,2,2,2,2859,0,20,19,3,4,3,4,3,3,Travel_Rarely,Yes,1,2,0
EMP003410,31,Male,Married,3,Medical,Operations,Operations Specialist,1,3,3,3,1,4154,1,12,7,2,2,3,2,4,2,Travel_Rarely,No,0,2,0
EMP003411,24,Male,Single,3,Marketing,IT,Manager,2,6,0,0,0,6072,0,11,16,4,2,4,4,2,2,Travel_Rarely,No,0,3,0
EMP003412,33,Male,Married,2,Medical,HR,Human Resources,3,3,0,0,0,9906,1,6,9,3,2,3,1,3,3,Travel_Rarely,No,0,1,0
EMP003413,42,Female,Married,5,Life Sciences,R&D,Manager,3,19,3,1,0,13088,0,5,22,2,3,3,2,2,4,Travel_Rarely,No,1,3,0
EMP003414,30,Male,Single,1,Life Sciences,Sales,Sales Executive,3,1,0,0,0,7534,0,15,12,3,2,2,3,4,3,Travel_Rarely,No,1,4,0
EMP003415,31,Female,Single,3,Life Sciences,Operations,Operations Specialist,1,1,1,1,1,3250,1,19,12,1,2,3,3,3,1,Travel_Frequently,No,3,3,0
EMP003416,23,Male,Single,5,Marketing,Sales,Sales Executive,1,5,3,0,1,3664,1,12,4,3,4,3,3,4,5,Travel_Frequently,Yes,1,3,0
EMP003417,28,Male,Married,4,Life Sciences,IT,Software Engineer,2,1,0,0,0,6176,0,14,8,2,1,3,4,3,2,Travel_Rarely,Yes,2,2,0
EMP003418,25,Male,Married,3,Life Sciences,R&D,Research Director,2,0,0,0,0,4625,1,16,11,3,3,2,4,4,4,Travel_Frequently,No,1,2,0
EMP003419,32,Female,Married,2,Other,Marketing,Marketing Manager,3,7,1,1,0,10194,1,17,5,3,4,4,3,3,1,Non-Travel,No,2,2,0
EMP003420,28,Female,Married,5,Life Sciences,R&D,Research Director,3,1,1,0,1,9398,0,21,4,3,4,3,3,2,1,Travel_Rarely,Yes,2,2,0
EMP003421,40,Male,Married,1,Technical Degree,R&D,Research Scientist,2,6,0,0,0,7428,0,12,4,3,4,3,3,1,1,Travel_Rarely,Yes,0,3,0
EMP003422,39,Male,Married,4,Other,IT,Data Scientist,4,1,1,0,1,14134,3,19,8,1,2,4,3,2,5,Travel_Rarely,No,1,2,0
EMP003423,30,Female,Single,5,Life Sciences,Sales,Manager,2,12,1,0,1,7190,0,7,9,2,3,2,3,1,3,Travel_Rarely,No,0,3,0
EMP003424,18,Male,Married,1,Life Sciences,Sales,Sales Representative,1,1,1,0,1,3854,1,14,0,3,3,3,3,3,1,Travel_Rarely,No,0,3,0
EMP003425,30,Male,Single,4,Marketing,Sales,Sales Representative,1,6,1,0,0,4678,0,10,20,1,2,3,4,4,1,Travel_Frequently,No,1,4,0
EMP003426,27,Male,Single,5,Marketing,Sales,Sales Representative,3,9,0,0,0,8094,0,17,12,4,2,4,3,1,5,Travel_Rarely,Yes,2,2,1
EMP003427,24,Male,Single,4,Marketing,Sales,Manager,1,0,0,0,0,3494,1,19,5,4,2,4,4,2,2,Travel_Rarely,No,6,3,0
EMP003428,37,Male,Single,3,Marketing,HR,Manager,4,0,0,0,0,12807,2,15,13,2,1,4,4,4,1,Travel_Rarely,Yes,2,3,0
EMP003429,20,Male,Single,5,Other,IT,Software Engineer,1,2,0,0,0,3341,0,10,14,3,4,4,2,2,2,Travel_Rarely,Yes,1,3,0
EMP003430,28,Female,Married,4,Life Sciences,Operations,Operations Manager,1,4,0,0,0,3748,1,12,28,3,3,2,2,4,3,Travel_Frequently,Yes,4,3,0
EMP003431,28,Female,Single,4,Technical Degree,R&D,Research Scientist,2,4,2,0,1,5778,0,10,1,3,4,3,3,2,3,Travel_Rarely,Yes,4,2,1
EMP003432,20,Female,Single,4,Life Sciences,R&D,Research Director,1,2,0,0,0,3236,1,18,13,1,2,4,2,4,2,Travel_Rarely,No,1,3,0
EMP003433,31,Female,Single,1,Medical,Marketing,Marketing Manager,2,13,2,1,1,7911,1,15,2,3,2,1,3,3,0,Non-Travel,No,0,4,0
EMP003434,27,Female,Married,3,Life Sciences,IT,Data Scientist,1,5,0,0,0,4484,0,9,5,2,2,4,2,3,4,Travel_Rarely,No,2,2,0
EMP003435,33,Female,Single,2,Medical,HR,Human Resources,1,0,0,0,0,2524,0,11,34,3,3,2,4,4,1,Non-Travel,No,1,1,0
EMP003436,20,Female,Single,2,Technical Degree,R&D,Research Director,1,2,0,0,0,2558,0,7,2,4,3,4,2,3,0,Non-Travel,No,0,4,0
EMP003437,30,Male,Married,1,Life Sciences,Marketing,Marketing Specialist,2,1,1,1,0,5235,0,17,6,4,3,3,4,3,2,Non-Travel,No,0,2,0
EMP003438,34,Male,Married,3,Life Sciences,Sales,Sales Representative,2,6,0,0,0,6960,0,19,3,1,2,2,4,3,3,Travel_Frequently,No,1,4,0
EMP003439,35,Female,Married,2,Medical,Sales,Sales Executive,3,0,0,0,0,8849,2,14,16,3,4,4,2,3,3,Travel_Rarely,No,1,3,0
EMP003440,20,Female,Single,5,Life Sciences,IT,Data Scientist,2,2,2,1,0,5049,0,7,3,3,4,3,3,4,2,Non-Travel,No,0,2,0
EMP003441,23,Female,Single,4,Technical Degree,HR,Manager,1,3,0,0,0,3490,0,16,19,2,4,4,4,2,2,Travel_Rarely,No,1,3,0
EMP003442,25,Female,Married,4,Technical Degree,Sales,Manager,3,6,0,0,0,6921,2,7,9,2,4,3,1,3,1,Travel_Rarely,No,0,2,0
EMP003443,34,Male,Married,3,Technical Degree,IT,Software Engineer,1,3,0,0,0,4214,1,10,35,4,2,3,3,2,6,Travel_Frequently,Yes,0,4,0
EMP003444,29,Male,Married,3,Marketing,IT,Software Engineer,2,8,2,0,0,6262,0,10,6,3,3,3,3,3,2,Non-Travel,No,0,3,0
EMP003445,26,Female,Single,3,Marketing,IT,Software Engineer,1,8,6,4,1,4661,0,7,9,4,3,4,3,2,2,Travel_Rarely,No,0,3,0
EMP003446,41,Male,Single,4,Life Sciences,R&D,Manager,2,6,2,0,0,5983,0,14,4,4,2,3,3,2,2,Travel_Frequently,No,0,2,0
EMP003447,21,Male,Married,4,Technical Degree,Sales,Sales Representative,1,3,1,0,1,3216,1,11,5,1,2,3,3,3,1,Travel_Rarely,No,2,4,0
EMP003448,26,Female,Married,2,Medical,R&D,Research Director,3,1,0,0,0,7493,0,10,23,1,1,2,2,3,0,Travel_Rarely,No,3,2,1
EMP003449,32,Male,Single,4,Human Resources,Marketing,Marketing Manager,1,2,0,0,0,3187,0,12,17,3,4,4,3,2,1,Travel_Frequently,No,1,3,0
EMP003450,31,Female,Single,4,Human Resources,Sales,Manager,1,0,0,0,0,2708,0,13,4,3,2,3,3,4,1,Travel_Rarely,No,0,4,0
EMP003451,32,Female,Married,4,Other,R&D,Research Scientist,2,3,0,0,0,6131,1,7,5,4,3,4,2,4,1,Non-Travel,No,0,3,0
EMP003452,27,Male,Single,3,Medical,R&D,Research Scientist,1,2,0,0,0,3732,0,14,1,3,1,3,1,3,0,Travel_Rarely,No,0,2,0
EMP003453,30,Male,Married,3,Medical,Sales,Manager,2,1,0,0,0,5016,0,14,23,3,3,3,3,2,2,Travel_Rarely,No,0,3,0
EMP003454,20,Male,Single,3,Other,Marketing,Marketing Specialist,2,0,0,0,0,5093,0,14,20,3,4,4,4,1,2,Non-Travel,Yes,2,3,0
EMP003455,24,Female,Single,3,Technical Degree,Sales,Manager,1,6,0,0,0,4869,0,6,11,3,3,3,3,2,2,Non-Travel,Yes,8,3,0
EMP003456,25,Male,Single,3,Technical Degree,IT,Data Scientist,3,4,0,0,0,6899,0,12,13,2,4,4,1,3,3,Travel_Rarely,No,0,3,0
EMP003457,30,Male,Single,2,Life Sciences,R&D,Research Director,1,1,0,0,0,3891,0,15,13,3,2,3,2,4,2,Travel_Rarely,No,0,1,0
EMP003458,22,Female,Married,2,Technical Degree,R&D,Laboratory Technician,1,2,0,0,0,4123,0,5,9,3,2,3,4,1,4,Travel_Rarely,No,1,2,0
EMP003459,33,Male,Married,2,Marketing,Operations,Operations Manager,2,2,0,0,0,5992,1,19,13,4,3,3,2,3,5,Travel_Rarely,No,3,3,0
EMP003460,26,Male,Married,3,Medical,IT,Software Engineer,3,8,5,1,0,10126,0,17,7,3,4,4,1,2,5,Travel_Rarely,Yes,1,3,0
EMP003461,31,Male,Married,3,Other,IT,Software Engineer,3,1,1,1,0,8728,0,14,11,1,1,3,1,4,3,Travel_Frequently,Yes,0,3,0
EMP003462,24,Male,Married,3,Medical,IT,Software Engineer,1,6,1,0,1,3538,0,15,3,4,2,2,3,2,2,Travel_Rarely,No,1,4,0
EMP003463,27,Female,Married,3,Technical Degree,R&D,Research Scientist,2,1,1,0,1,5639,1,13,0,3,2,3,4,2,6,Non-Travel,No,1,2,0
EMP003464,27,Male,Married,4,Medical,HR,Human Resources,1,9,1,1,1,5296,1,10,0,2,3,4,2,4,2,Travel_Rarely,Yes,1,3,0
EMP003465,26,Male,Single,4,Marketing,R&D,Manager,2,8,1,0,0,5664,1,14,8,4,3,2,4,3,4,Non-Travel,No,4,2,0
EMP003466,39,Female,Married,3,Life Sciences,IT,Software Engineer,3,5,0,0,0,7797,2,10,15,1,3,4,2,3,1,Non-Travel,Yes,1,3,0
EMP003467,32,Female,Married,3,Medical,HR,Manager,3,11,0,0,0,11957,0,13,8,1,2,2,2,3,2,Travel_Rarely,No,0,3,0
EMP003468,28,Male,Married,4,Marketing,Sales,Sales Representative,2,6,0,0,0,6023,0,6,13,2,4,3,3,3,4,Travel_Rarely,No,1,1,0
EMP003469,28,Female,Married,4,Medical,Marketing,Marketing Manager,3,0,0,0,0,9095,2,10,5,3,4,2,1,1,1,Travel_Frequently,No,0,3,0
EMP003470,26,Female,Single,3,Technical Degree,HR,Human Resources,3,8,0,0,0,8425,0,11,3,1,3,3,2,3,1,Travel_Rarely,Yes,0,2,1
EMP003471,33,Male,Single,4,Medical,R&D,Research Scientist,2,1,0,0,0,5701,0,10,2,4,2,4,3,3,1,Travel_Rarely,Yes,2,3,1
EMP003472,22,Female,Single,3,Other,Sales,Manager,1,3,0,0,0,3892,0,14,1,3,2,3,1,4,2,Travel_Rarely,Yes,1,1,0
EMP003473,38,Female,Married,4,Medical,Marketing,Marketing Specialist,3,2,1,0,0,5914,0,14,15,3,3,2,3,3,1,Travel_Rarely,No,0,4,0
EMP003474,24,Male,Single,5,Technical Degree,Operations,Operations Specialist,1,2,1,1,0,3746,0,5,3,4,1,3,3,2,1,Travel_Rarely,No,0,4,0
EMP003475,23,Female,Married,3,Life Sciences,HR,Manager,1,5,0,0,0,3756,0,10,8,3,1,1,2,1,1,Travel_Rarely,No,1,4,0
EMP003476,35,Female,Married,5,Life Sciences,R&D,Manager,2,1,1,1,0,5451,0,17,4,3,4,3,4,4,1,Travel_Rarely,No,0,3,0
EMP003477,20,Female,Married,3,Technical Degree,R&D,Research Director,1,2,0,0,0,3289,1,8,7,1,4,4,2,4,3,Travel_Frequently,No,1,2,0
EMP003478,41,Male,Married,3,Life Sciences,R&D,Manager,3,2,0,0,0,9577,1,12,7,1,4,3,4,2,3,Travel_Rarely,No,6,3,0
EMP003479,26,Male,Married,3,Human Resources,HR,Human Resources,1,8,2,0,2,5104,1,8,4,3,3,3,4,3,1,Travel_Rarely,No,1,4,0
EMP003480,36,Female,Married,4,Life Sciences,Sales,Sales Representative,3,0,0,0,0,9709,0,12,10,4,1,3,2,4,5,Non-Travel,No,0,4,0
EMP003481,32,Male,Single,2,Other,Marketing,Marketing Specialist,2,0,0,0,0,5956,0,15,14,3,3,1,1,3,4,Travel_Rarely,Yes,0,3,0
EMP003482,29,Female,Married,4,Marketing,Sales,Sales Representative,2,0,0,0,0,5797,1,10,4,2,2,2,1,2,1,Travel_Rarely,No,0,4,0
EMP003483,38,Male,Married,4,Marketing,IT,Software Engineer,3,7,7,1,0,9240,0,11,9,4,3,3,4,3,1,Travel_Rarely,No,2,3,0
EMP003484,26,Male,Divorced,3,Life Sciences,R&D,Research Director,3,0,0,0,0,7799,1,16,3,3,4,1,3,3,2,Travel_Frequently,No,0,3,0
EMP003485,34,Female,Single,2,Medical,Sales,Sales Representative,2,3,3,3,0,5243,1,7,8,1,3,3,2,4,5,Travel_Rarely,No,0,4,0
EMP003486,31,Female,Single,3,Life Sciences,HR,Human Resources,2,7,1,0,0,5839,0,8,6,2,4,3,2,4,3,Travel_Rarely,Yes,1,3,0
EMP003487,28,Male,Married,4,Marketing,IT,Data Scientist,1,0,0,0,0,2297,0,17,2,4,3,4,2,1,5,Travel_Rarely,Yes,6,4,1
EMP003488,25,Male,Married,5,Marketing,IT,Data Scientist,2,7,0,0,0,6851,0,5,6,2,4,4,1,2,2,Travel_Rarely,No,5,2,0
EMP003489,19,Female,Single,3,Technical Degree,Sales,Manager,1,1,0,0,0,3188,1,18,2,4,3,1,3,3,4,Travel_Rarely,No,0,3,0
EMP003490,27,Female,Single,4,Other,R&D,Laboratory Technician,2,7,2,0,0,6537,0,5,2,3,3,1,4,3,3,Travel_Rarely,Yes,1,3,0
EMP003491,34,Female,Married,3,Medical,Marketing,Marketing Manager,2,7,0,0,0,6924,0,13,8,3,3,2,3,2,1,Non-Travel,No,0,3,0
EMP003492,27,Male,Married,3,Life Sciences,IT,Manager,2,2,2,1,1,5431,1,11,30,1,3,3,4,4,2,Travel_Frequently,No,0,2,0
EMP003493,30,Male,Single,3,Medical,IT,Data Scientist,2,3,2,0,2,5325,0,10,3,2,3,1,2,3,2,Travel_Rarely,No,2,2,0
EMP003494,22,Female,Single,4,Technical Degree,R&D,Research Scientist,1,4,4,3,4,3713,0,13,14,4,3,2,2,4,2,Travel_Rarely,No,1,2,0
EMP003495,19,Female,Single,5,Life Sciences,IT,Data Scientist,1,1,1,1,0,2933,0,12,24,1,2,2,2,3,1,Travel_Rarely,No,1,1,1
EMP003496,26,Male,Single,4,Marketing,R&D,Manager,3,2,2,0,2,9622,2,10,18,3,3,3,2,3,4,Non-Travel,No,1,4,1
EMP003497,34,Female,Divorced,2,Life Sciences,R&D,Laboratory Technician,2,9,2,1,0,5790,0,12,11,1,1,3,2,2,3,Travel_Rarely,No,0,3,0
EMP003498,29,Male,Single,4,Life Sciences,R&D,Laboratory Technician,2,1,0,0,0,5531,1,12,3,2,1,1,3,3,3,Travel_Frequently,Yes,1,3,1
EMP003499,23,Male,Single,2,Marketing,Sales,Sales Executive,1,5,0,0,0,4050,0,11,8,2,1,4,4,3,0,Travel_Rarely,No,0,3,0
EMP003500,20,Female,Married,3,Medical,R&D,Research Director,2,1,0,0,0,4180,1,11,4,3,4,3,2,3,1,Non-Travel,No,1,4,0
EMP003501,37,Male,Married,2,Medical,Sales,Sales Executive,3,6,3,0,1,8976,0,11,9,3,1,2,3,4,5,Travel_Rarely,No,0,2,0
EMP003502,28,Female,Single,3,Technical Degree,R&D,Manager,2,1,1,1,1,5674,0,11,13,3,4,3,2,3,2,Non-Travel,Yes,0,3,0
EMP003503,29,Male,Married,4,Life Sciences,IT,Software Engineer,2,11,2,0,0,7056,0,14,6,4,2,3,4,3,3,Travel_Frequently,No,0,1,0
EMP003504,33,Male,Married,3,Life Sciences,Operations,Operations Specialist,2,4,3,1,1,5223,0,11,8,2,4,3,1,2,1,Travel_Frequently,No,1,4,0
EMP003505,18,Female,Single,5,Technical Degree,Sales,Sales Representative,1,1,1,0,1,3223,1,11,18,3,4,3,2,3,3,Travel_Rarely,No,0,1,0
EMP003506,25,Male,Married,3,Marketing,R&D,Research Scientist,2,1,1,0,0,4121,0,10,18,4,3,3,3,3,3,Non-Travel,Yes,0,3,0
EMP003507,22,Female,Single,3,Life Sciences,R&D,Manager,2,3,0,0,0,5179,0,11,14,3,3,2,1,4,2,Travel_Rarely,No,2,3,1
EMP003508,22,Male,Single,3,Technical Degree,Sales,Manager,1,0,0,0,0,2486,0,15,5,3,2,4,4,2,1,Travel_Rarely,No,2,3,0
EMP003509,25,Female,Married,3,Marketing,Sales,Manager,2,0,0,0,0,5185,0,12,18,3,4,4,3,4,2,Non-Travel,No,0,3,0
EMP003510,28,Male,Married,5,Life Sciences,R&D,Laboratory Technician,3,1,1,1,1,9493,1,15,18,1,3,3,2,2,3,Travel_Frequently,Yes,0,4,0
EMP003511,33,Female,Single,3,Technical Degree,HR,Human Resources,3,14,3,0,0,11318,1,16,5,4,4,3,1,3,2,Travel_Rarely,No,1,3,0
EMP003512,34,Female,Married,5,Marketing,IT,Manager,2,3,3,0,3,6881,1,16,2,2,4,2,2,3,5,Travel_Rarely,No,0,4,0
EMP003513,24,Female,Single,3,Life Sciences,Operations,Operations Specialist,1,2,2,2,1,3873,1,19,3,2,4,2,3,4,2,Travel_Frequently,No,2,3,0
EMP003514,31,Female,Married,3,Marketing,IT,Manager,2,7,0,0,0,5741,0,7,11,4,2,4,4,2,2,Non-Travel,No,0,4,0
EMP003515,25,Male,Married,2,Marketing,Sales,Sales Executive,1,5,0,0,0,3910,1,11,8,1,1,3,3,4,6,Travel_Rarely,No,0,2,0
EMP003516,34,Male,Married,5,Other,IT,Software Engineer,2,5,0,0,0,6300,0,9,8,4,3,4,2,3,3,Travel_Frequently,No,4,3,0
EMP003517,33,Female,Married,1,Technical Degree,R&D,Laboratory Technician,2,4,1,0,0,5252,0,7,1,3,4,4,2,3,2,Non-Travel,No,0,2,0
EMP003518,22,Female,Single,5,Medical,R&D,Manager,1,0,0,0,0,3212,0,15,11,4,2,2,3,4,2,Travel_Rarely,No,0,2,0
EMP003519,29,Male,Single,3,Life Sciences,Operations,Operations Manager,2,2,0,0,0,5707,1,5,28,4,4,4,2,3,1,Travel_Rarely,No,1,4,0
EMP003520,22,Male,Single,3,Other,IT,Data Scientist,1,4,2,1,2,3931,0,19,26,2,4,3,3,3,2,Non-Travel,Yes,0,2,1
EMP003521,28,Female,Married,4,Technical Degree,IT,Software Engineer,1,10,1,1,0,4961,1,7,1,4,3,2,1,4,4,Non-Travel,No,3,3,0
EMP003522,49,Female,Married,2,Life Sciences,Sales,Sales Representative,4,2,0,0,0,10606,2,6,3,4,1,2,4,2,4,Travel_Rarely,Yes,4,2,1
EMP003523,24,Female,Single,2,Life Sciences,Marketing,Marketing Specialist,1,0,0,0,0,3183,0,14,15,4,4,2,3,3,0,Non-Travel,No,3,4,0
EMP003524,29,Male,Single,4,Technical Degree,IT,Software Engineer,2,3,0,0,0,5657,0,12,12,3,1,2,3,1,4,Travel_Rarely,No,1,1,1
EMP003525,28,Male,Single,3,Technical Degree,R&D,Research Scientist,2,1,0,0,0,4643,1,17,8,2,3,4,3,1,3,Travel_Rarely,No,2,2,0
EMP003526,25,Male,Single,3,Life Sciences,R&D,Manager,3,1,0,0,0,8270,0,16,12,4,1,2,4,4,0,Non-Travel,Yes,5,4,1
EMP003527,33,Male,Married,2,Technical Degree,Sales,Sales Representative,2,1,1,1,1,4931,0,17,25,4,2,2,3,3,1,Travel_Rarely,No,3,3,0
EMP003528,46,Female,Single,2,Life Sciences,Sales,Manager,4,0,0,0,0,12892,2,18,4,4,3,2,3,2,3,Travel_Rarely,No,5,4,0
EMP003529,26,Female,Divorced,3,Life Sciences,IT,Data Scientist,1,0,0,0,0,3226,0,12,2,4,1,3,4,4,2,Non-Travel,Yes,5,3,1
EMP003530,25,Male,Married,3,Medical,Sales,Manager,1,2,0,0,0,3163,1,19,31,2,2,3,4,2,2,Travel_Rarely,Yes,1,3,0
EMP003531,39,Male,Single,4,Marketing,Marketing,Marketing Specialist,3,1,0,0,0,8141,1,15,24,3,2,2,3,1,0,Non-Travel,No,0,3,0
EMP003532,28,Male,Married,3,Technical Degree,IT,Data Scientist,2,1,1,0,0,4841,0,17,7,4,1,3,3,3,1,Travel_Frequently,No,0,3,0
EMP003533,30,Female,Married,4,Medical,R&D,Laboratory Technician,2,1,1,0,0,6282,1,15,8,3,3,3,3,2,2,Travel_Rarely,No,5,3,0
EMP003534,21,Male,Single,2,Life Sciences,R&D,Manager,1,3,0,0,0,3451,0,9,8,4,4,4,3,2,4,Travel_Rarely,No,1,3,0
EMP003535,25,Male,Married,2,Other,R&D,Manager,2,6,6,1,2,6420,0,12,5,1,1,2,4,2,1,Non-Travel,Yes,0,2,0
EMP003536,20,Female,Single,2,Life Sciences,Sales,Sales Executive,1,2,2,0,2,4213,0,13,3,4,3,4,3,2,3,Non-Travel,No,2,3,0
EMP003537,25,Female,Single,4,Technical Degree,Sales,Sales Representative,3,7,1,1,0,6378,1,11,0,1,3,3,4,3,4,Travel_Frequently,No,5,3,1
EMP003538,25,Female,Married,4,Technical Degree,R&D,Manager,1,7,0,0,0,4689,0,14,5,3,3,3,4,4,1,Travel_Rarely,Yes,2,2,0
EMP003539,28,Male,Divorced,2,Life Sciences,Operations,Operations Specialist,3,2,0,0,0,9015,1,16,11,3,3,4,2,3,3,Non-Travel,Yes,0,3,0
EMP003540,35,Male,Married,1,Life Sciences,Marketing,Marketing Manager,4,8,3,0,2,12496,3,10,14,2,1,3,3,3,4,Travel_Rarely,No,0,3,0
EMP003541,31,Male,Married,4,Other,IT,Software Engineer,1,1,1,0,0,2580,0,13,3,3,2,3,3,2,2,Travel_Rarely,No,0,1,0
EMP003542,20,Female,Single,5,Marketing,HR,Manager,1,1,1,1,1,2999,0,17,3,3,4,2,3,1,4,Non-Travel,No,2,2,1
EMP003543,23,Female,Married,4,Life Sciences,Marketing,Marketing Manager,1,5,3,0,1,3878,0,15,16,4,2,3,3,2,6,Travel_Rarely,No,0,3,0
EMP003544,25,Female,Married,3,Other,R&D,Laboratory Technician,3,1,1,0,1,8600,1,16,4,4,4,1,2,3,1,Travel_Frequently,No,3,3,0
EMP003545,27,Male,Single,4,Medical,Sales,Sales Representative,2,3,0,0,0,4569,0,13,6,3,1,2,2,2,2,Travel_Rarely,Yes,4,3,1
EMP003546,19,Female,Married,4,Medical,IT,Data Scientist,1,1,1,0,0,2764,0,15,11,4,3,2,3,2,3,Travel_Frequently,No,0,1,0
EMP003547,36,Male,Single,3,Marketing,Marketing,Marketing Specialist,3,1,0,0,0,7632,2,13,22,2,3,4,3,3,1,Travel_Rarely,No,4,2,0
EMP003548,24,Male,Single,3,Technical Degree,Sales,Sales Executive,1,0,0,0,0,3910,1,17,13,2,4,1,2,3,4,Travel_Rarely,Yes,1,3,0
EMP003549,24,Male,Single,3,Medical,R&D,Manager,1,4,0,0,0,3630,0,14,13,1,2,3,1,3,3,Non-Travel,No,1,4,0
EMP003550,29,Female,Single,3,Life Sciences,R&D,Manager,1,0,0,0,0,2638,0,17,8,3,2,3,4,2,3,Travel_Rarely,Yes,0,4,0
EMP003551,20,Male,Single,5,Marketing,Sales,Manager,1,2,0,0,0,3756,1,18,16,2,4,4,2,2,3,Travel_Rarely,No,0,3,0
EMP003552,21,Female,Single,5,Marketing,Sales,Manager,2,3,3,1,3,4378,1,8,18,2,3,3,3,1,1,Travel_Rarely,No,1,4,0
EMP003553,29,Female,Single,3,Other,R&D,Manager,3,2,2,0,0,7353,1,16,8,2,2,4,4,4,2,Non-Travel,No,0,4,0
EMP003554,28,Male,Single,2,Medical,Operations,Operations Manager,2,2,0,0,0,3912,0,15,21,2,2,3,3,3,0,Travel_Rarely,Yes,1,3,0
EMP003555,35,Female,Married,4,Marketing,Marketing,Marketing Manager,4,4,0,0,0,12634,2,14,3,3,3,3,3,1,1,Travel_Rarely,No,0,2,0
EMP003556,20,Male,Single,3,Life Sciences,Operations,Operations Manager,2,2,0,0,0,4966,0,15,6,3,3,1,3,3,1,Travel_Rarely,No,1,3,0
EMP003557,38,Male,Single,2,Other,Sales,Manager,2,3,1,1,0,6596,0,8,22,4,2,3,3,3,3,Travel_Rarely,No,1,4,0
EMP003558,28,Female,Single,3,Medical,Sales,Manager,2,5,2,0,2,6150,0,16,3,2,3,1,3,3,5,Travel_Rarely,No,1,2,0
EMP003559,25,Female,Married,3,Marketing,Sales,Manager,1,7,0,0,0,4371,0,8,5,3,3,3,2,1,2,Travel_Rarely,No,1,2,0
EMP003560,27,Male,Married,2,Other,Marketing,Marketing Manager,2,9,0,0,0,6048,0,6,23,4,3,2,4,4,5,Travel_Frequently,Yes,0,4,1
EMP003561,40,Female,Single,4,Technical Degree,Sales,Sales Representative,4,2,2,0,0,11929,1,13,3,4,3,2,2,3,4,Travel_Rarely,Yes,2,2,0
EMP003562,28,Female,Single,1,Marketing,HR,Manager,3,4,0,0,0,9904,2,18,9,3,2,1,3,2,2,Travel_Frequently,No,1,4,0
EMP003563,31,Male,Married,5,Technical Degree,Sales,Manager,3,2,0,0,0,7253,2,15,3,4,4,3,2,4,2,Travel_Rarely,Yes,0,2,0
EMP003564,21,Male,Married,5,Other,Sales,Sales Representative,1,1,1,0,1,3590,1,17,2,1,1,3,4,2,1,Travel_Rarely,No,0,3,1
EMP003565,25,Female,Single,4,Technical Degree,Sales,Sales Representative,3,7,1,0,1,8027,1,15,8,3,2,3,4,3,0,Travel_Rarely,No,0,4,0
EMP003566,34,Male,Married,3,Marketing,IT,Software Engineer,3,0,0,0,0,7736,2,14,18,2,2,4,3,3,0,Travel_Rarely,No,4,1,0
EMP003567,23,Female,Single,3,Technical Degree,Sales,Sales Executive,1,0,0,0,0,3325,1,13,3,3,4,1,4,4,2,Travel_Rarely,Yes,1,3,0
EMP003568,34,Female,Divorced,4,Life Sciences,Sales,Manager,2,4,0,0,0,6261,0,7,5,1,2,3,1,2,2,Non-Travel,No,2,3,1
EMP003569,26,Male,Single,5,Medical,R&D,Research Scientist,3,6,1,0,0,8153,0,14,6,1,4,3,1,4,3,Travel_Rarely,No,2,3,0
EMP003570,42,Female,Divorced,2,Medical,IT,Manager,4,6,0,0,0,12144,3,10,17,1,3,4,4,3,2,Travel_Rarely,Yes,5,3,0
EMP003571,40,Male,Married,3,Medical,R&D,Research Scientist,2,6,0,0,0,6139,1,16,5,1,3,4,2,2,2,Travel_Frequently,No,0,3,0
EMP003572,32,Female,Divorced,3,Technical Degree,Operations,Operations Specialist,1,7,1,0,0,5187,1,13,9,3,2,2,4,3,3,Travel_Rarely,No,2,3,0
EMP003573,22,Male,Single,3,Life Sciences,R&D,Manager,2,4,1,1,0,7079,0,12,16,1,3,3,4,4,3,Travel_Rarely,No,1,3,1
EMP003574,19,Female,Single,3,Life Sciences,Sales,Sales Executive,1,1,1,1,1,3713,0,10,15,4,4,3,3,3,2,Travel_Rarely,No,2,2,0
EMP003575,21,Male,Married,5,Medical,R&D,Manager,1,3,0,0,0,3996,0,11,22,2,3,3,1,4,2,Non-Travel,No,1,2,0
EMP003576,23,Female,Single,3,Medical,R&D,Manager,1,5,1,1,0,3390,0,11,22,4,4,3,2,2,1,Travel_Rarely,No,0,3,0
EMP003577,35,Male,Married,3,Medical,IT,Manager,3,6,6,2,0,10664,0,5,24,3,2,4,1,4,1,Travel_Frequently,No,0,4,0
EMP003578,23,Male,Single,5,Other,Operations,Operations Specialist,1,2,2,0,2,2915,0,11,3,3,3,3,4,3,2,Travel_Frequently,Yes,0,3,0
EMP003579,30,Male,Married,3,Technical Degree,IT,Software Engineer,2,0,0,0,0,4266,1,14,8,3,2,3,3,3,3,Travel_Frequently,No,0,3,0
EMP003580,26,Female,Married,5,Medical,R&D,Manager,2,1,0,0,0,5453,0,14,18,2,1,4,4,3,10,Travel_Rarely,No,0,3,1
EMP003581,31,Male,Single,2,Life Sciences,Sales,Manager,2,3,0,0,0,5606,0,8,4,4,2,4,3,3,4,Travel_Frequently,No,0,3,0
EMP003582,27,Female,Married,5,Marketing,Marketing,Marketing Manager,3,3,2,0,1,8577,2,15,11,4,3,3,1,4,3,Travel_Frequently,No,2,3,0
EMP003583,25,Female,Married,2,Technical Degree,R&D,Research Director,3,2,1,1,1,6890,0,11,9,2,4,4,1,2,2,Travel_Rarely,No,2,4,0
EMP003584,20,Female,Single,5,Medical,IT,Data Scientist,2,2,1,1,1,5115,0,5,1,3,2,4,3,3,0,Non-Travel,Yes,1,3,1
EMP003585,26,Male,Married,2,Life Sciences,Operations,Operations Manager,2,3,0,0,0,4634,1,7,6,3,1,3,3,4,6,Non-Travel,No,1,4,0
EMP003586,30,Female,Married,3,Life Sciences,HR,Human Resources,2,0,0,0,0,5853,0,20,32,4,3,1,2,3,1,Travel_Rarely,Yes,3,1,0
EMP003587,26,Male,Married,3,Life Sciences,R&D,Manager,2,1,0,0,0,3740,0,14,12,3,1,4,2,4,4,Travel_Rarely,No,1,2,0
EMP003588,22,Female,Single,3,Medical,IT,Data Scientist,1,0,0,0,0,3264,1,8,11,3,2,2,4,2,3,Travel_Frequently,No,0,3,1
EMP003589,24,Female,Married,3,Technical Degree,Sales,Sales Representative,2,1,1,0,1,4907,0,15,7,2,4,4,4,4,3,Travel_Rarely,No,0,4,0
EMP003590,40,Male,Married,5,Other,R&D,Research Director,3,1,1,1,0,6565,0,11,16,1,3,3,1,1,2,Travel_Frequently,No,0,3,0
EMP003591,29,Male,Married,3,Medical,R&D,Manager,2,2,0,0,0,5819,1,16,16,3,3,4,3,1,1,Non-Travel,Yes,1,1,0
EMP003592,27,Male,Single,4,Technical Degree,Sales,Manager,3,9,1,0,1,10674,0,6,22,4,2,2,3,3,1,Travel_Rarely,No,0,3,0
EMP003593,22,Male,Single,2,Human Resources,HR,Manager,1,4,1,1,0,3671,0,6,15,3,1,2,3,3,1,Travel_Frequently,No,0,2,0
EMP003594,33,Female,Married,4,Technical Degree,HR,Manager,2,3,1,0,1,6655,0,16,16,3,4,1,1,3,4,Travel_Frequently,No,0,4,0
EMP003595,34,Male,Married,3,Technical Degree,IT,Data Scientist,1,2,1,0,1,3083,0,7,1,4,3,4,3,2,2,Non-Travel,Yes,2,4,0
EMP003596,36,Female,Married,5,Other,Marketing,Marketing Manager,3,2,1,0,0,9938,1,14,15,3,1,3,3,4,1,Travel_Rarely,No,1,4,0
EMP003597,28,Male,Single,3,Medical,Sales,Manager,2,0,0,0,0,5883,0,13,20,2,3,2,1,3,3,Travel_Rarely,Yes,2,2,0
EMP003598,43,Female,Married,2,Life Sciences,IT,Manager,3,12,3,0,0,8324,1,11,27,2,3,3,4,4,4,Non-Travel,No,1,3,0
EMP003599,33,Female,Married,3,Human Resources,R&D,Research Scientist,1,1,0,0,0,4253,0,16,15,3,3,4,1,1,1,Travel_Rarely,Yes,0,4,0
EMP003600,25,Female,Married,4,Medical,HR,Human Resources,1,7,1,1,0,4494,0,15,7,2,1,2,1,3,1,Travel_Frequently,No,4,4,0
EMP003601,23,Male,Married,4,Technical Degree,Marketing,Marketing Specialist,1,5,1,1,1,4224,0,18,3,3,3,4,3,2,3,Travel_Frequently,No,0,4,0
EMP003602,26,Female,Single,4,Technical Degree,R&D,Laboratory Technician,3,0,0,0,0,6430,0,11,11,2,4,2,1,3,1,Travel_Rarely,No,3,3,0
EMP003603,27,Male,Single,2,Medical,HR,Manager,2,1,1,0,1,6574,0,12,19,3,2,3,4,4,3,Travel_Rarely,No,2,2,0
EMP003604,24,Male,Single,4,Marketing,R&D,Research Director,1,3,2,2,0,3567,0,12,1,2,3,3,1,3,4,Travel_Rarely,No,6,3,0
EMP003605,36,Female,Married,5,Marketing,IT,Manager,3,1,0,0,0,7493,1,15,4,2,1,2,3,4,1,Travel_Frequently,Yes,0,1,1
EMP003606,23,Female,Single,2,Life Sciences,IT,Manager,1,2,1,0,1,3488,1,7,12,3,4,4,2,4,2,Travel_Rarely,No,0,3,0
EMP003607,29,Male,Single,2,Life Sciences,IT,Data Scientist,3,1,1,1,1,7899,1,13,10,2,1,3,1,3,0,Travel_Rarely,No,2,2,0
EMP003608,35,Female,Single,4,Marketing,R&D,Laboratory Technician,3,5,0,0,0,9639,1,8,11,1,2,3,4,2,4,Travel_Rarely,Yes,1,4,0
EMP003609,26,Female,Married,3,Life Sciences,IT,Software Engineer,1,2,0,0,0,2922,0,9,2,2,4,3,3,4,2,Travel_Frequently,Yes,3,4,0
EMP003610,28,Male,Single,4,Medical,HR,Human Resources,2,2,0,0,0,6318,0,12,15,2,4,1,3,4,2,Non-Travel,Yes,1,3,0
EMP003611,37,Male,Single,3,Life Sciences,R&D,Research Director,3,1,0,0,0,9877,1,16,2,2,2,3,4,3,1,Travel_Frequently,No,1,3,0
EMP003612,20,Female,Single,5,Technical Degree,R&D,Research Scientist,1,2,0,0,0,3564,0,16,9,3,1,3,3,3,2,Travel_Rarely,No,1,4,0
EMP003613,24,Male,Single,5,Other,R&D,Laboratory Technician,1,5,5,0,2,4274,0,13,34,2,1,4,2,2,3,Travel_Rarely,Yes,0,2,0
EMP003614,36,Female,Married,4,Marketing,Sales,Sales Representative,3,6,0,0,0,7750,1,6,12,2,3,4,2,3,1,Travel_Rarely,No,0,2,0
EMP003615,19,Female,Single,3,Medical,Sales,Sales Representative,1,1,0,0,0,2693,1,15,6,4,3,4,4,2,4,Travel_Rarely,Yes,0,1,0
EMP003616,34,Female,Married,3,Human Resources,Sales,Manager,2,9,3,0,1,6762,0,12,5,3,4,4,4,4,1,Travel_Rarely,Yes,0,2,0
EMP003617,45,Male,Divorced,5,Life Sciences,IT,Software Engineer,5,2,2,0,0,15811,2,7,14,2,1,3,1,2,1,Travel_Rarely,Yes,1,4,1
EMP003618,20,Female,Single,4,Medical,Marketing,Marketing Manager,1,0,0,0,0,2000,0,13,10,2,3,3,3,2,4,Travel_Rarely,No,2,2,0
EMP003619,23,Male,Single,4,Life Sciences,IT,Data Scientist,1,3,2,0,2,3817,0,14,5,3,3,2,4,4,1,Travel_Rarely,No,1,2,0
EMP003620,37,Male,Divorced,3,Medical,IT,Manager,3,2,1,0,1,10350,1,7,4,1,4,2,1,3,4,Travel_Rarely,Yes,5,4,0
EMP003621,24,Male,Single,2,Life Sciences,Sales,Sales Executive,1,0,0,0,0,3237,0,17,2,2,3,2,3,3,2,Travel_Rarely,No,0,4,0
EMP003622,26,Female,Single,3,Life Sciences,R&D,Research Director,2,5,0,0,0,5987,0,9,3,2,2,3,3,3,2,Travel_Rarely,Yes,0,2,1
EMP003623,32,Female,Single,2,Life Sciences,Marketing,Marketing Specialist,2,8,3,0,0,7468,0,11,18,2,4,2,2,4,1,Travel_Frequently,No,1,3,0
EMP003624,27,Male,Married,4,Marketing,IT,Data Scientist,3,2,2,0,1,8846,0,6,9,3,4,3,3,3,1,Travel_Rarely,No,1,3,0
EMP003625,24,Male,Single,4,Medical,Sales,Sales Representative,2,6,1,1,0,5595,1,12,10,3,4,3,2,3,2,Travel_Frequently,No,1,1,0
EMP003626,26,Male,Single,2,Marketing,R&D,Manager,1,4,2,0,1,3357,0,12,4,1,3,4,2,4,1,Travel_Rarely,No,0,1,0
EMP003627,21,Male,Married,4,Marketing,Sales,Sales Executive,1,1,1,0,0,2726,0,12,12,3,4,3,3,2,2,Travel_Rarely,Yes,0,2,1
EMP003628,19,Female,Single,5,Life Sciences,R&D,Laboratory Technician,1,1,0,0,0,3020,0,13,9,4,3,4,3,3,3,Travel_Rarely,No,1,4,0
EMP003629,29,Female,Married,4,Technical Degree,R&D,Research Scientist,2,11,1,1,1,7770,1,12,4,2,1,1,3,4,2,Non-Travel,No,2,4,0
EMP003630,25,Female,Married,3,Medical,Marketing,Marketing Specialist,2,1,1,0,1,5493,0,17,4,1,2,1,4,3,1,Non-Travel,No,3,4,0
EMP003631,20,Female,Married,3,Life Sciences,IT,Software Engineer,1,0,0,0,0,3638,0,15,3,4,4,3,4,3,3,Travel_Rarely,No,0,2,0
EMP003632,23,Female,Married,5,Life Sciences,R&D,Laboratory Technician,2,0,0,0,0,4868,0,21,11,3,4,3,2,4,3,Travel_Rarely,No,1,3,0
EMP003633,22,Male,Single,3,Technical Degree,R&D,Laboratory Technician,1,4,0,0,0,3463,0,14,9,3,4,1,2,3,4,Non-Travel,No,1,1,0
EMP003634,35,Male,Married,5,Technical Degree,IT,Manager,3,5,1,0,0,10249,0,16,3,3,2,3,4,3,5,Travel_Rarely,Yes,0,4,0
EMP003635,21,Male,Single,4,Marketing,R&D,Research Director,1,0,0,0,0,2768,1,10,13,4,1,1,3,3,4,Travel_Rarely,No,2,4,0
EMP003636,33,Male,Married,4,Medical,HR,Manager,3,7,2,2,2,9841,0,10,15,3,2,2,2,3,2,Travel_Rarely,No,2,3,0
EMP003637,25,Female,Single,5,Medical,R&D,Research Scientist,1,4,1,1,1,4064,0,14,10,3,1,4,4,2,5,Travel_Rarely,No,1,1,0
EMP003638,27,Female,Single,4,Marketing,R&D,Manager,1,9,0,0,0,5757,0,13,5,1,4,2,3,4,2,Travel_Frequently,No,1,2,0
EMP003639,30,Female,Married,1,Other,Sales,Sales Representative,2,3,3,0,3,5247,0,17,13,1,2,3,4,3,4,Non-Travel,No,2,4,0
EMP003640,25,Male,Single,3,Marketing,Marketing,Marketing Manager,3,3,2,1,0,10006,0,9,4,4,3,3,1,3,1,Travel_Rarely,No,1,3,0
EMP003641,39,Male,Single,1,Life Sciences,Sales,Sales Executive,4,1,1,1,1,11897,2,10,1,4,3,4,1,3,2,Travel_Rarely,Yes,5,2,0
EMP003642,25,Female,Married,2,Life Sciences,Sales,Sales Representative,2,1,1,1,1,6129,0,13,3,2,2,2,3,3,3,Travel_Frequently,No,1,4,0
EMP003643,28,Female,Married,2,Life Sciences,R&D,Laboratory Technician,1,6,0,0,0,4041,1,5,14,3,3,2,3,3,4,Travel_Rarely,No,5,3,0
EMP003644,21,Male,Single,3,Technical Degree,HR,Manager,1,2,1,1,0,3685,0,16,8,2,3,3,3,4,3,Non-Travel,No,1,2,0
EMP003645,32,Female,Married,1,Life Sciences,IT,Manager,3,6,0,0,0,12267,1,5,7,2,4,3,3,3,1,Travel_Rarely,No,0,2,0
EMP003646,20,Female,Married,3,Medical,Sales,Sales Executive,1,2,2,2,0,2818,1,15,9,4,3,3,2,2,2,Non-Travel,No,0,4,0
EMP003647,27,Male,Single,5,Technical Degree,Sales,Sales Executive,2,9,1,1,1,7529,0,12,15,4,2,3,3,2,1,Non-Travel,Yes,1,3,0
EMP003648,25,Male,Married,4,Medical,IT,Software Engineer,2,2,2,0,0,6333,1,18,5,3,4,1,4,2,2,Travel_Rarely,No,0,3,0
EMP003649,25,Female,Married,5,Technical Degree,IT,Data Scientist,3,0,0,0,0,7472,0,16,11,4,3,2,4,3,2,Travel_Rarely,No,2,3,0
EMP003650,30,Female,Married,3,Marketing,IT,Manager,2,0,0,0,0,6169,0,22,5,2,2,4,2,2,1,Travel_Frequently,Yes,2,3,1
EMP003651,35,Male,Married,3,Medical,IT,Data Scientist,3,1,1,1,1,6786,2,8,5,4,4,4,3,3,4,Travel_Rarely,No,1,2,0
EMP003652,18,Female,Single,3,Other,IT,Manager,1,1,1,1,0,3579,1,16,6,3,2,3,3,4,2,Travel_Rarely,No,1,3,0
EMP003653,29,Female,Single,3,Technical Degree,R&D,Research Director,2,6,3,0,0,6479,1,22,3,2,1,3,1,3,1,Travel_Rarely,No,5,1,0
EMP003654,33,Female,Single,4,Medical,HR,Human Resources,2,4,1,0,1,6476,0,5,14,3,4,2,4,3,1,Travel_Frequently,Yes,0,2,0
EMP003655,22,Male,Single,1,Technical Degree,IT,Data Scientist,1,1,0,0,0,3143,0,18,14,4,3,2,1,3,2,Travel_Frequently,Yes,2,4,1
EMP003656,28,Female,Single,3,Technical Degree,Sales,Sales Executive,2,6,0,0,0,6943,1,10,11,2,2,4,1,3,4,Non-Travel,No,0,2,0
EMP003657,24,Male,Single,4,Technical Degree,R&D,Research Director,1,6,3,1,0,4684,0,13,4,3,4,1,4,3,3,Travel_Frequently,Yes,2,3,0
EMP003658,36,Female,Single,4,Marketing,IT,Manager,4,1,1,1,0,8846,2,17,6,1,2,3,3,3,2,Travel_Rarely,Yes,2,2,0
EMP003659,24,Female,Single,4,Medical,R&D,Research Scientist,1,6,1,1,1,4012,0,6,7,2,4,1,2,3,3,Travel_Rarely,No,0,3,0
EMP003660,30,Male,Married,3,Medical,IT,Software Engineer,3,0,0,0,0,8084,0,16,10,2,1,2,3,2,3,Travel_Frequently,No,5,3,0
EMP003661,28,Male,Single,3,Technical Degree,R&D,Research Director,3,0,0,0,0,7706,0,12,4,3,3,2,4,3,2,Non-Travel,No,0,1,0
EMP003662,30,Female,Married,2,Life Sciences,Sales,Sales Representative,2,0,0,0,0,5400,0,16,5,1,1,2,2,4,3,Travel_Rarely,No,4,2,0
EMP003663,31,Female,Divorced,5,Technical Degree,Sales,Sales Executive,2,8,0,0,0,5186,1,13,7,4,1,1,2,4,3,Travel_Rarely,No,0,3,1
EMP003664,28,Male,Married,5,Medical,Operations,Operations Specialist,1,1,1,0,0,3070,0,23,14,4,4,4,4,3,1,Travel_Rarely,No,2,2,0
EMP003665,30,Male,Divorced,2,Marketing,Operations,Operations Specialist,1,4,1,1,1,3903,0,9,16,3,4,2,4,2,1,Travel_Frequently,No,0,3,0
EMP003666,34,Male,Single,2,Medical,Sales,Manager,1,0,0,0,0,3094,1,15,6,3,4,3,3,3,1,Travel_Frequently,Yes,3,4,0
EMP003667,31,Male,Married,4,Marketing,Sales,Sales Executive,2,2,2,0,1,4590,0,6,5,2,3,4,2,2,4,Non-Travel,No,0,2,0
EMP003668,35,Female,Married,3,Technical Degree,Sales,Sales Executive,3,0,0,0,0,10453,1,19,11,4,3,3,3,3,2,Travel_Frequently,No,1,2,0
EMP003669,21,Female,Single,5,Marketing,Sales,Manager,1,3,3,0,3,3194,0,12,24,4,3,3,3,3,1,Travel_Rarely,No,2,3,0
EMP003670,31,Female,Divorced,4,Life Sciences,R&D,Research Scientist,2,3,1,0,1,5752,0,16,11,1,3,3,4,3,1,Travel_Frequently,Yes,0,2,0
EMP003671,23,Male,Married,3,Life Sciences,Sales,Sales Executive,1,5,3,2,0,3780,0,16,3,3,4,4,3,3,2,Travel_Rarely,No,2,4,0
EMP003672,34,Female,Single,1,Technical Degree,IT,Data Scientist,1,3,0,0,0,4013,0,12,8,1,3,3,3,4,6,Non-Travel,No,1,4,0
EMP003673,22,Male,Married,4,Other,IT,Software Engineer,1,1,0,0,0,3848,0,13,11,2,3,2,2,2,4,Travel_Frequently,No,0,3,0
EMP003674,37,Female,Single,3,Life Sciences,Sales,Sales Representative,3,2,0,0,0,8832,0,11,3,4,2,2,3,3,5,Travel_Frequently,No,8,2,0
EMP003675,29,Male,Married,4,Medical,IT,Software Engineer,1,1,1,0,0,3444,0,18,19,3,3,3,3,2,5,Travel_Rarely,No,1,2,0
EMP003676,37,Male,Single,3,Life Sciences,R&D,Research Scientist,3,10,7,0,3,9406,2,13,1,3,3,2,3,3,3,Travel_Frequently,No,1,3,0
EMP003677,40,Female,Married,2,Other,Sales,Manager,3,1,1,1,1,7396,0,16,8,2,4,4,4,4,1,Travel_Rarely,No,2,4,0
EMP003678,27,Male,Married,4,Life Sciences,IT,Manager,2,1,1,0,0,3463,1,22,13,3,3,4,4,4,0,Travel_Rarely,No,0,4,0
EMP003679,27,Female,Single,3,Life Sciences,Sales,Sales Executive,1,4,1,0,1,3437,1,16,15,1,3,2,1,2,0,Travel_Rarely,No,1,4,0
EMP003680,30,Female,Single,3,Life Sciences,Sales,Sales Representative,3,0,0,0,0,6956,0,13,9,4,3,3,4,3,1,Travel_Rarely,No,1,4,0
EMP003681,28,Female,Married,2,Technical Degree,Sales,Manager,2,1,1,0,1,5492,0,12,9,3,4,4,2,4,0,Travel_Rarely,No,1,2,0
EMP003682,28,Female,Single,4,Other,Operations,Operations Manager,2,2,0,0,0,4453,0,8,8,4,3,1,3,3,3,Travel_Rarely,No,1,3,0
EMP003683,34,Male,Married,4,Medical,IT,Manager,1,1,1,1,0,2878,1,18,17,3,4,3,3,3,2,Travel_Frequently,No,0,2,0
EMP003684,35,Male,Single,3,Life Sciences,R&D,Manager,3,1,0,0,0,9445,0,11,19,2,4,3,1,3,0,Travel_Rarely,No,3,3,0
EMP003685,21,Female,Married,4,Marketing,IT,Software Engineer,1,3,0,0,0,3142,0,12,13,1,4,4,4,2,1,Travel_Rarely,No,2,3,0
EMP003686,36,Female,Married,2,Life Sciences,Sales,Sales Representative,3,1,1,1,0,6863,1,18,9,3,3,4,3,4,5,Travel_Frequently,Yes,0,2,1
EMP003687,19,Male,Single,3,Life Sciences,Operations,Operations Specialist,2,1,1,0,0,6533,0,12,7,4,3,3,4,3,5,Travel_Rarely,Yes,1,1,0
EMP003688,24,Female,Single,4,Other,IT,Software Engineer,1,3,3,0,3,4462,0,18,6,4,4,2,2,3,2,Travel_Frequently,No,3,3,0
EMP003689,30,Male,Married,4,Other,HR,Human Resources,1,7,3,3,1,4338,0,5,8,4,2,1,2,2,3,Travel_Rarely,No,3,3,0
EMP003690,22,Male,Single,3,Human Resources,IT,Data Scientist,1,4,2,0,2,4171,0,14,28,2,4,4,3,2,2,Non-Travel,No,0,4,0
EMP003691,29,Male,Married,2,Medical,HR,Manager,1,1,1,0,0,3481,0,14,4,3,2,2,2,4,1,Travel_Rarely,Yes,0,4,0
EMP003692,35,Male,Married,1,Life Sciences,Marketing,Marketing Specialist,2,14,0,0,0,8290,1,13,2,1,1,4,3,3,5,Travel_Rarely,Yes,0,4,1
EMP003693,36,Male,Married,4,Technical Degree,IT,Data Scientist,3,8,4,0,4,9081,1,13,7,4,2,3,3,3,7,Travel_Rarely,Yes,0,2,0
EMP003694,28,Male,Single,2,Life Sciences,Sales,Sales Executive,1,3,3,3,1,3714,0,11,18,2,3,2,3,4,3,Non-Travel,No,1,4,0
EMP003695,29,Male,Married,2,Life Sciences,Sales,Sales Representative,1,4,2,2,0,3906,0,12,6,4,1,3,2,2,3,Travel_Rarely,No,0,4,0
EMP003696,40,Male,Single,3,Life Sciences,Sales,Sales Representative,3,8,1,0,1,10176,1,9,4,2,3,3,4,2,3,Travel_Frequently,No,1,4,0
EMP003697,23,Male,Single,3,Human Resources,Sales,Manager,1,3,0,0,0,3659,1,11,5,2,3,3,4,3,2,Travel_Rarely,Yes,1,3,0
EMP003698,29,Female,Single,4,Technical Degree,R&D,Research Director,1,3,3,1,3,3740,1,11,6,2,3,1,4,3,1,Travel_Rarely,Yes,0,1,0
EMP003699,24,Male,Single,3,Life Sciences,Sales,Manager,2,4,1,1,0,5418,0,5,18,4,2,3,1,2,4,Travel_Frequently,No,1,3,0
EMP003700,31,Male,Married,3,Life Sciences,R&D,Laboratory Technician,2,0,0,0,0,4519,1,14,5,4,3,4,3,3,2,Travel_Rarely,No,1,3,0
EMP003701,45,Male,Divorced,2,Technical Degree,IT,Manager,4,4,1,1,1,14434,1,10,4,1,2,3,4,3,1,Travel_Rarely,No,0,3,0
EMP003702,25,Male,Single,3,Technical Degree,IT,Software Engineer,3,1,1,1,1,8099,0,16,9,1,3,3,1,3,1,Travel_Rarely,No,0,1,0
EMP003703,32,Male,Married,2,Technical Degree,Sales,Manager,3,0,0,0,0,7285,1,16,3,1,4,4,2,3,2,Travel_Frequently,No,0,4,0
EMP003704,30,Male,Single,3,Life Sciences,Sales,Manager,1,8,4,3,1,5666,0,18,21,1,2,3,3,4,0,Travel_Rarely,No,1,2,0
EMP003705,24,Female,Single,3,Medical,Sales,Sales Representative,1,2,0,0,0,4387,1,18,10,1,1,3,2,2,1,Travel_Rarely,No,0,1,0
EMP003706,41,Female,Married,4,Marketing,Marketing,Marketing Manager,3,3,0,0,0,7156,1,7,9,2,2,2,4,4,2,Travel_Rarely,No,1,3,0
EMP003707,31,Female,Married,4,Other,R&D,Manager,2,1,0,0,0,5017,1,19,11,2,4,4,3,2,1,Travel_Rarely,No,2,2,0
EMP003708,25,Male,Single,3,Life Sciences,Operations,Operations Manager,1,0,0,0,0,3657,0,7,7,3,4,3,3,3,2,Travel_Rarely,Yes,3,4,0
EMP003709,28,Male,Married,2,Marketing,Marketing,Marketing Manager,2,2,1,0,1,4764,1,12,17,4,1,3,1,3,4,Travel_Rarely,Yes,0,2,0
EMP003710,22,Male,Single,3,Life Sciences,Marketing,Marketing Manager,1,4,1,1,1,3435,0,12,0,3,3,3,1,3,1,Travel_Frequently,No,1,3,0
EMP003711,33,Female,Single,3,Medical,Sales,Sales Executive,2,7,1,0,1,6522,0,14,12,1,4,3,3,2,1,Travel_Rarely,No,2,4,0
EMP003712,33,Male,Married,5,Life Sciences,R&D,Research Scientist,2,12,0,0,0,7899,1,10,5,1,1,2,4,3,6,Travel_Frequently,No,0,2,0
EMP003713,30,Male,Single,5,Technical Degree,Operations,Operations Manager,2,9,3,1,1,6050,0,13,10,1,1,2,1,2,2,Travel_Rarely,No,1,4,1
EMP003714,28,Male,Single,4,Life Sciences,Sales,Sales Representative,1,10,0,0,0,5386,0,11,27,3,4,3,1,2,1,Non-Travel,No,2,2,1
EMP003715,33,Female,Single,3,Medical,HR,Human Resources,2,4,4,0,2,6970,0,18,12,2,3,3,3,3,2,Travel_Rarely,No,0,3,0
EMP003716,39,Female,Married,4,Medical,R&D,Research Scientist,2,0,0,0,0,4377,0,15,5,4,3,3,3,1,1,Travel_Rarely,Yes,2,3,0
EMP003717,36,Female,Married,3,Other,R&D,Laboratory Technician,4,9,3,1,0,12886,1,17,4,2,2,3,2,4,3,Travel_Frequently,No,7,3,0
EMP003718,20,Male,Single,4,Technical Degree,Marketing,Marketing Manager,2,2,0,0,0,5901,0,8,17,3,3,3,1,4,3,Travel_Frequently,No,0,4,0
EMP003719,22,Male,Single,3,Life Sciences,HR,Human Resources,1,3,0,0,0,3334,1,17,5,2,3,2,2,4,1,Travel_Rarely,No,0,2,1
EMP003720,28,Female,Single,3,Life Sciences,IT,Data Scientist,1,0,0,0,0,2013,0,12,9,3,4,4,2,3,0,Travel_Rarely,No,0,2,1
EMP003721,32,Male,Married,2,Marketing,IT,Manager,2,0,0,0,0,4873,1,17,9,1,2,2,1,3,4,Travel_Rarely,No,0,3,0
EMP003722,31,Male,Married,3,Medical,R&D,Laboratory Technician,3,4,1,0,0,8443,1,12,18,1,3,3,3,2,2,Non-Travel,Yes,1,2,0
EMP003723,29,Female,Single,4,Life Sciences,IT,Manager,3,5,0,0,0,7791,0,13,4,1,3,4,4,4,4,Travel_Rarely,No,0,3,0
EMP003724,25,Female,Divorced,4,Technical Degree,Operations,Operations Specialist,2,0,0,0,0,5713,0,22,13,2,1,3,3,4,0,Non-Travel,No,2,4,1
EMP003725,28,Female,Single,4,Life Sciences,Operations,Operations Specialist,2,10,1,0,1,6848,1,10,6,1,4,3,3,4,3,Travel_Rarely,No,0,3,0
EMP003726,28,Female,Married,5,Human Resources,IT,Software Engineer,2,3,0,0,0,6422,0,16,5,3,3,3,2,3,1,Travel_Rarely,No,2,3,0
EMP003727,25,Male,Married,2,Life Sciences,R&D,Research Scientist,2,4,1,1,0,4245,0,13,5,2,1,2,3,3,5,Travel_Rarely,No,3,3,0
EMP003728,19,Female,Single,3,Life Sciences,Sales,Manager,1,1,1,0,0,2135,1,20,3,1,2,3,2,2,2,Non-Travel,Yes,1,4,1
EMP003729,22,Female,Married,3,Medical,Sales,Sales Representative,2,1,1,1,0,5774,0,20,5,1,2,3,2,3,3,Non-Travel,No,0,3,0
EMP003730,32,Female,Married,4,Marketing,Sales,Sales Executive,1,11,0,0,0,4509,1,17,14,4,1,2,1,3,5,Travel_Frequently,Yes,4,3,1
EMP003731,26,Female,Married,3,Life Sciences,R&D,Laboratory Technician,3,0,0,0,0,6537,0,16,9,1,2,2,1,2,3,Travel_Rarely,No,1,3,1
EMP003732,26,Female,Divorced,2,Technical Degree,Sales,Manager,2,6,0,0,0,5394,0,6,29,4,4,4,3,4,1,Travel_Rarely,Yes,1,3,0
EMP003733,40,Female,Married,3,Medical,Sales,Manager,3,2,2,0,0,10589,0,11,4,2,1,1,3,2,4,Travel_Frequently,No,2,4,0
EMP003734,31,Male,Single,5,Life Sciences,Sales,Manager,2,1,0,0,0,5715,0,9,4,1,4,1,3,4,2,Travel_Rarely,No,2,4,0
EMP003735,22,Female,Single,5,Other,R&D,Laboratory Technician,1,2,0,0,0,2570,0,7,2,4,2,2,3,2,3,Travel_Frequently,No,1,4,1
EMP003736,21,Female,Single,3,Other,Sales,Sales Representative,2,1,1,1,1,4925,0,13,6,2,4,3,3,1,0,Travel_Rarely,No,2,1,0
EMP003737,32,Male,Single,5,Marketing,IT,Manager,1,10,4,1,4,4955,0,14,9,3,2,2,2,2,4,Travel_Frequently,Yes,0,3,1
EMP003738,23,Male,Single,1,Technical Degree,R&D,Research Scientist,1,5,0,0,0,3409,1,7,11,3,4,3,4,4,2,Travel_Rarely,Yes,0,3,0
EMP003739,20,Female,Married,3,Life Sciences,IT,Manager,1,2,1,0,0,3239,0,7,2,3,4,2,3,3,3,Travel_Rarely,Yes,0,4,0
EMP003740,28,Male,Single,4,Life Sciences,Marketing,Marketing Manager,3,9,1,0,0,8671,2,5,23,2,4,1,3,4,8,Travel_Rarely,Yes,0,1,0
EMP003741,26,Female,Married,3,Medical,Sales,Sales Executive,2,8,0,0,0,7736,0,18,5,2,1,3,3,3,1,Travel_Rarely,No,4,3,0
EMP003742,36,Male,Married,2,Human Resources,Operations,Operations Specialist,2,4,4,0,4,5673,1,11,12,2,3,3,2,4,3,Non-Travel,No,1,4,0
EMP003743,31,Female,Single,5,Marketing,HR,Manager,3,11,2,1,1,8252,1,16,4,4,4,3,3,4,3,Travel_Rarely,No,0,4,0
EMP003744,29,Male,Married,4,Life Sciences,Sales,Sales Executive,3,0,0,0,0,8188,2,16,16,4,3,2,2,3,2,Non-Travel,Yes,1,4,0
EMP003745,21,Male,Married,5,Medical,R&D,Laboratory Technician,1,1,0,0,0,3392,0,12,25,4,3,3,2,4,0,Non-Travel,Yes,1,2,1
EMP003746,39,Male,Married,2,Life Sciences,Marketing,Marketing Manager,4,1,0,0,0,10850,1,15,3,4,4,4,1,2,3,Travel_Rarely,No,2,2,0
EMP003747,35,Female,Married,3,Life Sciences,HR,Human Resources,3,0,0,0,0,8619,0,17,1,1,2,2,2,4,1,Travel_Frequently,Yes,4,3,1
EMP003748,45,Male,Married,3,Medical,R&D,Research Director,5,0,0,0,0,18123,1,12,1,3,4,2,3,3,2,Travel_Rarely,Yes,3,3,0
EMP003749,35,Male,Married,5,Medical,Operations,Operations Manager,3,2,0,0,0,7721,0,14,13,3,2,4,4,3,2,Travel_Rarely,No,0,3,0
EMP003750,28,Female,Single,3,Life Sciences,IT,Software Engineer,1,6,6,0,4,4067,1,10,16,3,3,3,4,1,3,Travel_Rarely,No,3,2,0
EMP003751,25,Male,Single,3,Life Sciences,IT,Manager,2,5,1,0,1,5918,1,15,6,3,3,2,3,3,3,Travel_Rarely,No,2,4,0
EMP003752,33,Female,Married,2,Marketing,Marketing,Marketing Specialist,3,5,5,1,5,5352,2,11,10,1,2,2,3,2,2,Travel_Frequently,Yes,2,2,0
EMP003753,35,Female,Married,4,Technical Degree,IT,Data Scientist,2,10,1,1,1,6872,0,18,9,3,2,4,4,2,1,Travel_Rarely,No,0,3,0
EMP003754,20,Female,Single,3,Medical,R&D,Research Scientist,1,2,0,0,0,3819,0,19,13,4,2,3,3,3,3,Travel_Frequently,No,1,3,0
EMP003755,28,Male,Married,2,Technical Degree,HR,Manager,3,5,0,0,0,8569,1,16,5,3,1,1,3,3,5,Travel_Frequently,No,2,4,1
EMP003756,20,Female,Married,3,Life Sciences,IT,Manager,1,0,0,0,0,3446,0,21,9,1,2,3,4,2,3,Travel_Rarely,No,2,3,0
EMP003757,28,Male,Married,3,Life Sciences,Sales,Sales Representative,2,5,1,1,0,5013,0,15,24,3,4,3,2,4,5,Non-Travel,No,0,2,0
EMP003758,36,Female,Married,2,Technical Degree,Sales,Sales Executive,3,4,0,0,0,6856,0,7,10,3,3,3,4,3,2,Travel_Rarely,No,4,3,0
EMP003759,35,Female,Divorced,2,Medical,Sales,Sales Representative,3,0,0,0,0,6229,1,12,5,3,3,2,4,3,2,Travel_Frequently,No,3,2,0
EMP003760,19,Male,Single,5,Medical,Sales,Sales Representative,2,1,0,0,0,5338,1,21,8,2,1,2,1,3,1,Travel_Frequently,Yes,0,3,1
EMP003761,30,Male,Single,2,Other,Sales,Manager,2,1,0,0,0,5504,0,12,5,3,3,3,4,3,3,Travel_Rarely,Yes,1,2,0
EMP003762,21,Male,Single,2,Medical,IT,Manager,1,3,1,1,1,3018,0,11,4,2,3,3,2,2,6,Travel_Frequently,No,2,2,0
EMP003763,23,Male,Single,3,Life Sciences,IT,Manager,1,2,0,0,0,3468,0,5,2,3,3,2,4,3,4,Non-Travel,No,0,4,1
EMP003764,30,Female,Married,5,Other,Sales,Manager,2,3,3,1,1,5378,1,10,16,3,2,2,1,3,1,Non-Travel,Yes,1,3,1
EMP003765,27,Female,Married,2,Life Sciences,IT,Manager,2,7,1,1,1,6138,0,17,17,4,1,4,4,4,1,Non-Travel,No,1,3,0
EMP003766,22,Male,Single,4,Technical Degree,HR,Human Resources,2,4,0,0,0,5393,0,15,6,3,3,2,2,3,1,Travel_Frequently,No,2,2,0
EMP003767,29,Female,Single,5,Medical,R&D,Research Director,1,3,1,1,1,3669,0,12,9,2,4,3,4,4,3,Travel_Rarely,No,0,4,0
EMP003768,30,Female,Married,3,Medical,Sales,Manager,2,4,2,1,1,4129,1,6,9,3,2,3,1,3,3,Non-Travel,No,2,1,0
EMP003769,22,Female,Single,3,Marketing,R&D,Manager,2,0,0,0,0,3510,1,17,0,3,3,2,4,3,2,Travel_Rarely,No,0,4,0
EMP003770,30,Male,Married,4,Medical,IT,Data Scientist,1,3,1,1,0,3502,0,16,7,1,2,4,2,4,1,Travel_Rarely,No,0,2,0
EMP003771,29,Female,Married,4,Technical Degree,R&D,Research Director,3,5,0,0,0,9836,0,12,17,3,4,3,4,3,1,Non-Travel,No,2,1,0
EMP003772,35,Female,Single,4,Other,R&D,Manager,3,1,0,0,0,8492,0,15,18,3,3,3,3,2,1,Travel_Rarely,No,0,3,0
EMP003773,37,Female,Single,4,Life Sciences,Sales,Sales Representative,3,0,0,0,0,9008,1,13,8,4,1,4,4,3,3,Non-Travel,Yes,1,3,0
EMP003774,28,Male,Married,3,Technical Degree,Marketing,Marketing Manager,2,9,1,1,1,7229,0,11,12,2,3,1,3,1,2,Travel_Rarely,Yes,0,4,1
EMP003775,33,Male,Married,4,Life Sciences,IT,Manager,1,0,0,0,0,2000,1,11,16,3,3,4,4,3,4,Travel_Rarely,No,1,3,0
EMP003776,28,Female,Married,2,Life Sciences,R&D,Manager,2,10,0,0,0,6268,1,17,26,1,2,4,3,3,0,Travel_Rarely,No,1,3,0
EMP003777,27,Female,Single,3,Human Resources,Operations,Operations Manager,3,1,0,0,0,10588,0,17,5,2,1,1,3,3,1,Travel_Rarely,Yes,4,3,0
EMP003778,34,Female,Married,4,Medical,R&D,Manager,3,2,0,0,0,7823,2,12,10,4,4,4,4,3,1,Non-Travel,Yes,0,3,0
EMP003779,35,Male,Single,2,Life Sciences,IT,Manager,4,3,2,2,0,15096,1,10,21,4,3,2,2,2,4,Travel_Rarely,No,1,4,1
EMP003780,29,Female,Married,2,Marketing,R&D,Manager,2,1,1,0,0,3427,1,19,8,1,2,2,3,2,1,Travel_Rarely,No,0,1,0
EMP003781,36,Male,Divorced,2,Life Sciences,R&D,Research Scientist,2,5,0,0,0,5112,0,15,11,3,2,3,3,3,1,Non-Travel,No,4,3,0
EMP003782,29,Male,Married,3,Medical,IT,Data Scientist,2,3,0,0,0,5462,0,15,13,1,3,4,2,3,2,Non-Travel,No,3,4,0
EMP003783,23,Female,Single,5,Marketing,IT,Manager,1,5,0,0,0,4294,0,15,8,3,2,2,4,3,2,Travel_Rarely,Yes,0,3,0
EMP003784,29,Male,Divorced,3,Other,R&D,Laboratory Technician,1,11,1,1,1,4554,0,14,4,3,3,4,2,2,5,Travel_Rarely,No,6,4,0
EMP003785,26,Male,Single,4,Life Sciences,Sales,Sales Executive,3,7,2,2,2,9343,0,10,5,3,2,2,2,3,2,Travel_Rarely,Yes,3,4,1
EMP003786,31,Female,Married,2,Life Sciences,R&D,Manager,2,1,1,1,1,5141,0,8,4,3,3,3,3,3,5,Travel_Rarely,No,3,2,1
EMP003787,26,Female,Married,2,Life Sciences,IT,Data Scientist,2,1,0,0,0,5774,1,11,1,3,1,3,4,3,2,Travel_Rarely,No,0,4,0
EMP003788,31,Male,Single,3,Life Sciences,Sales,Manager,1,1,1,0,1,3137,0,9,11,3,3,3,3,2,4,Travel_Frequently,Yes,4,3,1
EMP003789,28,Female,Single,3,Other,IT,Data Scientist,1,8,1,1,1,4114,1,13,11,3,1,4,2,3,4,Travel_Rarely,No,1,3,0
EMP003790,32,Male,Single,3,Other,Marketing,Marketing Specialist,3,5,1,0,1,9004,1,15,4,3,2,4,3,3,6,Travel_Frequently,No,0,2,0
EMP003791,27,Male,Married,5,Technical Degree,Sales,Sales Representative,3,0,0,0,0,9755,1,15,19,2,2,3,4,3,1,Travel_Frequently,Yes,0,4,0
EMP003792,18,Male,Married,3,Marketing,Marketing,Marketing Manager,1,1,1,0,0,2819,0,11,14,3,4,2,4,2,5,Travel_Rarely,Yes,2,3,0
EMP003793,27,Male,Married,3,Technical Degree,Sales,Sales Executive,3,9,0,0,0,9734,1,10,7,2,4,4,3,3,0,Travel_Rarely,No,6,3,0
EMP003794,25,Female,Single,1,Life Sciences,IT,Manager,1,6,2,0,1,3769,0,13,11,3,3,3,3,3,1,Non-Travel,No,1,4,0
EMP003795,45,Male,Married,1,Life Sciences,IT,Software Engineer,5,13,0,0,0,24280,2,8,11,2,4,3,2,3,1,Travel_Rarely,No,7,3,0
EMP003796,38,Female,Married,2,Medical,R&D,Manager,3,8,0,0,0,8783,0,12,17,2,2,3,1,3,0,Non-Travel,No,3,3,0
EMP003797,27,Female,Married,4,Technical Degree,Sales,Sales Representative,3,6,0,0,0,10421,1,13,7,2,2,2,2,3,8,Travel_Rarely,No,0,1,0
EMP003798,31,Female,Married,3,Medical,Marketing,Marketing Manager,2,8,1,1,1,6972,0,13,3,4,4,4,1,3,2,Travel_Rarely,No,2,3,0
EMP003799,23,Male,Single,2,Marketing,Sales,Manager,1,5,5,1,1,3104,0,7,23,3,3,3,2,4,1,Travel_Frequently,Yes,2,3,0
EMP003800,25,Female,Married,4,Life Sciences,HR,Manager,1,4,0,0,0,4063,0,17,1,3,2,2,3,1,2,Travel_Rarely,No,1,4,0
EMP003801,27,Female,Married,3,Marketing,R&D,Research Scientist,2,6,6,0,0,5703,0,13,21,3,2,2,4,3,2,Travel_Rarely,Yes,3,3,0
EMP003802,45,Male,Married,2,Other,R&D,Manager,4,1,1,0,1,12073,3,14,8,1,1,3,4,3,4,Travel_Rarely,No,0,4,0
EMP003803,22,Male,Married,4,Medical,R&D,Research Director,1,3,3,0,1,3150,0,11,12,3,3,4,4,3,2,Non-Travel,No,2,4,0
EMP003804,34,Male,Single,4,Marketing,R&D,Research Director,2,15,0,0,0,10129,0,19,14,4,3,2,4,3,6,Travel_Rarely,Yes,3,3,0
EMP003805,33,Female,Married,3,Medical,Sales,Sales Representative,3,8,0,0,0,10052,0,9,10,2,3,2,2,3,1,Non-Travel,Yes,0,1,0
EMP003806,24,Female,Single,4,Technical Degree,IT,Data Scientist,1,6,1,0,0,4634,0,9,1,3,1,2,1,2,0,Travel_Rarely,No,0,2,0
EMP003807,37,Male,Married,2,Medical,Sales,Sales Representative,3,17,9,0,7,10948,1,12,2,1,3,3,3,2,3,Travel_Frequently,No,1,2,0
EMP003808,33,Female,Single,4,Medical,Sales,Manager,3,4,2,0,2,8626,1,6,7,2,2,4,2,1,4,Travel_Rarely,No,1,4,0
EMP003809,33,Male,Single,5,Medical,R&D,Research Scientist,2,1,1,0,0,3756,0,20,3,2,2,2,3,3,3,Travel_Rarely,No,0,4,1
EMP003810,31,Female,Married,3,Life Sciences,R&D,Research Scientist,1,6,1,1,1,4341,0,7,9,2,3,4,3,4,3,Non-Travel,Yes,0,3,0
EMP003811,32,Male,Single,3,Other,R&D,Research Director,2,0,0,0,0,4007,0,17,1,2,4,2,3,3,2,Non-Travel,No,0,2,0
EMP003812,25,Female,Married,3,Human Resources,HR,Human Resources,2,0,0,0,0,4535,0,15,2,2,2,2,4,3,2,Travel_Rarely,No,0,2,0
EMP003813,34,Male,Divorced,3,Medical,R&D,Research Scientist,2,1,1,1,1,4655,0,14,15,2,1,1,3,3,3,Travel_Rarely,No,0,3,0
EMP003814,36,Male,Married,1,Life Sciences,R&D,Manager,3,0,0,0,0,5969,2,16,20,4,4,3,2,4,1,Travel_Rarely,No,2,1,0
EMP003815,25,Female,Single,4,Technical Degree,IT,Software Engineer,2,5,2,2,0,5642,0,9,31,2,3,3,4,3,2,Travel_Frequently,No,4,4,1
EMP003816,34,Male,Single,1,Medical,Operations,Operations Manager,1,8,2,0,2,4964,0,14,18,3,2,4,2,4,2,Travel_Rarely,No,0,3,0
EMP003817,26,Male,Married,3,Life Sciences,R&D,Research Scientist,3,7,0,0,0,7723,1,8,5,3,3,1,4,4,2,Non-Travel,No,2,2,0
EMP003818,29,Female,Single,4,Life Sciences,IT,Software Engineer,2,0,0,0,0,5310,1,12,12,2,1,1,3,3,4,Travel_Rarely,No,0,4,0
EMP003819,24,Male,Single,4,Other,Sales,Manager,1,6,6,1,1,4193,0,7,3,1,3,2,3,3,2,Travel_Frequently,No,0,3,1
EMP003820,23,Female,Single,2,Technical Degree,IT,Manager,2,5,0,0,0,5917,0,10,21,3,4,3,2,3,4,Non-Travel,No,0,1,0
EMP003821,26,Male,Married,4,Technical Degree,HR,Manager,3,0,0,0,0,5505,2,15,7,4,1,3,3,3,2,Non-Travel,No,2,3,0
EMP003822,29,Male,Married,5,Medical,HR,Manager,2,3,1,1,1,5075,0,14,6,2,4,2,4,4,2,Travel_Rarely,Yes,1,3,0
EMP003823,23,Male,Single,2,Technical Degree,Marketing,Marketing Manager,1,5,0,0,0,4779,1,10,3,1,3,2,3,4,0,Travel_Rarely,No,0,3,0
EMP003824,31,Female,Married,3,Marketing,Sales,Manager,1,2,0,0,0,3067,0,12,14,4,2,3,2,2,1,Travel_Rarely,No,0,3,0
EMP003825,23,Male,Single,4,Medical,R&D,Manager,1,5,0,0,0,4205,0,11,1,2,2,3,2,3,0,Travel_Rarely,No,0,2,0
EMP003826,30,Female,Single,4,Technical Degree,Sales,Sales Executive,1,3,0,0,0,3344,1,13,6,4,4,3,3,3,4,Non-Travel,No,2,4,0
EMP003827,32,Female,Single,3,Human Resources,IT,Manager,2,0,0,0,0,3986,1,12,3,2,3,2,2,4,2,Travel_Rarely,No,0,4,0
EMP003828,26,Male,Married,2,Other,IT,Software Engineer,2,3,2,0,2,5094,1,13,15,4,2,4,3,3,2,Travel_Rarely,No,0,4,0
EMP003829,36,Female,Married,4,Technical Degree,R&D,Research Scientist,3,4,4,1,1,10396,0,9,7,4,2,4,3,3,3,Travel_Frequently,No,1,4,0
EMP003830,29,Female,Married,5,Technical Degree,R&D,Research Director,2,11,3,0,1,8064,1,13,8,3,3,3,2,3,2,Non-Travel,No,8,3,0
EMP003831,29,Male,Married,4,Technical Degree,IT,Data Scientist,2,2,0,0,0,4350,0,10,2,4,4,4,4,1,0,Travel_Rarely,No,2,2,0
EMP003832,33,Male,Married,5,Other,Sales,Sales Representative,1,11,0,0,0,4904,0,15,6,4,1,3,3,4,3,Non-Travel,No,1,3,0
EMP003833,31,Male,Married,4,Medical,R&D,Research Director,2,1,1,0,0,4254,0,15,7,2,1,4,4,4,2,Travel_Rarely,No,0,2,1
EMP003834,29,Female,Married,5,Life Sciences,R&D,Research Scientist,2,3,0,0,0,5199,0,16,16,3,3,4,4,3,2,Non-Travel,No,5,3,0
EMP003835,21,Female,Single,4,Technical Degree,R&D,Research Scientist,1,3,3,2,0,3861,0,13,4,3,4,4,3,1,1,Travel_Frequently,Yes,1,3,1
EMP003836,30,Male,Single,5,Other,R&D,Manager,3,10,3,1,0,10240,1,11,26,3,4,4,4,4,6,Non-Travel,No,0,2,0
EMP003837,20,Male,Single,2,Medical,Sales,Sales Executive,1,2,2,1,0,3968,0,16,5,4,4,4,3,3,2,Non-Travel,No,0,3,0
EMP003838,24,Female,Married,4,Technical Degree,R&D,Research Director,1,0,0,0,0,4088,0,10,5,3,4,3,4,3,4,Non-Travel,No,0,4,0
EMP003839,22,Male,Single,2,Life Sciences,Marketing,Marketing Specialist,1,1,1,0,0,3310,0,14,6,2,1,4,3,4,4,Non-Travel,Yes,1,2,1
EMP003840,31,Female,Married,1,Other,Sales,Sales Representative,3,0,0,0,0,9087,1,14,2,2,4,4,4,3,5,Non-Travel,No,0,1,0
EMP003841,26,Male,Single,3,Technical Degree,IT,Manager,1,4,4,0,0,4718,0,13,11,1,1,4,2,3,4,Travel_Rarely,Yes,0,4,0
EMP003842,30,Female,Single,3,Marketing,HR,Manager,1,2,1,1,1,2963,1,8,14,1,3,4,1,3,3,Travel_Rarely,Yes,0,3,0
EMP003843,22,Female,Single,1,Technical Degree,Marketing,Marketing Specialist,1,4,4,0,1,4418,1,15,1,1,2,3,4,3,4,Travel_Frequently,Yes,0,1,1
EMP003844,24,Male,Single,5,Technical Degree,HR,Manager,1,6,4,4,2,3944,0,17,2,3,2,3,3,2,4,Travel_Rarely,No,8,2,0
EMP003845,22,Male,Single,4,Other,HR,Human Resources,1,4,0,0,0,4084,1,11,12,1,4,3,3,3,1,Travel_Rarely,No,1,3,1
EMP003846,41,Male,Divorced,5,Other,IT,Data Scientist,3,0,0,0,0,7039,1,13,13,2,2,2,4,1,1,Travel_Rarely,No,2,3,0
EMP003847,24,Male,Married,5,Life Sciences,R&D,Manager,1,6,4,2,0,4874,0,13,4,3,3,3,4,4,3,Travel_Frequently,Yes,2,2,0
EMP003848,24,Male,Single,3,Life Sciences,HR,Manager,1,0,0,0,0,3194,0,12,0,2,3,2,1,4,2,Non-Travel,No,4,3,1
EMP003849,37,Female,Married,3,Technical Degree,R&D,Manager,2,2,0,0,0,5323,0,10,8,4,3,2,1,3,3,Travel_Rarely,No,2,3,0
EMP003850,30,Male,Married,2,Other,R&D,Manager,2,1,1,0,1,5180,0,13,5,1,1,2,3,3,2,Travel_Rarely,No,2,2,1
EMP003851,31,Male,Single,3,Medical,Sales,Sales Representative,2,0,0,0,0,7081,0,13,8,4,4,3,3,3,0,Travel_Rarely,Yes,0,4,0
EMP003852,24,Female,Single,4,Life Sciences,R&D,Research Scientist,1,0,0,0,0,2974,0,14,9,4,4,1,1,3,2,Travel_Rarely,No,2,4,0
EMP003853,31,Female,Married,3,Medical,R&D,Research Director,2,2,0,0,0,4161,0,14,8,3,3,2,1,4,0,Travel_Rarely,Yes,0,3,1
EMP003854,25,Male,Single,3,Medical,IT,Software Engineer,2,0,0,0,0,4618,0,14,19,1,4,3,2,3,1,Travel_Rarely,No,7,2,0
EMP003855,31,Female,Married,2,Technical Degree,Marketing,Marketing Manager,3,0,0,0,0,9222,2,14,0,1,2,2,3,4,2,Travel_Frequently,No,2,3,0
EMP003856,34,Female,Married,3,Life Sciences,Sales,Sales Executive,2,6,0,0,0,7599,0,8,1,2,3,2,3,2,0,Travel_Frequently,Yes,0,3,0
EMP003857,27,Female,Single,2,Life Sciences,Sales,Sales Representative,2,4,2,0,0,6323,1,15,2,2,4,2,4,4,3,Travel_Rarely,No,0,4,0
EMP003858,39,Male,Married,5,Other,Operations,Operations Specialist,3,0,0,0,0,6122,2,12,12,4,3,2,3,2,2,Travel_Frequently,No,1,4,0
EMP003859,32,Male,Single,1,Life Sciences,IT,Software Engineer,2,2,2,0,0,4863,0,14,23,4,4,1,1,4,2,Non-Travel,No,0,2,0
EMP003860,27,Female,Single,3,Technical Degree,Marketing,Marketing Manager,3,4,0,0,0,8281,0,13,13,4,4,4,2,3,1,Travel_Rarely,No,1,2,0
EMP003861,44,Female,Married,2,Medical,Sales,Manager,3,0,0,0,0,8347,0,7,16,4,3,1,4,3,4,Travel_Frequently,No,1,2,0
EMP003862,21,Female,Single,4,Technical Degree,IT,Manager,1,3,1,0,0,3611,0,7,5,4,1,3,4,4,3,Travel_Rarely,Yes,0,4,0
EMP003863,24,Male,Single,3,Life Sciences,IT,Software Engineer,1,6,1,0,0,4627,0,13,9,1,3,2,2,3,2,Travel_Rarely,No,1,4,0
EMP003864,32,Female,Single,2,Life Sciences,Sales,Manager,2,1,1,0,0,4653,0,14,5,1,2,3,1,4,2,Travel_Frequently,No,2,3,0
EMP003865,30,Female,Married,3,Medical,Sales,Sales Representative,3,3,1,1,1,8513,1,11,8,4,3,2,2,2,2,Non-Travel,No,3,3,0
EMP003866,19,Male,Single,5,Other,R&D,Manager,1,1,1,1,0,2905,1,13,6,3,2,4,4,4,1,Travel_Rarely,No,2,4,0
EMP003867,27,Male,Married,5,Marketing,Sales,Sales Representative,3,2,2,0,2,8734,1,8,26,2,4,3,2,3,3,Travel_Rarely,No,1,3,0
EMP003868,33,Female,Married,3,Life Sciences,Operations,Operations Specialist,2,7,5,0,0,5804,0,21,25,2,2,3,1,3,1,Travel_Rarely,No,0,2,0
EMP003869,28,Female,Single,4,Technical Degree,R&D,Manager,3,5,2,2,2,9467,1,14,22,3,3,4,3,3,2,Travel_Frequently,Yes,0,1,1
EMP003870,37,Male,Single,1,Life Sciences,IT,Data Scientist,3,9,0,0,0,10613,1,15,10,3,1,1,4,2,3,Travel_Rarely,No,2,4,0
EMP003871,25,Female,Married,2,Other,IT,Manager,3,0,0,0,0,8649,0,11,6,4,4,2,3,3,0,Travel_Frequently,No,0,3,0
EMP003872,40,Female,Married,3,Life Sciences,R&D,Manager,3,4,1,0,1,8254,1,11,9,3,3,3,4,3,3,Travel_Rarely,No,1,4,0
EMP003873,26,Female,Single,3,Medical,IT,Manager,1,8,2,0,1,5207,0,13,6,3,3,3,4,4,2,Travel_Rarely,No,2,2,0
EMP003874,34,Female,Married,4,Life Sciences,Sales,Sales Executive,2,7,6,0,0,6550,0,8,2,3,3,4,2,4,1,Non-Travel,Yes,1,3,0
EMP003875,25,Female,Single,5,Marketing,R&D,Research Director,2,2,2,0,2,6170,0,12,14,1,3,3,3,3,5,Travel_Frequently,No,4,2,0
EMP003876,45,Male,Single,1,Medical,Operations,Operations Manager,5,0,0,0,0,23517,1,17,19,3,3,2,4,3,1,Non-Travel,No,9,4,0
EMP003877,25,Male,Married,3,Medical,Sales,Manager,2,2,1,1,1,6662,1,12,1,2,3,2,1,3,3,Travel_Rarely,No,0,3,0
EMP003878,37,Female,Single,3,Life Sciences,R&D,Research Director,2,2,0,0,0,5132,1,12,7,3,2,2,4,3,4,Travel_Rarely,No,2,4,1
EMP003879,28,Male,Divorced,4,Other,IT,Software Engineer,2,4,1,0,1,6711,1,15,10,2,4,2,3,3,5,Travel_Rarely,No,0,4,0
EMP003880,43,Female,Married,5,Technical Degree,IT,Data Scientist,3,0,0,0,0,10855,1,13,15,3,3,2,3,4,5,Travel_Frequently,No,0,3,0
EMP003881,23,Female,Single,5,Marketing,HR,Human Resources,1,2,2,0,0,4308,0,15,14,2,3,2,1,4,3,Travel_Rarely,Yes,1,3,0
EMP003882,33,Male,Single,4,Marketing,Marketing,Marketing Manager,1,9,0,0,0,4267,1,10,7,4,3,2,1,2,5,Travel_Rarely,No,1,4,0
EMP003883,43,Female,Married,3,Technical Degree,Sales,Manager,2,5,1,1,1,5667,0,6,5,1,3,2,2,4,3,Travel_Rarely,No,7,1,1
EMP003884,29,Female,Single,4,Life Sciences,IT,Manager,2,2,0,0,0,6137,0,14,9,3,3,3,2,3,1,Travel_Rarely,Yes,2,2,0
EMP003885,30,Male,Married,3,Other,Marketing,Marketing Manager,1,1,1,1,1,3719,0,17,8,3,1,4,2,3,1,Travel_Rarely,No,0,3,0
EMP003886,27,Male,Single,5,Life Sciences,Sales,Manager,1,1,0,0,0,3485,0,10,6,2,3,3,2,3,1,Travel_Frequently,No,0,3,0
EMP003887,19,Female,Single,1,Technical Degree,HR,Manager,2,1,1,1,1,5404,0,11,13,1,4,3,1,3,1,Travel_Frequently,Yes,1,4,1
EMP003888,21,Male,Single,4,Marketing,R&D,Research Director,1,2,1,0,1,4112,1,7,15,2,4,2,1,3,2,Non-Travel,Yes,2,1,0
EMP003889,35,Female,Divorced,2,Marketing,Sales,Sales Executive,3,1,1,0,1,7883,1,11,1,1,2,2,3,2,4,Travel_Rarely,No,0,1,0
EMP003890,26,Male,Married,3,Other,R&D,Research Director,2,8,5,4,5,6958,0,14,2,2,3,3,3,3,3,Travel_Rarely,Yes,0,3,1
EMP003891,24,Male,Single,4,Life Sciences,HR,Human Resources,1,1,1,0,1,3282,0,16,7,4,4,2,3,3,3,Non-Travel,Yes,0,2,0
EMP003892,51,Male,Married,4,Technical Degree,Marketing,Marketing Manager,3,0,0,0,0,6795,0,13,14,3,3,2,4,3,3,Travel_Rarely,No,1,4,0
EMP003893,22,Female,Single,4,Marketing,HR,Manager,2,3,1,0,1,5999,0,6,12,1,3,3,1,3,1,Travel_Rarely,No,1,2,0
EMP003894,26,Male,Single,4,Life Sciences,Marketing,Marketing Manager,2,1,0,0,0,4630,1,13,29,4,3,3,3,2,5,Non-Travel,No,1,4,0
EMP003895,18,Male,Married,3,Medical,Sales,Sales Executive,1,0,0,0,0,3587,1,17,5,4,4,4,3,4,1,Travel_Frequently,No,1,2,0
EMP003896,22,Female,Single,5,Technical Degree,Sales,Sales Representative,1,3,0,0,0,3211,1,16,9,2,3,2,3,3,4,Travel_Frequently,Yes,1,2,0
EMP003897,33,Male,Single,4,Medical,Operations,Operations Manager,3,11,0,0,0,9055,0,5,14,1,4,3,3,3,3,Travel_Rarely,No,1,3,0
EMP003898,27,Male,Married,2,Medical,Marketing,Marketing Specialist,2,5,3,3,1,5860,0,6,14,3,2,2,2,2,3,Non-Travel,No,1,3,0
EMP003899,33,Male,Married,4,Medical,Sales,Sales Representative,2,0,0,0,0,5962,0,17,16,3,3,2,4,2,4,Travel_Rarely,No,1,2,1
EMP003900,38,Male,Married,5,Marketing,HR,Manager,3,2,2,2,0,8064,1,18,13,2,3,4,2,4,2,Non-Travel,No,2,2,0
EMP003901,26,Female,Single,4,Other,R&D,Research Director,1,1,1,0,1,3192,1,16,9,1,2,2,2,3,3,Travel_Frequently,Yes,0,2,0
EMP003902,21,Male,Married,3,Life Sciences,R&D,Research Director,1,3,3,1,1,3858,0,7,3,1,1,2,2,3,1,Travel_Frequently,No,1,4,0
EMP003903,29,Male,Married,4,Marketing,Marketing,Marketing Specialist,3,3,0,0,0,8186,0,8,6,3,3,3,1,1,2,Travel_Frequently,Yes,1,2,1
EMP003904,30,Female,Married,3,Medical,IT,Software Engineer,2,0,0,0,0,2994,0,15,1,3,4,1,2,3,2,Non-Travel,Yes,0,4,0
EMP003905,31,Female,Single,4,Life Sciences,Sales,Manager,1,3,0,0,0,3572,0,10,2,2,4,4,4,3,2,Non-Travel,No,1,2,0
EMP003906,46,Female,Married,3,Other,R&D,Laboratory Technician,4,13,2,0,2,14233,1,11,7,3,2,4,4,4,1,Travel_Rarely,No,4,3,0
EMP003907,45,Female,Married,5,Life Sciences,R&D,Laboratory Technician,5,2,2,1,0,17265,3,11,7,4,2,2,3,3,2,Travel_Rarely,No,2,2,0
EMP003908,29,Female,Married,4,Life Sciences,IT,Manager,2,10,3,3,2,6947,0,14,8,2,4,1,3,1,2,Travel_Rarely,No,0,2,0
EMP003909,26,Female,Single,3,Technical Degree,R&D,Manager,1,3,1,1,0,3565,1,9,7,4,2,3,3,3,3,Travel_Rarely,Yes,0,2,0
EMP003910,23,Female,Single,4,Life Sciences,Operations,Operations Specialist,1,5,5,0,3,3762,0,13,13,2,2,3,3,3,3,Travel_Rarely,Yes,2,3,0
EMP003911,37,Female,Single,3,Technical Degree,IT,Data Scientist,3,7,0,0,0,9164,1,8,2,4,3,3,3,4,3,Travel_Rarely,No,5,4,0
EMP003912,24,Female,Single,3,Technical Degree,Sales,Sales Representative,1,6,0,0,0,4454,0,10,12,3,3,3,3,3,2,Travel_Rarely,No,0,1,0
EMP003913,34,Male,Single,3,Life Sciences,IT,Software Engineer,3,5,0,0,0,10551,1,11,10,4,2,4,4,3,2,Travel_Rarely,No,3,4,0
EMP003914,31,Female,Single,1,Life Sciences,R&D,Research Scientist,2,13,0,0,0,7172,0,12,10,2,2,2,4,4,2,Travel_Rarely,No,0,2,0
EMP003915,25,Female,Divorced,5,Life Sciences,R&D,Research Scientist,3,7,0,0,0,10748,2,6,2,1,2,4,3,4,3,Travel_Rarely,No,1,3,0
EMP003916,30,Female,Single,3,Life Sciences,R&D,Research Director,2,1,0,0,0,5538,1,11,8,1,3,3,3,4,5,Travel_Rarely,Yes,1,3,0
EMP003917,28,Male,Married,4,Life Sciences,Operations,Operations Specialist,2,5,0,0,0,4953,1,10,7,2,1,3,2,4,6,Travel_Rarely,No,1,1,0
EMP003918,25,Male,Single,3,Other,R&D,Research Scientist,2,5,0,0,0,6384,0,16,5,2,2,4,2,4,7,Travel_Frequently,Yes,4,2,0
EMP003919,24,Male,Single,4,Technical Degree,IT,Data Scientist,1,1,0,0,0,3343,0,13,5,4,2,2,3,3,1,Travel_Rarely,Yes,3,3,0
EMP003920,33,Male,Single,4,Life Sciences,R&D,Research Scientist,2,1,0,0,0,5657,0,7,4,3,4,3,3,2,2,Non-Travel,No,1,1,0
EMP003921,26,Male,Married,3,Other,R&D,Manager,1,1,1,1,1,2921,0,16,7,2,4,1,4,1,3,Travel_Rarely,No,1,2,1
EMP003922,25,Male,Married,5,Life Sciences,IT,Data Scientist,2,2,0,0,0,4418,0,12,4,3,3,4,2,3,3,Travel_Rarely,No,1,2,0
EMP003923,25,Male,Divorced,3,Technical Degree,IT,Software Engineer,2,7,2,0,2,5041,0,9,0,1,3,1,2,4,3,Travel_Rarely,Yes,4,2,1
EMP003924,29,Male,Married,4,Life Sciences,Sales,Sales Representative,1,7,0,0,0,4525,0,12,4,2,2,3,4,3,1,Travel_Rarely,No,0,3,0
EMP003925,37,Female,Single,1,Life Sciences,R&D,Research Scientist,4,8,1,1,0,15197,1,17,10,3,4,4,1,2,1,Non-Travel,Yes,0,3,0
EMP003926,25,Female,Single,3,Technical Degree,R&D,Research Scientist,2,7,2,0,0,6825,0,11,5,3,4,2,2,1,0,Non-Travel,Yes,0,2,0
EMP003927,28,Male,Married,5,Medical,R&D,Manager,1,3,1,1,1,3888,0,9,10,2,2,4,3,3,2,Non-Travel,No,0,1,0
EMP003928,38,Female,Married,4,Marketing,IT,Software Engineer,2,9,2,1,2,7966,0,9,20,1,4,3,3,4,2,Travel_Rarely,No,2,3,0
EMP003929,27,Male,Married,3,Medical,Sales,Sales Executive,1,5,0,0,0,4209,1,10,4,3,3,2,1,3,5,Travel_Rarely,No,1,3,0
EMP003930,24,Male,Married,5,Life Sciences,IT,Data Scientist,2,3,3,0,1,5467,1,9,14,4,3,1,3,3,1,Travel_Rarely,Yes,2,1,0
EMP003931,27,Female,Married,3,Technical Degree,HR,Human Resources,1,1,1,1,1,4036,0,14,20,4,3,2,2,3,3,Travel_Frequently,No,0,3,0
EMP003932,32,Female,Married,4,Technical Degree,R&D,Research Director,1,2,0,0,0,3189,0,18,4,2,3,2,2,3,4,Travel_Rarely,No,2,1,0
EMP003933,25,Female,Married,3,Life Sciences,R&D,Research Scientist,1,1,1,0,1,2886,0,13,7,3,3,3,2,3,2,Travel_Rarely,No,2,3,0
EMP003934,28,Male,Married,4,Medical,Sales,Sales Executive,2,1,1,0,0,6142,0,11,5,2,3,3,2,4,4,Travel_Rarely,Yes,0,3,0
EMP003935,35,Female,Married,3,Marketing,R&D,Research Director,3,1,1,0,1,6049,0,10,2,4,1,2,4,3,3,Travel_Rarely,No,0,4,1
EMP003936,31,Male,Single,3,Marketing,IT,Data Scientist,1,7,1,0,1,3969,0,5,16,4,3,3,3,4,2,Travel_Rarely,No,1,3,0
EMP003937,19,Male,Married,5,Marketing,R&D,Research Director,1,1,1,0,0,2904,0,13,12,2,1,3,2,4,3,Non-Travel,No,1,2,0
EMP003938,35,Male,Married,2,Technical Degree,IT,Data Scientist,4,7,0,0,0,11370,3,8,4,1,1,3,4,3,0,Travel_Rarely,No,1,3,0
EMP003939,24,Female,Single,2,Human Resources,R&D,Research Director,1,6,0,0,0,4255,0,12,5,3,3,4,2,2,0,Travel_Rarely,No,1,1,1
EMP003940,24,Male,Single,1,Medical,Sales,Manager,1,4,0,0,0,4675,1,18,14,3,3,2,4,4,2,Travel_Frequently,Yes,0,2,0
EMP003941,29,Male,Single,3,Marketing,R&D,Research Director,2,2,2,0,0,5185,1,13,4,2,3,3,2,2,2,Travel_Frequently,No,1,3,0
EMP003942,32,Female,Married,3,Technical Degree,IT,Data Scientist,1,9,0,0,0,4095,0,14,6,3,2,4,1,4,3,Non-Travel,No,7,2,0
EMP003943,44,Male,Married,2,Marketing,R&D,Research Scientist,4,4,1,1,0,10169,2,18,19,3,3,3,3,3,5,Travel_Rarely,No,0,2,0
EMP003944,22,Male,Single,3,Medical,HR,Manager,1,4,2,0,2,4014,0,5,23,3,1,2,4,3,3,Travel_Rarely,No,2,2,1
EMP003945,31,Male,Married,4,Marketing,Sales,Sales Executive,1,1,1,0,0,3187,1,18,10,2,2,4,3,3,1,Travel_Rarely,No,1,2,1
EMP003946,34,Male,Married,4,Technical Degree,Sales,Manager,2,4,1,1,1,6472,1,16,5,1,4,3,1,3,1,Travel_Rarely,No,0,3,0
EMP003947,27,Female,Single,5,Marketing,R&D,Laboratory Technician,1,1,0,0,0,3336,1,12,16,2,1,4,2,3,3,Non-Travel,No,3,4,0
EMP003948,40,Female,Married,4,Life Sciences,R&D,Laboratory Technician,3,5,0,0,0,8194,0,14,14,3,3,2,3,2,0,Travel_Frequently,No,1,2,0
EMP003949,44,Male,Married,2,Marketing,IT,Software Engineer,4,4,0,0,0,10929,2,5,11,1,2,2,1,3,2,Travel_Rarely,No,5,3,0
EMP003950,31,Male,Single,2,Other,R&D,Laboratory Technician,2,4,0,0,0,5136,0,9,2,2,4,4,3,4,1,Travel_Rarely,Yes,2,3,0
EMP003951,21,Female,Single,4,Other,Sales,Sales Representative,1,3,1,0,0,3625,0,18,8,3,3,3,4,2,3,Travel_Rarely,Yes,2,4,0
EMP003952,21,Male,Single,4,Technical Degree,HR,Human Resources,1,2,0,0,0,2666,0,10,14,3,1,3,4,1,3,Travel_Rarely,No,2,2,0
EMP003953,30,Female,Married,2,Technical Degree,R&D,Laboratory Technician,2,1,0,0,0,4145,1,13,9,1,1,4,3,2,6,Travel_Frequently,Yes,0,3,1
EMP003954,31,Male,Married,3,Life Sciences,R&D,Laboratory Technician,1,8,0,0,0,4533,0,7,3,3,3,2,3,4,2,Travel_Rarely,No,3,1,0
EMP003955,38,Male,Single,4,Medical,IT,Manager,3,2,2,1,2,7878,0,12,2,2,4,2,2,4,4,Travel_Rarely,Yes,2,1,1
EMP003956,29,Female,Married,4,Life Sciences,Sales,Sales Executive,3,11,0,0,0,10755,0,7,9,3,3,2,1,4,2,Travel_Frequently,No,0,3,0
EMP003957,27,Female,Married,4,Technical Degree,Marketing,Marketing Specialist,1,3,0,0,0,3497,0,8,21,3,2,2,3,1,2,Travel_Rarely,No,3,2,1
EMP003958,30,Male,Married,3,Life Sciences,R&D,Manager,3,3,3,3,0,8071,2,17,5,1,3,4,2,2,2,Travel_Rarely,Yes,0,3,0
EMP003959,29,Male,Married,4,Technical Degree,R&D,Manager,2,5,0,0,0,6298,1,7,13,3,2,3,4,3,6,Travel_Rarely,Yes,0,3,0
EMP003960,26,Male,Married,4,Technical Degree,Marketing,Marketing Manager,1,5,0,0,0,4042,1,5,0,4,3,3,3,3,2,Travel_Rarely,No,0,3,0
EMP003961,42,Male,Married,5,Other,IT,Data Scientist,2,0,0,0,0,5126,1,13,1,3,2,4,2,3,1,Travel_Frequently,No,0,3,0
EMP003962,30,Female,Married,4,Technical Degree,Sales,Manager,2,1,1,0,0,3100,0,17,16,4,1,4,3,3,2,Travel_Rarely,No,0,2,0
EMP003963,21,Female,Married,4,Marketing,HR,Human Resources,1,1,1,1,1,3028,0,11,14,4,4,4,2,1,3,Travel_Rarely,Yes,1,4,0
EMP003964,28,Male,Married,4,Marketing,R&D,Manager,2,0,0,0,0,4842,1,13,30,3,3,3,3,1,5,Travel_Rarely,No,1,3,0
EMP003965,36,Male,Married,3,Medical,R&D,Laboratory Technician,3,0,0,0,0,8551,0,20,5,3,2,3,3,3,3,Travel_Rarely,No,4,4,0
EMP003966,31,Female,Married,3,Life Sciences,IT,Software Engineer,2,5,5,1,0,7091,1,15,17,4,1,1,3,2,1,Travel_Rarely,No,1,3,1
EMP003967,25,Male,Single,5,Life Sciences,R&D,Laboratory Technician,1,3,3,1,0,3156,0,9,1,4,2,4,3,3,2,Travel_Rarely,Yes,1,2,0
EMP003968,42,Female,Single,3,Life Sciences,Sales,Sales Executive,3,11,2,0,2,9284,1,12,8,3,2,2,2,1,2,Travel_Rarely,No,2,2,0
EMP003969,34,Female,Married,4,Other,R&D,Research Director,2,1,0,0,0,6058,1,15,13,1,4,1,3,3,2,Non-Travel,Yes,4,2,0
EMP003970,23,Female,Single,5,Life Sciences,Sales,Manager,1,5,1,1,1,3928,0,6,9,3,3,3,3,3,1,Non-Travel,No,0,3,0
EMP003971,21,Female,Single,5,Technical Degree,R&D,Research Scientist,1,0,0,0,0,3124,0,13,9,4,2,4,1,3,1,Travel_Rarely,Yes,2,2,1
EMP003972,25,Female,Married,4,Life Sciences,R&D,Research Director,1,7,0,0,0,3899,1,14,9,1,2,3,3,4,1,Non-Travel,Yes,2,4,0
EMP003973,19,Female,Single,1,Human Resources,HR,Manager,2,1,1,1,0,4781,0,11,27,2,2,3,2,3,4,Travel_Rarely,No,1,4,1
EMP003974,40,Male,Married,3,Medical,R&D,Research Scientist,4,4,2,2,1,12374,2,11,7,4,1,4,1,2,7,Travel_Frequently,No,1,3,0
EMP003975,28,Female,Married,5,Medical,Sales,Sales Executive,3,6,1,0,1,11356,0,5,4,3,4,1,1,3,3,Non-Travel,No,3,4,0
EMP003976,22,Male,Single,3,Medical,Operations,Operations Manager,1,4,1,1,1,4158,0,17,5,1,3,2,3,3,1,Travel_Rarely,No,1,3,0
EMP003977,28,Male,Single,5,Technical Degree,IT,Data Scientist,1,2,1,1,1,3172,0,21,5,3,4,3,4,4,1,Travel_Rarely,Yes,0,2,0
EMP003978,21,Male,Married,2,Life Sciences,R&D,Research Director,1,0,0,0,0,2918,0,15,6,3,4,4,3,3,3,Travel_Rarely,No,0,2,0
EMP003979,36,Female,Married,4,Technical Degree,Operations,Operations Specialist,3,5,1,1,1,9010,1,9,16,1,3,2,1,4,2,Travel_Rarely,No,0,3,0
EMP003980,33,Male,Married,3,Technical Degree,Marketing,Marketing Specialist,1,0,0,0,0,2819,0,7,16,2,2,3,4,3,2,Travel_Rarely,Yes,0,3,0
EMP003981,33,Female,Married,3,Life Sciences,Sales,Sales Representative,2,4,0,0,0,5772,0,14,14,3,3,2,3,4,2,Non-Travel,No,0,3,0
EMP003982,29,Female,Divorced,5,Life Sciences,IT,Data Scientist,1,4,2,0,1,4659,1,15,8,3,2,2,4,2,3,Travel_Frequently,No,0,4,0
EMP003983,31,Male,Married,4,Technical Degree,HR,Human Resources,1,4,4,0,0,4276,0,13,2,2,4,4,4,2,3,Travel_Frequently,Yes,1,2,1
EMP003984,27,Female,Married,3,Life Sciences,Sales,Sales Representative,2,0,0,0,0,4898,1,18,5,3,3,2,4,3,0,Travel_Frequently,No,3,3,0
EMP003985,34,Female,Single,3,Other,Sales,Sales Representative,1,0,0,0,0,3564,0,16,7,1,4,1,4,3,3,Travel_Rarely,No,1,2,0
EMP003986,34,Female,Married,4,Life Sciences,HR,Human Resources,2,11,0,0,0,6384,1,9,4,1,1,1,4,3,3,Travel_Rarely,No,0,3,0
EMP003987,29,Male,Married,3,Marketing,R&D,Research Scientist,1,3,3,0,3,3998,0,5,22,1,2,3,4,3,1,Non-Travel,No,0,4,0
EMP003988,38,Female,Married,5,Technical Degree,IT,Software Engineer,3,1,1,1,1,6625,1,15,9,3,1,3,3,3,2,Travel_Rarely,No,0,3,0
EMP003989,36,Female,Married,2,Technical Degree,Sales,Sales Representative,4,7,4,1,1,9913,3,7,13,4,3,1,4,4,3,Travel_Rarely,No,4,2,0
EMP003990,22,Male,Single,3,Medical,Marketing,Marketing Manager,1,4,3,0,3,3832,0,14,10,1,3,4,2,3,3,Travel_Rarely,No,1,3,0
EMP003991,22,Male,Single,2,Other,IT,Data Scientist,2,2,2,2,1,5454,0,18,4,3,4,4,1,2,0,Travel_Rarely,No,0,3,0
EMP003992,21,Male,Married,2,Technical Degree,IT,Software Engineer,1,0,0,0,0,3321,0,20,7,2,2,3,3,2,0,Non-Travel,Yes,0,4,0
EMP003993,24,Female,Single,3,Marketing,R&D,Research Director,1,5,0,0,0,4332,0,5,10,3,1,2,2,3,4,Travel_Rarely,Yes,1,4,1
EMP003994,31,Male,Single,5,Marketing,IT,Software Engineer,3,11,1,0,0,11964,0,16,16,3,4,2,3,2,2,Travel_Rarely,Yes,0,1,0
EMP003995,45,Male,Married,2,Marketing,R&D,Research Scientist,3,19,1,0,1,11768,2,14,7,3,2,3,4,4,0,Travel_Rarely,Yes,0,3,0
EMP003996,29,Female,Single,3,Other,HR,Manager,2,8,0,0,0,6596,0,12,13,4,2,4,2,4,2,Non-Travel,Yes,1,2,0
EMP003997,30,Male,Single,3,Other,R&D,Research Scientist,3,1,1,0,1,9586,0,14,1,3,2,3,1,2,3,Travel_Rarely,Yes,8,3,0
EMP003998,33,Female,Single,4,Life Sciences,IT,Software Engineer,1,2,2,0,0,2868,0,5,0,3,4,3,3,4,0,Travel_Frequently,No,0,3,0
EMP003999,32,Male,Married,4,Life Sciences,Sales,Sales Executive,2,0,0,0,0,4901,0,14,9,1,4,4,3,3,4,Travel_Rarely,No,0,2,0
EMP004000,24,Male,Married,4,Human Resources,IT,Manager,1,6,1,1,1,3877,0,14,5,3,2,4,3,3,4,Travel_Frequently,No,0,4,0
EMP004001,26,Male,Single,1,Life Sciences,IT,Manager,3,0,0,0,0,6777,2,16,4,3,2,3,3,3,2,Travel_Rarely,No,1,3,0
EMP004002,32,Female,Married,4,Human Resources,HR,Human Resources,3,2,2,1,1,8965,1,10,13,3,3,4,1,3,0,Travel_Rarely,Yes,2,2,0
EMP004003,26,Female,Married,4,Marketing,Sales,Sales Representative,2,3,0,0,0,4945,0,13,12,1,4,2,3,3,4,Non-Travel,Yes,1,3,0
EMP004004,26,Female,Divorced,3,Life Sciences,R&D,Manager,2,2,0,0,0,5001,0,18,6,3,2,2,3,2,0,Travel_Rarely,No,5,2,0
EMP004005,26,Female,Married,3,Medical,R&D,Laboratory Technician,2,0,0,0,0,5009,1,18,7,2,4,3,2,4,1,Travel_Rarely,Yes,2,4,0
EMP004006,33,Male,Single,4,Medical,R&D,Manager,1,1,0,0,0,3352,0,14,6,3,3,3,3,1,5,Travel_Rarely,No,1,3,0
EMP004007,23,Male,Single,3,Technical Degree,Sales,Sales Executive,2,5,0,0,0,6939,1,10,10,2,2,2,2,2,2,Travel_Rarely,No,0,3,0
EMP004008,26,Male,Single,3,Medical,Sales,Manager,3,6,0,0,0,10286,2,11,6,3,4,3,1,3,1,Travel_Frequently,Yes,2,3,0
EMP004009,43,Female,Married,3,Medical,IT,Data Scientist,3,4,1,1,0,9774,1,8,13,2,1,3,2,3,5,Travel_Frequently,Yes,0,4,0
EMP004010,34,Female,Married,3,Other,Sales,Manager,2,16,0,0,0,7534,1,15,7,4,4,2,3,3,1,Non-Travel,No,5,3,0
EMP004011,23,Male,Single,3,Life Sciences,Marketing,Marketing Manager,1,4,4,0,1,4661,0,14,6,3,3,3,3,3,2,Travel_Rarely,No,1,3,0
EMP004012,30,Female,Married,4,Marketing,R&D,Laboratory Technician,2,1,1,0,1,4954,0,12,5,2,2,1,4,3,2,Travel_Frequently,No,2,4,1
EMP004013,24,Female,Single,5,Marketing,IT,Data Scientist,2,3,0,0,0,5021,0,15,10,4,3,4,4,2,1,Travel_Rarely,Yes,5,3,0
EMP004014,44,Male,Divorced,4,Life Sciences,Sales,Manager,3,9,3,0,1,8903,2,15,13,4,1,4,2,4,0,Travel_Rarely,No,2,3,0
EMP004015,22,Female,Single,3,Life Sciences,Marketing,Marketing Specialist,2,1,0,0,0,3605,0,17,13,3,3,2,3,3,3,Travel_Frequently,No,0,2,0
EMP004016,23,Male,Single,4,Medical,Sales,Sales Executive,1,5,0,0,0,4204,1,14,5,2,4,2,4,3,1,Travel_Rarely,No,1,3,0
EMP004017,33,Female,Single,4,Life Sciences,Sales,Sales Representative,3,7,3,0,0,7254,2,5,15,2,3,3,2,3,0,Travel_Frequently,No,0,3,0
EMP004018,25,Male,Single,3,Medical,Sales,Manager,2,7,3,0,2,5320,1,16,8,3,1,2,4,3,2,Travel_Rarely,No,0,3,0
EMP004019,38,Male,Married,4,Marketing,Sales,Manager,3,2,2,0,2,10508,1,5,8,2,4,3,2,2,3,Travel_Rarely,Yes,5,4,0
EMP004020,31,Male,Single,4,Technical Degree,R&D,Manager,3,1,1,1,0,9978,1,12,7,4,4,3,3,4,5,Travel_Rarely,No,0,4,0
EMP004021,37,Female,Married,3,Marketing,IT,Manager,2,3,1,1,0,4694,1,15,4,2,3,3,4,2,4,Travel_Frequently,No,0,3,0
EMP004022,22,Female,Single,3,Medical,R&D,Manager,2,4,1,0,1,5045,0,14,6,1,2,3,1,2,5,Travel_Rarely,Yes,2,4,1
EMP004023,22,Male,Single,2,Life Sciences,IT,Manager,1,4,1,1,1,4182,0,11,2,4,3,1,4,2,1,Travel_Rarely,No,0,3,0
EMP004024,29,Female,Married,5,Life Sciences,IT,Manager,2,1,1,1,1,3970,0,13,6,2,4,3,3,4,1,Travel_Rarely,No,1,4,0
EMP004025,34,Female,Divorced,2,Medical,Marketing,Marketing Manager,1,1,0,0,0,2974,0,18,16,3,3,3,1,3,0,Travel_Rarely,No,0,4,0
EMP004026,20,Female,Single,2,Other,Sales,Sales Executive,1,2,0,0,0,3266,0,15,8,2,2,3,1,3,3,Travel_Frequently,Yes,1,3,1
EMP004027,33,Male,Divorced,3,Life Sciences,Sales,Manager,2,0,0,0,0,3921,0,14,13,2,4,2,2,4,2,Travel_Rarely,No,0,3,0
EMP004028,32,Male,Married,5,Medical,Sales,Manager,1,7,4,0,2,3903,0,5,3,3,2,4,4,4,5,Travel_Rarely,Yes,1,3,0
EMP004029,33,Female,Married,3,Technical Degree,R&D,Research Scientist,3,0,0,0,0,5709,0,12,8,4,3,3,4,2,1,Travel_Rarely,No,1,4,0
EMP004030,25,Male,Married,4,Technical Degree,R&D,Research Director,2,1,0,0,0,5523,1,14,13,3,3,2,3,3,4,Travel_Rarely,No,0,4,0
EMP004031,38,Male,Married,4,Human Resources,R&D,Research Director,4,0,0,0,0,10865,3,20,9,3,4,1,2,3,2,Non-Travel,No,1,2,0
EMP004032,21,Male,Single,4,Life Sciences,R&D,Research Scientist,2,1,0,0,0,3604,1,18,8,2,2,3,4,3,2,Travel_Rarely,No,1,3,0
EMP004033,30,Male,Married,4,Life Sciences,HR,Manager,2,0,0,0,0,5617,1,12,17,2,4,4,3,3,2,Travel_Rarely,No,1,3,0
EMP004034,33,Male,Single,1,Medical,R&D,Laboratory Technician,1,5,5,0,0,4360,0,14,13,4,3,2,4,4,4,Travel_Rarely,No,1,2,0
EMP004035,23,Female,Single,5,Life Sciences,R&D,Research Director,1,4,3,0,1,3951,0,14,25,1,3,3,2,3,1,Travel_Rarely,No,0,3,0
EMP004036,20,Male,Single,4,Marketing,Sales,Sales Representative,1,1,1,0,0,3818,1,13,0,4,1,1,4,4,3,Travel_Frequently,No,2,3,0
EMP004037,41,Male,Married,5,Other,HR,Manager,2,1,0,0,0,5916,0,19,3,4,3,3,1,3,3,Travel_Rarely,No,4,2,0
EMP004038,35,Female,Married,4,Technical Degree,IT,Software Engineer,3,1,1,1,0,8749,1,11,4,2,2,1,4,2,1,Travel_Frequently,Yes,2,1,0
EMP004039,33,Female,Married,5,Life Sciences,IT,Data Scientist,2,8,3,0,3,6032,1,13,1,4,3,4,3,4,7,Travel_Frequently,Yes,2,1,0
EMP004040,28,Female,Married,3,Life Sciences,Marketing,Marketing Manager,2,0,0,0,0,5716,0,12,35,2,3,2,3,4,5,Travel_Rarely,No,4,2,0
EMP004041,30,Female,Married,3,Other,IT,Software Engineer,1,0,0,0,0,2897,0,11,7,2,4,3,2,3,4,Travel_Frequently,No,2,4,0
EMP004042,29,Male,Married,3,Medical,Sales,Sales Representative,2,3,1,0,1,4882,1,6,6,2,3,3,2,2,1,Travel_Frequently,Yes,2,2,0
EMP004043,35,Male,Divorced,2,Other,Sales,Manager,2,10,0,0,0,7171,1,12,2,3,3,3,2,3,1,Travel_Rarely,No,0,3,0
EMP004044,29,Female,Married,4,Technical Degree,Marketing,Marketing Manager,3,1,0,0,0,8272,0,15,11,4,4,2,2,3,1,Non-Travel,No,2,4,0
EMP004045,23,Female,Single,2,Human Resources,IT,Manager,1,0,0,0,0,3115,0,17,8,2,3,4,2,2,2,Travel_Rarely,No,2,3,0
EMP004046,23,Female,Single,2,Other,IT,Data Scientist,1,3,1,0,1,3676,0,10,15,3,4,2,4,3,5,Travel_Rarely,No,2,2,0
EMP004047,38,Male,Married,4,Medical,IT,Manager,4,6,1,0,1,11533,2,12,12,2,3,3,4,3,2,Travel_Rarely,No,1,2,0
EMP004048,21,Male,Single,5,Technical Degree,R&D,Manager,1,3,2,1,0,3178,1,15,9,4,4,3,1,3,2,Travel_Rarely,No,1,3,0
EMP004049,33,Male,Single,4,Medical,IT,Data Scientist,2,2,2,1,1,5992,1,12,7,2,3,2,2,4,2,Travel_Rarely,Yes,0,3,1
EMP004050,25,Female,Married,4,Life Sciences,Sales,Sales Representative,2,0,0,0,0,4959,0,12,7,4,3,4,2,2,6,Travel_Rarely,No,2,4,0
EMP004051,19,Male,Single,4,Life Sciences,R&D,Laboratory Technician,1,1,0,0,0,2490,0,12,13,2,3,3,2,4,0,Travel_Rarely,No,1,3,0
EMP004052,33,Male,Single,5,Medical,R&D,Laboratory Technician,2,12,1,0,1,6692,0,16,12,3,3,3,2,3,0,Travel_Rarely,No,0,4,0
EMP004053,32,Male,Married,3,Life Sciences,HR,Manager,1,1,1,1,1,2496,0,17,7,2,2,3,3,3,2,Travel_Frequently,Yes,0,1,1
EMP004054,28,Male,Married,5,Life Sciences,R&D,Research Scientist,1,4,0,0,0,3962,0,14,16,3,4,3,2,3,4,Travel_Frequently,Yes,0,1,0
EMP004055,25,Male,Single,2,Marketing,R&D,Manager,2,7,0,0,0,6681,0,16,8,3,3,4,4,3,2,Travel_Rarely,No,3,2,0
EMP004056,40,Male,Single,4,Human Resources,HR,Manager,3,3,1,1,0,7005,0,14,6,1,1,2,2,2,2,Travel_Frequently,No,5,2,0
EMP004057,29,Female,Married,4,Marketing,R&D,Manager,1,2,0,0,0,2941,1,22,11,4,3,4,4,1,2,Travel_Rarely,Yes,0,3,1
EMP004058,26,Male,Married,4,Medical,Sales,Sales Executive,2,0,0,0,0,5209,0,10,12,4,1,2,4,3,1,Non-Travel,No,5,2,0
EMP004059,22,Female,Single,4,Life Sciences,IT,Manager,2,4,1,1,1,5347,1,12,22,1,4,3,4,3,1,Travel_Rarely,No,1,4,0
EMP004060,22,Male,Single,4,Life Sciences,IT,Manager,1,0,0,0,0,2421,1,13,7,1,2,4,4,2,1,Travel_Rarely,No,2,2,0
EMP004061,34,Male,Married,5,Technical Degree,R&D,Research Scientist,3,3,0,0,0,9474,0,11,2,1,1,2,3,4,3,Travel_Frequently,No,1,4,0
EMP004062,26,Female,Married,2,Technical Degree,HR,Manager,3,0,0,0,0,7764,1,11,12,2,2,2,4,3,1,Travel_Rarely,No,0,3,0
EMP004063,18,Male,Single,2,Medical,R&D,Research Scientist,1,1,1,1,0,2185,0,10,10,4,4,3,4,2,2,Non-Travel,No,1,3,0
EMP004064,24,Female,Single,1,Marketing,Sales,Manager,1,6,4,0,1,4103,0,10,3,2,3,4,3,2,1,Travel_Rarely,Yes,0,4,0
EMP004065,36,Female,Married,2,Technical Degree,R&D,Research Scientist,3,5,4,3,2,11639,1,15,7,4,4,4,3,3,3,Non-Travel,No,1,3,0
EMP004066,32,Female,Single,3,Life Sciences,Sales,Sales Executive,2,0,0,0,0,5265,1,14,16,2,2,2,3,4,3,Non-Travel,Yes,0,4,0
EMP004067,25,Male,Single,4,Medical,IT,Data Scientist,3,7,7,1,3,9490,2,16,2,4,1,2,3,3,5,Travel_Rarely,No,2,2,0
EMP004068,44,Male,Married,3,Technical Degree,R&D,Manager,3,7,1,1,0,9734,1,9,3,3,4,4,4,3,4,Non-Travel,No,0,1,0
EMP004069,22,Female,Married,4,Technical Degree,Sales,Manager,1,4,0,0,0,3541,1,8,24,2,4,2,1,2,0,Travel_Rarely,No,1,4,0
EMP004070,21,Male,Single,3,Life Sciences,R&D,Manager,2,3,3,2,2,5039,0,11,27,4,2,2,4,4,2,Travel_Rarely,Yes,0,3,0
EMP004071,21,Male,Single,4,Life Sciences,Marketing,Marketing Manager,2,3,1,0,0,4333,0,12,20,1,3,3,4,4,3,Non-Travel,No,2,3,0
EMP004072,24,Female,Single,2,Technical Degree,R&D,Research Scientist,1,6,2,2,0,3671,0,17,10,1,2,2,4,4,1,Travel_Frequently,Yes,0,3,1
EMP004073,33,Male,Married,4,Life Sciences,Operations,Operations Specialist,2,2,0,0,0,6326,1,14,7,3,3,1,3,1,2,Travel_Rarely,No,0,4,0
EMP004074,25,Male,Single,4,Technical Degree,Operations,Operations Manager,3,1,0,0,0,7855,0,17,22,3,1,1,1,3,4,Travel_Frequently,No,0,3,1
EMP004075,27,Female,Married,3,Life Sciences,IT,Data Scientist,2,3,0,0,0,6314,0,9,5,3,2,4,4,1,5,Travel_Rarely,No,2,3,0
EMP004076,20,Female,Married,3,Life Sciences,IT,Manager,1,0,0,0,0,2014,0,11,9,1,2,3,4,4,4,Travel_Frequently,No,0,2,0
EMP004077,38,Female,Divorced,3,Life Sciences,R&D,Research Director,3,6,1,0,1,9019,2,8,10,3,2,4,2,2,0,Travel_Rarely,No,0,3,0
EMP004078,36,Male,Married,4,Other,R&D,Research Scientist,2,18,11,0,4,10139,0,12,9,3,3,3,2,3,3,Travel_Rarely,Yes,2,2,1
EMP004079,27,Male,Single,4,Technical Degree,Operations,Operations Manager,2,4,1,0,0,5710,0,9,12,2,3,4,2,2,3,Travel_Rarely,Yes,0,3,0
EMP004080,27,Male,Married,4,Other,R&D,Laboratory Technician,1,9,1,1,0,4990,1,20,4,3,3,2,4,4,2,Travel_Frequently,No,2,3,0
EMP004081,28,Male,Single,3,Medical,Sales,Sales Executive,2,0,0,0,0,4329,1,16,6,1,3,1,2,3,2,Travel_Rarely,No,0,2,1
EMP004082,30,Female,Married,2,Technical Degree,Sales,Sales Executive,3,8,2,0,0,9097,2,6,2,3,3,3,4,1,1,Non-Travel,No,2,2,0
EMP004083,29,Male,Married,2,Other,IT,Data Scientist,2,11,0,0,0,6978,1,11,11,3,4,1,2,1,2,Travel_Frequently,No,1,2,1
EMP004084,30,Male,Married,1,Medical,R&D,Manager,1,9,0,0,0,4615,1,11,2,3,3,3,2,4,3,Travel_Rarely,No,0,3,0
EMP004085,27,Female,Married,2,Human Resources,Sales,Sales Executive,2,4,3,3,1,5237,1,8,23,1,3,3,2,4,3,Travel_Rarely,Yes,1,3,0
EMP004086,22,Female,Single,2,Other,IT,Manager,1,4,4,0,0,3936,0,15,21,4,4,2,4,3,2,Travel_Rarely,No,1,2,0
EMP004087,30,Female,Married,4,Human Resources,R&D,Research Director,3,12,1,1,1,7940,0,12,14,2,1,3,2,4,4,Travel_Rarely,Yes,0,3,0
EMP004088,26,Female,Married,3,Other,HR,Human Resources,1,8,0,0,0,5451,0,15,9,2,3,4,3,4,2,Travel_Frequently,No,3,3,0
EMP004089,29,Female,Married,3,Technical Degree,Sales,Sales Representative,2,3,0,0,0,5309,0,11,3,3,1,3,1,3,2,Travel_Rarely,No,1,3,0
EMP004090,21,Male,Single,4,Other,Sales,Sales Representative,1,3,3,0,0,3084,0,7,11,4,2,3,4,1,4,Non-Travel,No,1,3,0
EMP004091,26,Male,Married,4,Medical,Sales,Manager,2,2,0,0,0,5006,0,13,7,3,2,3,3,2,1,Travel_Rarely,Yes,6,3,1
EMP004092,24,Male,Single,4,Technical Degree,R&D,Research Director,1,2,2,2,0,2912,1,9,11,1,3,4,1,2,4,Travel_Rarely,No,2,3,1
EMP004093,32,Male,Single,3,Life Sciences,IT,Data Scientist,3,2,1,1,1,7240,0,7,5,3,3,4,3,3,2,Travel_Rarely,No,0,3,0
EMP004094,29,Female,Married,4,Technical Degree,IT,Software Engineer,2,1,1,0,1,5022,0,14,22,4,1,2,1,3,3,Non-Travel,Yes,3,3,1
EMP004095,24,Male,Single,5,Technical Degree,R&D,Research Scientist,2,4,0,0,0,6452,0,20,2,1,3,1,3,2,1,Travel_Rarely,No,0,4,0
EMP004096,25,Male,Married,3,Technical Degree,Marketing,Marketing Specialist,2,5,0,0,0,6912,0,15,0,1,3,2,3,3,2,Travel_Rarely,Yes,2,2,0
EMP004097,31,Male,Married,1,Technical Degree,Sales,Manager,1,9,0,0,0,5009,1,14,11,3,1,4,1,4,4,Travel_Rarely,No,3,3,0
EMP004098,30,Male,Married,5,Medical,Sales,Sales Representative,1,5,2,2,2,3599,1,7,15,1,1,3,3,1,3,Travel_Rarely,No,4,4,0
EMP004099,28,Female,Single,5,Marketing,IT,Manager,2,7,1,0,1,6336,0,14,2,2,4,3,2,2,1,Travel_Rarely,Yes,0,3,1
EMP004100,32,Female,Single,2,Life Sciences,Sales,Sales Representative,3,5,3,1,3,7754,0,17,12,2,3,4,4,3,6,Travel_Rarely,Yes,1,3,0
EMP004101,36,Female,Single,1,Life Sciences,IT,Data Scientist,4,5,1,1,1,13205,1,18,7,3,1,3,3,3,3,Travel_Rarely,No,1,2,0
EMP004102,24,Male,Single,4,Marketing,Sales,Sales Representative,2,2,1,0,0,5761,0,6,10,2,3,2,3,2,6,Non-Travel,No,1,2,0
EMP004103,20,Female,Married,3,Marketing,Sales,Sales Representative,1,2,2,1,1,3875,0,13,22,2,4,3,1,3,3,Non-Travel,Yes,0,3,0
EMP004104,32,Female,Single,5,Life Sciences,HR,Manager,1,5,1,0,1,4100,0,12,2,4,4,3,3,2,1,Travel_Rarely,No,2,4,0
EMP004105,25,Female,Single,3,Life Sciences,Sales,Sales Representative,1,4,4,1,4,3629,0,20,21,3,4,3,3,2,4,Travel_Rarely,No,1,2,0
EMP004106,32,Female,Single,5,Medical,Sales,Manager,3,9,2,1,0,10111,0,11,11,4,4,4,3,1,2,Travel_Rarely,No,3,2,0
EMP004107,33,Female,Married,2,Technical Degree,R&D,Research Director,1,2,2,1,1,3196,0,11,17,3,4,1,3,4,4,Non-Travel,No,5,3,0
EMP004108,30,Female,Married,3,Marketing,R&D,Manager,1,0,0,0,0,2862,0,17,6,1,3,2,3,3,4,Travel_Rarely,Yes,0,2,1
EMP004109,24,Female,Single,5,Life Sciences,IT,Software Engineer,1,1,1,0,1,3556,0,16,7,3,3,4,3,3,3,Travel_Rarely,No,2,4,0
EMP004110,19,Female,Married,3,Technical Degree,IT,Data Scientist,1,1,1,0,0,3398,1,19,3,2,3,4,2,2,2,Travel_Rarely,No,1,1,0
EMP004111,22,Male,Married,2,Life Sciences,HR,Manager,1,4,0,0,0,3713,0,6,10,2,4,2,4,4,4,Travel_Rarely,Yes,2,2,0
EMP004112,23,Female,Single,5,Technical Degree,R&D,Research Scientist,1,0,0,0,0,2903,0,16,1,4,2,3,4,1,2,Travel_Rarely,Yes,1,3,0
EMP004113,31,Female,Married,2,Life Sciences,R&D,Research Scientist,2,0,0,0,0,4550,0,17,21,4,3,3,3,3,3,Non-Travel,No,0,3,0
EMP004114,38,Female,Married,2,Human Resources,IT,Data Scientist,2,4,0,0,0,6790,0,13,8,2,4,3,1,3,2,Travel_Rarely,No,0,3,0
EMP004115,23,Female,Single,3,Life Sciences,Sales,Sales Representative,1,5,1,0,0,4484,0,18,13,3,2,3,4,3,0,Non-Travel,Yes,1,2,0
EMP004116,29,Male,Married,4,Technical Degree,R&D,Research Scientist,2,0,0,0,0,5863,0,12,4,4,1,3,2,2,5,Travel_Frequently,No,0,2,1
EMP004117,26,Male,Single,4,Marketing,IT,Software Engineer,1,3,1,1,1,3531,0,10,10,3,3,3,1,3,4,Travel_Rarely,Yes,1,3,0
EMP004118,23,Male,Single,5,Life Sciences,R&D,Laboratory Technician,1,5,4,0,3,4146,1,12,6,4,4,2,3,3,2,Travel_Rarely,No,1,4,0
EMP004119,33,Female,Married,3,Life Sciences,HR,Manager,3,3,0,0,0,9030,2,16,19,3,3,3,4,3,2,Travel_Rarely,No,5,2,0
EMP004120,36,Male,Married,3,Medical,Sales,Sales Representative,3,2,0,0,0,8958,1,15,6,3,4,2,4,4,0,Travel_Rarely,No,0,3,0
EMP004121,30,Male,Married,3,Technical Degree,IT,Manager,2,7,0,0,0,5616,0,9,2,3,1,2,1,2,1,Travel_Rarely,No,3,3,0
EMP004122,32,Female,Single,4,Life Sciences,Sales,Sales Executive,2,7,7,1,0,7821,1,11,5,2,3,3,2,4,2,Non-Travel,No,1,3,0
EMP004123,29,Female,Single,4,Technical Degree,Marketing,Marketing Specialist,2,8,0,0,0,4805,0,13,4,3,4,3,4,3,2,Non-Travel,No,4,3,0
EMP004124,28,Female,Married,5,Technical Degree,Sales,Sales Executive,2,10,8,0,1,6124,0,14,3,3,4,4,2,3,4,Non-Travel,Yes,0,3,0
EMP004125,37,Female,Single,5,Life Sciences,Marketing,Marketing Manager,4,0,0,0,0,9082,2,16,11,3,4,2,3,3,2,Travel_Rarely,No,1,2,0
EMP004126,22,Female,Single,3,Life Sciences,R&D,Research Director,1,2,2,0,2,3324,0,5,8,1,4,3,2,3,3,Travel_Frequently,No,1,2,0
EMP004127,22,Female,Single,3,Other,HR,Human Resources,2,4,0,0,0,5970,0,19,13,3,4,3,1,3,0,Travel_Frequently,Yes,2,1,0
EMP004128,19,Female,Single,4,Medical,IT,Data Scientist,1,1,0,0,0,3202,0,12,2,3,2,4,2,4,3,Travel_Rarely,No,1,4,0
EMP004129,31,Male,Single,2,Life Sciences,Sales,Manager,2,5,0,0,0,4644,0,8,35,4,1,3,2,3,4,Travel_Rarely,No,3,4,0
EMP004130,32,Male,Single,2,Technical Degree,R&D,Research Scientist,2,10,0,0,0,7500,0,7,12,2,3,3,2,3,1,Travel_Rarely,Yes,7,3,0
EMP004131,28,Female,Single,5,Life Sciences,Marketing,Marketing Specialist,3,5,5,0,5,8613,0,11,6,4,3,4,1,2,6,Travel_Frequently,No,0,3,0
EMP004132,30,Female,Married,3,Medical,R&D,Research Director,2,5,1,1,0,6048,0,12,16,1,4,4,1,2,4,Travel_Rarely,No,9,3,0
EMP004133,23,Female,Single,4,Life Sciences,IT,Manager,1,0,0,0,0,4035,0,13,5,2,3,2,2,3,2,Travel_Frequently,No,0,1,0
EMP004134,25,Male,Divorced,4,Human Resources,Sales,Sales Representative,2,3,0,0,0,5405,0,11,3,1,3,2,2,3,5,Travel_Frequently,Yes,2,4,1
EMP004135,26,Male,Single,4,Medical,IT,Manager,3,5,1,1,1,9067,0,5,16,2,4,2,4,4,2,Travel_Rarely,No,2,4,0
EMP004136,22,Female,Single,2,Human Resources,Sales,Sales Representative,1,4,4,2,3,3429,1,5,28,2,2,3,4,3,2,Travel_Frequently,No,0,2,0
EMP004137,23,Male,Married,4,Medical,IT,Data Scientist,2,2,1,1,0,6308,0,14,10,3,3,4,2,4,3,Travel_Rarely,No,0,4,1
EMP004138,29,Male,Single,3,Medical,R&D,Manager,2,0,0,0,0,5853,0,14,5,1,1,3,4,3,1,Travel_Rarely,No,1,3,1
EMP004139,23,Male,Single,5,Other,R&D,Research Scientist,1,2,2,1,2,3566,0,16,1,2,4,2,2,4,1,Non-Travel,No,1,3,0
EMP004140,32,Female,Married,3,Medical,Sales,Sales Representative,2,2,2,2,2,5179,1,12,8,3,3,1,3,4,2,Travel_Frequently,Yes,0,3,0
EMP004141,37,Female,Married,5,Medical,HR,Human Resources,3,6,0,0,0,9082,0,9,10,3,2,3,1,3,1,Travel_Rarely,No,2,4,0
EMP004142,26,Female,Divorced,3,Life Sciences,R&D,Research Scientist,2,0,0,0,0,6540,0,19,5,3,3,4,2,3,3,Non-Travel,No,0,3,0
EMP004143,28,Female,Single,5,Human Resources,R&D,Manager,2,2,2,0,2,5876,0,10,3,3,3,3,1,3,2,Travel_Frequently,No,3,3,0
EMP004144,21,Female,Single,5,Life Sciences,IT,Software Engineer,2,2,1,1,0,4522,0,17,1,3,4,3,1,2,1,Travel_Frequently,No,0,1,0
EMP004145,22,Female,Single,4,Technical Degree,Sales,Sales Representative,1,3,0,0,0,3753,1,18,10,2,1,2,4,2,0,Travel_Frequently,No,1,3,0
EMP004146,21,Female,Single,3,Marketing,Marketing,Marketing Manager,2,3,3,2,0,5583,1,10,11,3,2,3,4,4,3,Travel_Frequently,No,2,2,0
EMP004147,29,Male,Married,3,Life Sciences,IT,Data Scientist,2,6,1,1,1,6299,0,15,12,3,3,3,2,1,4,Travel_Frequently,No,3,4,0
EMP004148,33,Male,Married,4,Life Sciences,HR,Manager,3,1,0,0,0,8016,1,17,4,3,3,4,2,1,0,Travel_Rarely,No,2,3,0
EMP004149,23,Female,Married,4,Other,Sales,Sales Representative,1,5,0,0,0,4122,0,12,14,3,4,3,1,3,5,Travel_Rarely,No,0,3,0
EMP004150,35,Male,Married,3,Technical Degree,IT,Software Engineer,4,2,1,0,1,12360,1,14,5,3,3,3,2,4,1,Travel_Rarely,No,1,3,0
EMP004151,37,Female,Divorced,4,Technical Degree,Sales,Sales Representative,3,8,0,0,0,9228,0,9,8,2,2,4,3,4,4,Travel_Rarely,No,0,2,0
EMP004152,27,Female,Married,4,Medical,IT,Software Engineer,1,0,0,0,0,3145,0,17,5,2,4,2,3,3,3,Travel_Rarely,Yes,1,4,0
EMP004153,29,Female,Single,1,Life Sciences,R&D,Research Scientist,2,0,0,0,0,5078,1,14,4,3,4,2,3,4,5,Travel_Rarely,No,2,2,0
EMP004154,28,Female,Married,2,Technical Degree,Sales,Sales Executive,2,0,0,0,0,6178,1,13,1,2,2,4,1,3,4,Travel_Rarely,No,3,4,0
EMP004155,29,Male,Married,2,Marketing,Sales,Manager,2,3,0,0,0,5475,0,6,19,3,3,3,3,4,0,Travel_Rarely,No,2,4,0
EMP004156,19,Male,Single,3,Technical Degree,Operations,Operations Specialist,1,0,0,0,0,2428,0,17,11,4,2,3,1,2,8,Travel_Frequently,No,0,3,0
EMP004157,27,Female,Married,3,Medical,IT,Manager,1,0,0,0,0,3331,0,12,14,1,4,4,4,3,3,Travel_Rarely,No,0,1,0
EMP004158,18,Male,Single,4,Human Resources,Sales,Manager,2,1,1,0,1,5903,1,14,4,4,3,4,4,4,3,Non-Travel,No,0,2,1
EMP004159,35,Male,Married,3,Life Sciences,Operations,Operations Specialist,2,8,0,0,0,5306,0,12,8,3,4,4,4,3,1,Non-Travel,No,4,3,1
EMP004160,34,Female,Divorced,1,Life Sciences,Sales,Sales Representative,2,0,0,0,0,5130,0,18,10,3,3,3,4,4,3,Non-Travel,Yes,1,2,0
EMP004161,26,Female,Married,3,Other,IT,Software Engineer,2,2,0,0,0,5208,1,10,3,1,3,3,2,4,5,Travel_Frequently,No,3,2,1
EMP004162,39,Female,Married,5,Marketing,IT,Manager,4,2,2,1,2,13350,2,7,7,2,2,3,2,4,2,Travel_Rarely,Yes,1,4,0
EMP004163,42,Female,Married,3,Medical,IT,Data Scientist,3,10,0,0,0,10591,2,9,7,2,3,2,3,3,3,Travel_Rarely,No,5,2,0
EMP004164,26,Male,Single,5,Technical Degree,R&D,Research Scientist,2,3,2,0,1,5944,0,15,38,3,3,3,4,2,5,Travel_Rarely,No,0,3,0
EMP004165,33,Female,Married,2,Medical,R&D,Laboratory Technician,1,3,0,0,0,3980,0,17,21,3,2,3,3,2,3,Travel_Frequently,No,3,3,0
EMP004166,38,Male,Single,2,Life Sciences,HR,Manager,3,1,0,0,0,8863,2,18,0,2,2,3,2,2,1,Travel_Rarely,Yes,0,4,0
EMP004167,24,Male,Single,4,Technical Degree,R&D,Research Scientist,1,5,0,0,0,4684,1,11,0,3,1,3,2,3,3,Non-Travel,No,2,2,0
EMP004168,21,Male,Single,3,Life Sciences,Sales,Sales Representative,1,0,0,0,0,2959,1,10,4,2,2,4,3,3,2,Travel_Rarely,No,1,1,0
EMP004169,29,Female,Single,4,Life Sciences,IT,Software Engineer,2,11,1,1,0,7155,1,6,6,3,3,2,2,4,5,Non-Travel,No,0,4,0
EMP004170,30,Female,Married,5,Life Sciences,HR,Human Resources,1,3,0,0,0,3386,0,12,16,4,1,3,3,3,2,Travel_Rarely,No,3,2,0
EMP004171,30,Female,Single,3,Medical,R&D,Research Scientist,3,0,0,0,0,7404,2,14,7,2,1,3,1,3,2,Travel_Rarely,No,3,3,0
EMP004172,25,Female,Married,4,Life Sciences,R&D,Laboratory Technician,3,4,0,0,0,8715,1,12,2,1,4,1,3,3,3,Travel_Rarely,No,4,3,0
EMP004173,26,Male,Married,4,Other,R&D,Research Director,2,3,2,0,1,6339,0,10,3,4,3,3,3,3,1,Travel_Frequently,Yes,0,2,0
EMP004174,20,Male,Single,5,Marketing,IT,Manager,1,1,0,0,0,3144,0,12,2,2,1,3,4,3,2,Travel_Rarely,No,0,3,0
EMP004175,28,Female,Married,3,Life Sciences,IT,Software Engineer,1,1,0,0,0,3294,0,18,3,3,2,2,2,3,1,Travel_Rarely,No,1,2,0
EMP004176,39,Female,Married,2,Technical Degree,IT,Software Engineer,3,1,1,1,0,9849,2,11,7,2,3,4,4,4,3,Travel_Rarely,No,3,3,0
EMP004177,32,Female,Married,4,Technical Degree,IT,Software Engineer,2,0,0,0,0,5737,0,17,4,4,2,3,4,3,2,Non-Travel,No,3,4,0
EMP004178,20,Male,Single,5,Marketing,IT,Manager,1,2,2,2,2,3004,0,15,18,3,3,2,3,3,2,Travel_Rarely,Yes,1,2,0
EMP004179,24,Female,Single,1,Life Sciences,R&D,Research Scientist,1,6,2,0,1,3565,0,9,8,2,4,3,2,2,1,Travel_Rarely,No,8,3,0
EMP004180,25,Male,Married,3,Life Sciences,Sales,Sales Representative,1,7,1,1,1,3437,0,15,17,4,4,3,4,4,4,Travel_Frequently,No,2,1,0
EMP004181,35,Female,Married,3,Other,IT,Manager,2,15,1,1,1,8709,0,14,10,2,3,2,2,2,1,Travel_Frequently,No,4,4,0
EMP004182,43,Male,Married,4,Life Sciences,Sales,Sales Executive,2,4,1,0,1,3512,0,9,5,3,3,2,3,2,4,Travel_Rarely,No,1,4,0
EMP004183,22,Female,Married,3,Life Sciences,Operations,Operations Manager,1,4,0,0,0,3535,0,10,6,2,4,3,3,2,2,Non-Travel,No,1,4,0
EMP004184,31,Male,Single,3,Marketing,Marketing,Marketing Specialist,1,1,1,0,1,2929,1,22,16,3,1,2,3,4,1,Travel_Rarely,No,2,3,1
EMP004185,33,Female,Married,4,Life Sciences,R&D,Laboratory Technician,1,10,2,1,2,5107,0,19,14,3,3,3,2,4,3,Travel_Rarely,Yes,0,2,1
EMP004186,19,Male,Single,1,Human Resources,R&D,Laboratory Technician,1,1,1,0,0,3029,0,11,4,3,2,1,1,4,0,Travel_Rarely,No,0,4,0
EMP004187,23,Male,Single,2,Other,R&D,Research Scientist,1,1,0,0,0,2417,0,9,20,3,3,2,3,2,2,Travel_Rarely,Yes,2,3,1
EMP004188,38,Female,Married,3,Marketing,IT,Software Engineer,3,16,0,0,0,11746,1,13,17,1,3,3,1,4,4,Travel_Frequently,No,0,3,0
EMP004189,19,Male,Single,3,Technical Degree,IT,Manager,1,1,0,0,0,3463,0,13,15,4,3,2,1,3,1,Travel_Rarely,No,0,3,0
EMP004190,22,Female,Single,3,Medical,Sales,Sales Executive,1,3,2,2,0,3520,0,15,7,4,3,4,3,4,3,Travel_Rarely,Yes,0,4,0
EMP004191,42,Male,Married,2,Technical Degree,IT,Manager,2,0,0,0,0,4129,1,12,17,4,1,2,2,3,1,Travel_Rarely,No,0,4,0
EMP004192,30,Female,Married,3,Marketing,HR,Human Resources,1,0,0,0,0,3176,0,16,4,1,3,2,3,3,1,Travel_Rarely,Yes,0,1,0
EMP004193,23,Male,Single,4,Life Sciences,Sales,Sales Representative,1,1,1,1,0,3134,0,19,3,3,3,3,1,4,1,Travel_Rarely,Yes,2,3,0
EMP004194,25,Male,Single,3,Other,R&D,Research Scientist,3,7,6,0,0,9316,1,6,9,2,4,1,1,2,2,Travel_Rarely,No,0,3,0
EMP004195,32,Female,Married,4,Other,R&D,Manager,2,14,6,1,3,7853,0,10,14,1,1,3,3,2,2,Travel_Rarely,No,1,2,0
EMP004196,37,Male,Divorced,2,Human Resources,Sales,Sales Executive,3,1,1,0,0,6254,1,15,32,1,2,1,2,3,3,Travel_Rarely,No,2,4,1
EMP004197,37,Male,Married,2,Technical Degree,Sales,Sales Executive,4,3,1,0,1,8887,1,12,3,1,3,2,3,3,3,Travel_Rarely,No,1,4,0
EMP004198,21,Female,Married,5,Medical,Sales,Sales Representative,1,3,0,0,0,3377,0,12,10,4,2,2,1,3,3,Non-Travel,No,1,3,0
EMP004199,28,Male,Single,3,Life Sciences,Marketing,Marketing Manager,1,2,0,0,0,3921,1,15,2,3,2,4,2,2,3,Non-Travel,No,4,4,0
EMP004200,24,Male,Single,3,Life Sciences,Sales,Sales Executive,1,3,0,0,0,3115,0,9,2,3,2,3,1,3,4,Travel_Frequently,No,4,3,0
EMP004201,23,Female,Married,5,Life Sciences,R&D,Laboratory Technician,2,5,5,2,5,6878,1,9,7,4,2,4,4,3,4,Non-Travel,No,2,3,0
EMP004202,28,Female,Married,4,Life Sciences,Sales,Sales Executive,2,1,1,0,0,5660,0,20,6,4,2,4,1,3,2,Travel_Rarely,No,1,1,0
EMP004203,32,Male,Single,4,Marketing,IT,Software Engineer,1,14,0,0,0,6859,1,11,15,1,3,3,4,2,5,Travel_Frequently,No,1,3,0
EMP004204,22,Female,Single,4,Technical Degree,IT,Data Scientist,2,3,0,0,0,5800,0,5,13,4,3,4,2,3,3,Travel_Rarely,Yes,0,3,0
EMP004205,23,Female,Single,2,Medical,IT,Software Engineer,1,1,1,1,1,2950,0,10,18,2,2,1,1,3,2,Travel_Rarely,No,2,2,0
EMP004206,27,Male,Single,5,Marketing,HR,Human Resources,2,9,1,0,1,5874,1,14,12,2,1,2,4,3,2,Travel_Rarely,Yes,0,4,0
EMP004207,38,Male,Married,5,Medical,HR,Manager,3,0,0,0,0,8656,1,12,19,3,3,3,3,2,2,Travel_Frequently,No,0,1,0
EMP004208,30,Male,Married,3,Technical Degree,R&D,Manager,2,5,1,0,1,5715,1,14,6,3,2,2,4,2,4,Travel_Rarely,No,6,2,0
EMP004209,22,Female,Single,4,Human Resources,HR,Manager,1,0,0,0,0,2701,1,16,7,4,3,4,3,2,4,Non-Travel,No,0,3,0
EMP004210,37,Male,Married,3,Technical Degree,Sales,Sales Executive,4,14,3,0,0,13872,1,5,18,4,3,3,2,4,3,Travel_Rarely,Yes,6,3,0
EMP004211,27,Female,Married,4,Life Sciences,IT,Software Engineer,2,5,2,1,2,5503,1,14,4,2,2,4,1,3,4,Travel_Frequently,Yes,5,3,1
EMP004212,28,Female,Single,2,Medical,Sales,Sales Executive,1,2,0,0,0,3048,0,12,4,3,2,2,3,3,1,Travel_Rarely,No,4,2,0
EMP004213,29,Male,Married,3,Technical Degree,Marketing,Marketing Specialist,2,2,0,0,0,4915,0,11,6,3,3,3,3,3,5,Travel_Rarely,No,4,4,0
EMP004214,23,Male,Married,2,Marketing,R&D,Laboratory Technician,1,0,0,0,0,3900,0,13,14,2,2,2,3,2,2,Travel_Rarely,No,1,3,1
EMP004215,22,Female,Single,3,Human Resources,R&D,Research Scientist,1,2,1,0,1,3150,0,5,2,2,2,3,2,4,2,Travel_Rarely,No,0,3,1
EMP004216,19,Male,Married,3,Life Sciences,HR,Human Resources,1,1,0,0,0,3315,0,12,1,3,4,4,4,3,0,Non-Travel,Yes,2,2,0
EMP004217,18,Male,Single,3,Life Sciences,IT,Manager,1,1,0,0,0,3068,0,7,15,1,3,2,3,4,1,Travel_Rarely,No,2,4,0
EMP004218,32,Female,Single,4,Life Sciences,R&D,Laboratory Technician,1,5,1,0,1,3464,1,9,11,2,3,3,2,3,4,Non-Travel,No,3,3,0
EMP004219,26,Male,Single,5,Technical Degree,R&D,Research Scientist,1,8,1,0,0,4846,0,8,13,3,2,3,4,3,3,Travel_Frequently,No,2,4,0
EMP004220,18,Male,Single,2,Marketing,R&D,Research Director,1,1,1,1,0,3400,0,19,17,3,3,3,2,4,1,Travel_Rarely,Yes,0,2,1
EMP004221,42,Male,Married,5,Life Sciences,Sales,Sales Representative,3,0,0,0,0,7615,0,14,6,3,2,4,4,4,5,Non-Travel,No,5,4,0
EMP004222,33,Male,Married,3,Life Sciences,Sales,Manager,1,6,1,0,1,4499,0,8,4,3,4,2,1,3,0,Travel_Rarely,No,0,4,0
EMP004223,26,Male,Single,4,Marketing,Sales,Manager,2,4,4,2,0,5639,1,14,9,2,3,3,4,3,4,Travel_Rarely,Yes,1,3,1
EMP004224,41,Female,Married,3,Human Resources,Marketing,Marketing Specialist,3,2,2,0,1,8497,0,19,8,3,4,2,3,2,1,Travel_Frequently,No,0,2,0
EMP004225,32,Female,Single,5,Medical,IT,Software Engineer,2,0,0,0,0,5637,0,22,11,4,3,2,1,4,2,Travel_Rarely,Yes,3,3,0
EMP004226,27,Male,Single,4,Life Sciences,Sales,Sales Executive,1,5,1,1,0,3830,0,5,7,3,4,3,1,3,3,Travel_Rarely,Yes,0,3,0
EMP004227,20,Male,Single,3,Medical,Sales,Sales Representative,1,2,0,0,0,4095,0,14,0,4,3,1,3,2,3,Travel_Frequently,No,0,4,0
EMP004228,27,Male,Married,3,Medical,R&D,Research Director,2,4,0,0,0,5226,1,8,7,3,3,1,3,3,4,Travel_Rarely,Yes,0,1,0
EMP004229,27,Male,Single,5,Marketing,R&D,Research Director,2,1,1,1,1,5792,1,17,26,3,3,2,3,3,2,Travel_Rarely,Yes,1,1,0
EMP004230,24,Male,Single,4,Medical,IT,Software Engineer,1,0,0,0,0,3048,0,11,4,4,1,3,2,4,4,Travel_Rarely,No,1,3,1
EMP004231,29,Male,Single,3,Technical Degree,R&D,Laboratory Technician,2,2,2,1,1,5513,0,9,7,3,3,2,3,2,5,Travel_Rarely,No,4,1,1
EMP004232,34,Female,Single,2,Other,Marketing,Marketing Manager,2,9,2,0,2,7414,0,17,12,4,2,3,3,2,3,Non-Travel,No,1,3,0
EMP004233,27,Male,Single,4,Life Sciences,Sales,Sales Representative,2,0,0,0,0,5468,0,13,5,4,4,4,4,3,3,Travel_Rarely,No,0,3,0
EMP004234,20,Male,Single,5,Technical Degree,R&D,Research Director,1,2,0,0,0,2913,0,13,12,2,3,4,4,1,4,Travel_Rarely,No,0,4,0
EMP004235,23,Male,Single,3,Other,Operations,Operations Specialist,2,1,1,0,1,4793,1,19,15,1,4,3,4,3,3,Travel_Rarely,No,0,3,0
EMP004236,43,Male,Married,5,Medical,Sales,Sales Representative,4,16,4,3,1,14572,2,12,17,2,2,4,1,1,0,Travel_Rarely,No,1,4,0
EMP004237,19,Female,Single,2,Life Sciences,R&D,Research Director,1,0,0,0,0,2950,1,14,17,3,2,3,2,3,3,Travel_Frequently,Yes,1,3,1
EMP004238,29,Male,Single,5,Technical Degree,R&D,Laboratory Technician,2,1,0,0,0,5722,1,15,8,4,3,2,1,2,1,Travel_Rarely,No,0,3,1
EMP004239,26,Female,Divorced,4,Technical Degree,R&D,Manager,1,2,0,0,0,2728,0,14,20,2,3,3,3,3,3,Travel_Frequently,No,2,3,1
EMP004240,32,Male,Single,3,Life Sciences,R&D,Manager,2,1,0,0,0,5621,0,12,23,4,1,3,3,4,2,Travel_Rarely,Yes,0,4,0
EMP004241,28,Female,Married,3,Medical,Marketing,Marketing Manager,2,6,3,0,3,6438,0,13,16,4,4,4,3,3,1,Travel_Rarely,No,0,4,0
EMP004242,27,Female,Married,4,Marketing,Operations,Operations Specialist,1,2,2,1,0,3852,0,16,8,3,2,3,3,4,0,Travel_Rarely,Yes,0,4,0
EMP004243,36,Male,Married,4,Life Sciences,IT,Software Engineer,2,7,1,0,0,5514,0,17,19,1,3,3,3,3,5,Travel_Frequently,No,0,3,0
EMP004244,32,Male,Single,5,Technical Degree,R&D,Manager,1,4,3,1,2,3829,0,12,0,4,3,3,2,2,2,Non-Travel,No,0,2,0
EMP004245,27,Female,Single,4,Technical Degree,Operations,Operations Manager,2,2,2,0,1,5613,1,10,5,2,1,1,3,2,4,Travel_Frequently,No,0,2,1
EMP004246,29,Male,Single,3,Other,IT,Data Scientist,2,2,2,1,2,4198,0,5,16,2,2,3,2,4,2,Travel_Rarely,No,3,3,0
EMP004247,39,Female,Married,5,Marketing,R&D,Research Director,3,1,1,0,1,7615,1,14,1,1,2,4,1,2,4,Travel_Frequently,No,0,3,1
EMP004248,28,Male,Married,4,Marketing,Sales,Sales Executive,2,1,0,0,0,4440,0,12,15,4,3,2,2,3,3,Travel_Frequently,No,2,3,0
EMP004249,37,Male,Married,4,Marketing,IT,Data Scientist,3,0,0,0,0,7243,1,14,11,4,4,2,4,4,3,Travel_Rarely,No,1,4,0
EMP004250,37,Male,Single,4,Life Sciences,IT,Data Scientist,2,9,5,2,2,7588,0,7,20,2,3,3,2,2,3,Non-Travel,Yes,4,3,0
EMP004251,23,Female,Married,5,Technical Degree,Sales,Sales Executive,1,3,0,0,0,4028,1,11,7,1,2,4,2,2,2,Travel_Rarely,Yes,0,4,1
EMP004252,23,Male,Single,2,Technical Degree,R&D,Research Scientist,2,3,3,1,3,5468,1,14,6,3,1,3,4,3,2,Travel_Rarely,No,1,3,0
EMP004253,31,Male,Single,4,Technical Degree,Operations,Operations Manager,2,1,1,1,0,6329,0,16,11,2,1,3,3,1,2,Travel_Rarely,No,0,3,0
EMP004254,38,Female,Married,3,Technical Degree,R&D,Research Scientist,3,3,3,0,0,8322,1,12,6,3,2,4,2,3,4,Travel_Rarely,No,2,3,0
EMP004255,24,Male,Single,3,Marketing,R&D,Laboratory Technician,1,6,0,0,0,3717,1,11,4,4,3,2,2,3,3,Travel_Frequently,No,1,2,0
EMP004256,32,Male,Married,3,Life Sciences,Marketing,Marketing Manager,1,9,9,0,1,5077,0,9,8,2,2,4,1,2,4,Travel_Rarely,Yes,5,3,0
EMP004257,32,Male,Single,4,Other,Sales,Manager,3,4,0,0,0,9317,0,12,0,3,3,4,1,3,3,Travel_Frequently,Yes,5,3,0
EMP004258,19,Female,Single,3,Medical,Operations,Operations Specialist,1,1,1,1,0,3136,0,18,29,3,3,4,4,1,3,Travel_Rarely,No,2,3,0
EMP004259,33,Female,Married,3,Human Resources,IT,Manager,1,1,1,1,0,3096,0,12,19,3,3,2,4,3,3,Travel_Rarely,No,2,2,0
EMP004260,24,Male,Single,3,Medical,R&D,Manager,1,5,0,0,0,3965,1,10,6,4,3,3,4,4,2,Non-Travel,No,0,3,0
EMP004261,28,Male,Single,3,Life Sciences,Sales,Sales Representative,1,9,0,0,0,5032,0,10,4,2,2,3,2,2,1,Travel_Rarely,No,3,3,0
EMP004262,20,Female,Married,4,Other,Sales,Sales Representative,1,1,1,0,0,3436,0,10,12,1,4,2,3,2,1,Travel_Frequently,Yes,0,3,0
EMP004263,24,Female,Single,2,Technical Degree,R&D,Laboratory Technician,1,2,2,0,2,3698,1,15,5,4,4,1,3,3,1,Travel_Rarely,No,2,3,0
EMP004264,28,Male,Married,2,Technical Degree,IT,Manager,1,0,0,0,0,2887,0,10,5,4,2,1,1,1,3,Travel_Rarely,No,7,3,1
EMP004265,30,Male,Married,3,Life Sciences,R&D,Laboratory Technician,1,9,2,2,0,4720,0,15,11,3,1,3,3,4,3,Travel_Rarely,Yes,0,3,0
EMP004266,25,Male,Married,1,Other,IT,Data Scientist,2,0,0,0,0,4999,0,13,28,1,4,4,2,3,2,Travel_Rarely,No,0,4,0
EMP004267,27,Female,Married,2,Marketing,IT,Software Engineer,1,6,3,0,3,3825,1,17,7,1,2,1,2,2,0,Non-Travel,Yes,3,2,0
EMP004268,32,Female,Divorced,5,Medical,HR,Human Resources,1,1,0,0,0,2717,0,16,2,3,3,3,4,4,2,Travel_Frequently,No,3,4,1
EMP004269,29,Male,Single,4,Other,Operations,Operations Manager,2,6,1,1,1,7092,1,8,4,1,4,2,2,3,4,Travel_Frequently,No,0,2,0
EMP004270,22,Male,Single,3,Technical Degree,IT,Software Engineer,1,4,4,3,0,3792,1,8,3,2,1,3,4,4,4,Travel_Frequently,No,1,3,0
EMP004271,21,Male,Single,3,Life Sciences,Marketing,Marketing Specialist,2,3,2,1,0,4947,0,17,6,4,2,3,1,3,5,Travel_Rarely,Yes,1,4,0
EMP004272,35,Male,Married,5,Marketing,Sales,Sales Executive,3,5,2,0,2,8274,0,8,8,2,2,1,3,4,3,Travel_Frequently,Yes,0,3,0
EMP004273,33,Male,Married,1,Marketing,IT,Software Engineer,1,2,0,0,0,3160,0,16,4,2,3,3,3,4,3,Travel_Rarely,No,2,2,0
EMP004274,31,Female,Single,4,Other,HR,Manager,2,4,3,0,1,6188,0,13,5,2,3,4,4,3,2,Travel_Rarely,Yes,0,2,0
EMP004275,28,Male,Single,4,Life Sciences,Marketing,Marketing Specialist,3,1,1,1,1,9835,0,14,6,3,3,2,4,3,1,Non-Travel,Yes,5,2,0
EMP004276,25,Female,Single,4,Technical Degree,R&D,Manager,3,1,1,1,1,7706,0,21,5,3,4,3,2,3,3,Non-Travel,No,3,2,0
EMP004277,24,Male,Single,5,Technical Degree,R&D,Research Scientist,1,0,0,0,0,2131,0,21,4,3,4,2,3,2,3,Travel_Rarely,No,3,3,0
EMP004278,32,Female,Divorced,3,Life Sciences,R&D,Research Director,2,4,1,1,1,6046,1,11,4,3,1,4,2,3,4,Travel_Frequently,No,2,1,0
EMP004279,23,Male,Single,3,Life Sciences,Sales,Sales Representative,1,5,3,1,1,3337,1,11,10,2,4,4,2,3,3,Non-Travel,Yes,1,1,0
EMP004280,29,Male,Single,4,Marketing,Sales,Manager,1,2,1,1,1,3208,0,15,18,1,2,3,2,2,1,Non-Travel,No,0,4,0
EMP004281,32,Female,Single,5,Technical Degree,R&D,Research Director,2,1,1,1,1,6345,1,19,11,2,2,3,2,3,2,Travel_Frequently,No,1,2,0
EMP004282,22,Male,Single,5,Marketing,Marketing,Marketing Manager,1,4,1,1,1,3168,0,15,6,2,4,3,2,4,1,Travel_Frequently,Yes,0,3,0
EMP004283,27,Female,Married,4,Technical Degree,Sales,Manager,1,5,1,0,1,3704,0,10,6,4,3,4,2,4,5,Non-Travel,No,6,2,0
EMP004284,32,Female,Married,5,Marketing,R&D,Research Director,3,11,2,1,0,8868,0,6,14,4,1,4,3,3,6,Travel_Frequently,No,0,2,0
EMP004285,27,Male,Divorced,2,Technical Degree,Marketing,Marketing Specialist,1,0,0,0,0,2370,0,15,6,3,2,4,4,4,1,Travel_Rarely,No,0,3,0
EMP004286,19,Female,Single,3,Life Sciences,R&D,Research Scientist,1,1,0,0,0,2935,0,17,2,1,3,4,2,4,6,Travel_Rarely,No,0,3,0
EMP004287,39,Female,Married,1,Life Sciences,Operations,Operations Specialist,2,11,0,0,0,6998,0,10,11,3,1,2,3,2,4,Travel_Rarely,Yes,3,3,0
EMP004288,28,Female,Married,2,Technical Degree,R&D,Manager,2,5,2,1,2,6867,0,11,3,4,2,4,4,2,5,Non-Travel,No,1,1,1
EMP004289,23,Female,Single,4,Technical Degree,R&D,Research Scientist,1,3,3,3,0,3366,1,13,6,3,3,3,2,3,2,Travel_Frequently,Yes,0,3,0
EMP004290,39,Male,Married,5,Marketing,Sales,Manager,2,2,1,0,1,5777,0,8,15,1,4,3,4,2,4,Travel_Rarely,Yes,2,3,0
EMP004291,21,Female,Single,4,Marketing,Operations,Operations Manager,1,3,3,2,3,4367,0,9,14,3,4,3,3,2,5,Non-Travel,No,1,3,0
EMP004292,32,Female,Married,4,Marketing,Marketing,Marketing Manager,1,8,1,1,0,5487,0,12,9,3,2,2,3,3,3,Travel_Frequently,No,1,1,0
EMP004293,29,Female,Married,2,Life Sciences,IT,Manager,2,0,0,0,0,4550,1,14,6,3,2,2,1,3,4,Travel_Rarely,Yes,1,3,0
EMP004294,24,Female,Single,4,Technical Degree,Sales,Sales Executive,1,0,0,0,0,3707,0,16,6,3,3,3,3,4,4,Travel_Rarely,No,4,4,0
EMP004295,21,Male,Single,3,Medical,Operations,Operations Specialist,2,3,3,1,0,6024,1,11,8,2,3,3,3,4,0,Travel_Rarely,No,0,4,0
EMP004296,36,Male,Married,4,Marketing,Marketing,Marketing Manager,4,0,0,0,0,14241,3,10,10,3,4,3,3,3,3,Travel_Frequently,No,5,3,0
EMP004297,26,Female,Single,3,Marketing,R&D,Research Director,1,1,1,0,1,2708,1,7,5,2,4,3,4,3,3,Non-Travel,No,0,3,0
EMP004298,34,Female,Married,4,Technical Degree,IT,Data Scientist,2,9,3,2,1,6523,1,16,6,3,3,4,1,3,2,Travel_Rarely,No,1,1,0
EMP004299,19,Male,Single,3,Medical,Operations,Operations Manager,2,1,1,0,0,5506,0,14,6,3,1,4,4,3,3,Travel_Rarely,No,1,4,0
EMP004300,36,Female,Married,4,Medical,R&D,Laboratory Technician,3,2,2,1,1,6609,0,12,17,4,3,2,4,3,2,Non-Travel,No,2,2,0
EMP004301,37,Female,Married,2,Medical,Sales,Manager,2,0,0,0,0,4496,0,14,8,3,3,3,1,1,4,Travel_Rarely,No,5,1,0
EMP004302,31,Female,Married,3,Technical Degree,Marketing,Marketing Specialist,2,4,1,1,0,4874,0,15,4,2,4,2,1,3,4,Travel_Frequently,No,0,1,0
EMP004303,24,Female,Married,3,Medical,R&D,Research Scientist,1,0,0,0,0,2823,0,12,7,4,2,4,1,1,4,Travel_Rarely,No,2,3,0
EMP004304,26,Female,Single,4,Life Sciences,Operations,Operations Manager,3,4,1,1,0,8517,1,16,3,2,3,3,3,2,2,Travel_Rarely,Yes,1,3,0
EMP004305,29,Female,Married,4,Human Resources,HR,Human Resources,2,6,4,1,2,8295,0,19,7,3,1,3,1,3,3,Travel_Frequently,Yes,0,4,0
EMP004306,28,Female,Single,5,Medical,Sales,Sales Representative,2,10,0,0,0,7199,0,21,20,4,3,4,1,3,2,Non-Travel,No,0,1,0
EMP004307,25,Male,Married,4,Life Sciences,R&D,Laboratory Technician,3,4,1,0,0,7061,0,6,13,3,1,1,4,3,1,Travel_Rarely,No,0,2,0
EMP004308,37,Male,Married,3,Technical Degree,IT,Data Scientist,3,2,2,0,2,8592,0,15,13,3,2,3,2,3,4,Travel_Rarely,Yes,0,1,0
EMP004309,23,Male,Married,4,Technical Degree,Sales,Sales Representative,1,5,0,0,0,2855,0,17,14,3,3,3,3,3,1,Travel_Rarely,No,1,4,0
EMP004310,37,Male,Single,3,Marketing,R&D,Manager,4,4,4,0,4,14204,1,8,7,3,3,4,3,4,1,Non-Travel,No,6,3,0
EMP004311,25,Male,Single,2,Marketing,Sales,Sales Executive,2,2,2,0,0,6041,0,8,8,3,4,2,4,3,2,Travel_Rarely,Yes,0,1,1
EMP004312,30,Female,Single,4,Life Sciences,HR,Manager,1,1,1,0,0,2552,0,12,7,4,2,2,3,3,6,Travel_Rarely,Yes,0,2,0
EMP004313,35,Female,Married,2,Medical,Operations,Operations Manager,3,1,1,0,1,8718,2,16,14,2,2,1,4,3,1,Travel_Rarely,Yes,0,3,0
EMP004314,23,Male,Single,2,Life Sciences,HR,Manager,1,0,0,0,0,2875,0,19,5,4,3,3,3,3,2,Travel_Rarely,No,2,1,0
EMP004315,24,Female,Single,4,Medical,IT,Software Engineer,2,0,0,0,0,4408,0,7,34,3,2,1,3,2,5,Non-Travel,Yes,3,2,0
EMP004316,26,Male,Married,4,Marketing,R&D,Manager,1,0,0,0,0,3659,0,12,1,1,4,4,4,3,7,Travel_Rarely,No,0,4,0
EMP004317,29,Male,Single,4,Medical,HR,Human Resources,2,1,1,0,1,4832,0,13,12,4,4,2,3,2,3,Travel_Rarely,Yes,0,3,1
EMP004318,42,Female,Married,3,Marketing,R&D,Research Director,2,3,1,0,1,5834,0,12,8,4,4,3,3,3,2,Travel_Frequently,Yes,1,3,0
EMP004319,19,Male,Single,5,Marketing,IT,Software Engineer,1,0,0,0,0,2843,0,15,6,1,3,2,1,3,1,Travel_Rarely,No,0,2,0
EMP004320,25,Female,Single,4,Medical,Marketing,Marketing Specialist,2,7,3,0,3,7434,1,12,15,2,4,2,1,3,2,Travel_Rarely,Yes,9,3,0
EMP004321,27,Male,Married,4,Life Sciences,IT,Manager,3,0,0,0,0,7684,0,11,2,4,4,4,2,3,6,Travel_Rarely,No,3,2,0
EMP004322,32,Male,Married,4,Life Sciences,Operations,Operations Manager,2,14,0,0,0,7305,0,8,7,3,3,4,3,3,1,Travel_Rarely,No,0,3,0
EMP004323,27,Female,Single,4,Life Sciences,IT,Software Engineer,3,0,0,0,0,7990,1,14,5,4,3,2,4,4,2,Travel_Rarely,No,0,2,0
EMP004324,21,Male,Married,2,Technical Degree,Sales,Manager,1,3,1,1,1,3016,1,15,1,3,1,4,1,4,1,Travel_Rarely,Yes,0,3,0
EMP004325,27,Female,Married,4,Technical Degree,R&D,Manager,2,1,0,0,0,6642,0,11,2,4,4,2,1,4,3,Travel_Rarely,No,3,3,0
EMP004326,23,Male,Married,4,Technical Degree,Marketing,Marketing Specialist,1,5,5,1,5,4666,0,12,5,3,4,2,3,1,1,Travel_Frequently,Yes,1,2,0
EMP004327,35,Female,Married,3,Marketing,Operations,Operations Specialist,2,3,0,0,0,5439,0,9,18,1,4,2,1,2,0,Travel_Rarely,No,0,2,0
EMP004328,42,Female,Married,4,Medical,R&D,Manager,2,0,0,0,0,4417,1,11,2,2,1,4,3,3,1,Travel_Rarely,No,2,4,0
EMP004329,29,Female,Married,4,Technical Degree,IT,Software Engineer,1,1,0,0,0,2983,1,14,28,1,2,3,4,3,0,Travel_Rarely,No,3,3,0
EMP004330,21,Male,Married,4,Marketing,R&D,Laboratory Technician,1,3,3,0,0,3090,0,13,5,4,1,3,3,3,1,Travel_Frequently,No,2,1,0
EMP004331,22,Male,Married,3,Life Sciences,Sales,Sales Representative,1,1,1,1,1,2927,0,13,5,4,3,2,3,4,3,Travel_Rarely,Yes,2,3,1
EMP004332,25,Female,Married,2,Other,Marketing,Marketing Specialist,3,2,0,0,0,7721,1,12,4,2,1,3,3,3,0,Travel_Frequently,Yes,2,3,1
EMP004333,38,Male,Married,3,Life Sciences,Operations,Operations Manager,3,0,0,0,0,6552,0,11,13,2,4,4,3,2,3,Travel_Frequently,Yes,0,2,0
EMP004334,22,Male,Single,4,Marketing,R&D,Laboratory Technician,1,1,1,1,1,3699,0,21,7,3,3,4,3,2,3,Travel_Rarely,No,1,2,0
EMP004335,21,Female,Single,3,Marketing,Sales,Sales Executive,1,1,0,0,0,3149,0,14,3,3,3,4,1,3,4,Travel_Frequently,No,1,1,1
EMP004336,19,Female,Married,1,Technical Degree,IT,Software Engineer,1,1,1,0,1,3427,0,17,7,4,3,1,4,4,1,Travel_Rarely,No,1,3,0
EMP004337,29,Male,Married,5,Other,R&D,Research Scientist,2,3,2,1,0,5363,0,11,6,2,2,3,4,3,4,Travel_Rarely,Yes,7,1,1
EMP004338,21,Male,Single,3,Other,Sales,Manager,1,0,0,0,0,2503,1,15,3,3,3,2,1,2,5,Travel_Rarely,No,1,3,0
EMP004339,21,Female,Single,4,Marketing,Sales,Sales Representative,1,3,0,0,0,3368,0,13,7,4,3,2,4,1,1,Travel_Rarely,No,0,2,0
EMP004340,37,Female,Married,5,Technical Degree,Sales,Sales Representative,4,4,1,1,1,11670,2,13,12,2,3,1,2,3,1,Travel_Rarely,No,1,2,0
EMP004341,30,Female,Married,4,Life Sciences,IT,Data Scientist,2,1,0,0,0,5917,0,15,1,3,2,3,2,3,3,Travel_Frequently,No,2,3,0
EMP004342,31,Male,Single,4,Medical,R&D,Research Scientist,2,1,1,1,1,6186,0,15,14,3,3,4,3,3,1,Travel_Rarely,Yes,0,3,0
EMP004343,23,Male,Single,5,Other,Sales,Sales Executive,1,5,2,1,0,3424,0,12,3,2,3,2,4,3,2,Travel_Frequently,No,0,2,0
EMP004344,38,Male,Married,5,Medical,Marketing,Marketing Specialist,2,5,1,1,1,5892,0,8,7,3,2,3,2,3,2,Travel_Frequently,Yes,0,3,0
EMP004345,35,Female,Married,4,Life Sciences,Operations,Operations Specialist,3,8,6,2,0,9558,0,14,17,3,4,1,3,3,2,Travel_Frequently,No,0,2,1
EMP004346,28,Male,Married,3,Life Sciences,Sales,Sales Representative,3,1,1,0,0,7537,0,14,3,3,3,2,4,3,5,Travel_Rarely,No,1,3,1
EMP004347,22,Female,Single,3,Medical,Sales,Sales Representative,1,4,0,0,0,3626,0,13,5,2,3,2,4,2,4,Non-Travel,No,1,3,0
EMP004348,39,Female,Married,4,Life Sciences,HR,Manager,2,0,0,0,0,5005,1,10,10,1,4,4,2,4,3,Travel_Frequently,No,9,4,0
EMP004349,21,Female,Single,5,Medical,Sales,Manager,1,3,0,0,0,3045,0,13,7,3,2,3,3,3,1,Non-Travel,No,2,3,1
EMP004350,29,Male,Single,4,Medical,Sales,Sales Executive,2,1,1,1,1,5317,0,16,28,2,2,2,3,4,4,Travel_Rarely,No,3,2,0
EMP004351,20,Female,Single,4,Medical,R&D,Manager,1,2,1,0,1,3557,0,14,4,3,3,2,3,2,4,Non-Travel,Yes,1,3,0
EMP004352,41,Female,Married,3,Life Sciences,Operations,Operations Manager,4,13,0,0,0,12385,2,14,11,4,3,4,3,3,5,Travel_Frequently,Yes,0,4,0
EMP004353,27,Male,Single,3,Other,Operations,Operations Specialist,2,3,3,2,1,6649,0,13,6,4,3,1,1,4,0,Non-Travel,No,0,4,0
EMP004354,21,Male,Single,1,Technical Degree,IT,Software Engineer,1,1,1,1,1,3147,0,13,1,3,2,2,2,3,1,Travel_Rarely,Yes,1,4,1
EMP004355,20,Female,Married,4,Marketing,IT,Manager,1,0,0,0,0,3611,0,14,14,2,2,1,3,3,2,Travel_Rarely,No,1,3,0
EMP004356,36,Male,Divorced,3,Marketing,IT,Manager,2,5,5,2,2,6128,0,8,3,3,4,3,4,1,4,Travel_Rarely,No,2,3,0
EMP004357,24,Male,Single,3,Medical,R&D,Research Scientist,1,4,1,1,0,3793,0,9,19,2,1,4,4,3,1,Travel_Rarely,Yes,2,3,0
EMP004358,19,Male,Single,4,Technical Degree,R&D,Research Director,1,1,1,0,0,3643,1,16,1,3,3,2,2,3,6,Travel_Rarely,No,2,1,0
EMP004359,26,Male,Single,2,Other,HR,Manager,1,8,0,0,0,4731,1,5,2,3,3,3,3,1,2,Non-Travel,No,1,3,0
EMP004360,47,Female,Married,5,Life Sciences,IT,Manager,4,19,6,3,1,13563,2,13,14,3,2,3,2,3,3,Travel_Rarely,No,0,2,0
EMP004361,25,Female,Single,1,Life Sciences,Sales,Manager,2,6,0,0,0,6267,0,11,6,1,4,2,2,4,1,Travel_Rarely,No,4,2,0
EMP004362,46,Female,Married,5,Technical Degree,Sales,Sales Representative,4,1,0,0,0,13015,1,11,9,2,4,2,3,4,0,Non-Travel,No,9,3,0
EMP004363,41,Female,Married,3,Life Sciences,Operations,Operations Specialist,3,14,0,0,0,10004,2,10,15,2,4,3,2,3,2,Travel_Frequently,No,2,3,0
EMP004364,31,Female,Single,2,Other,R&D,Research Director,1,2,1,1,1,3974,0,10,17,2,1,4,1,2,2,Travel_Rarely,Yes,0,1,0
EMP004365,23,Female,Married,4,Technical Degree,R&D,Laboratory Technician,1,0,0,0,0,2891,0,16,19,3,1,3,3,4,5,Travel_Frequently,No,1,2,1
EMP004366,32,Male,Married,5,Medical,R&D,Research Scientist,1,1,1,1,1,3277,0,15,0,2,2,3,1,2,3,Travel_Frequently,No,1,4,0
EMP004367,26,Female,Married,3,Medical,R&D,Manager,2,8,0,0,0,6534,0,8,4,2,3,3,3,3,0,Non-Travel,No,1,4,0
EMP004368,30,Male,Divorced,4,Technical Degree,Sales,Sales Executive,2,1,0,0,0,5901,0,13,2,3,3,3,4,2,4,Travel_Rarely,No,2,1,0
EMP004369,23,Male,Single,5,Life Sciences,Sales,Sales Representative,1,2,0,0,0,3771,0,12,26,4,3,4,1,3,3,Travel_Rarely,No,0,1,0
EMP004370,24,Male,Married,3,Other,HR,Manager,1,1,1,1,1,3143,0,19,12,3,4,4,3,3,3,Travel_Rarely,No,4,2,0
EMP004371,32,Male,Single,4,Life Sciences,Sales,Sales Executive,2,0,0,0,0,4373,0,14,1,3,3,2,1,1,2,Travel_Rarely,Yes,1,3,1
EMP004372,30,Male,Single,3,Human Resources,HR,Human Resources,3,4,1,1,1,7327,2,12,18,4,4,2,3,3,3,Travel_Rarely,Yes,3,3,0
EMP004373,19,Male,Single,3,Life Sciences,Sales,Manager,1,1,0,0,0,3028,0,11,19,3,3,4,4,1,2,Travel_Frequently,Yes,2,4,0
EMP004374,34,Female,Married,3,Technical Degree,Sales,Manager,2,7,1,1,1,6456,1,11,5,2,3,4,3,3,3,Travel_Rarely,No,3,2,0
EMP004375,27,Male,Single,3,Life Sciences,Marketing,Marketing Manager,2,2,0,0,0,5265,0,8,10,3,4,2,2,3,1,Travel_Rarely,Yes,1,3,0
EMP004376,23,Female,Single,1,Medical,IT,Manager,1,0,0,0,0,2877,0,18,9,2,4,3,4,4,0,Travel_Rarely,No,0,2,0
EMP004377,37,Female,Single,3,Marketing,IT,Software Engineer,4,5,3,2,3,11572,3,6,2,1,4,3,3,3,3,Travel_Rarely,No,2,1,0
EMP004378,26,Male,Married,3,Life Sciences,Sales,Sales Executive,2,8,0,0,0,5469,0,6,7,1,3,4,3,2,2,Travel_Rarely,Yes,2,2,0
EMP004379,27,Male,Married,4,Medical,Sales,Sales Executive,1,0,0,0,0,2949,0,17,3,2,3,4,3,3,1,Non-Travel,No,0,3,0
EMP004380,34,Female,Married,4,Medical,IT,Data Scientist,2,1,1,0,0,4397,0,15,9,4,2,2,2,3,2,Travel_Rarely,No,1,4,0
EMP004381,26,Male,Married,4,Medical,Sales,Sales Executive,1,1,1,0,1,3204,0,16,18,2,1,3,4,3,0,Non-Travel,Yes,1,2,0
EMP004382,19,Female,Married,3,Marketing,IT,Data Scientist,2,1,1,0,0,5400,0,15,8,3,2,4,1,3,2,Travel_Rarely,Yes,0,1,0
EMP004383,22,Female,Single,5,Technical Degree,HR,Manager,1,3,1,0,1,4139,0,14,22,2,1,1,2,2,1,Travel_Rarely,Yes,1,3,1
EMP004384,35,Male,Divorced,3,Life Sciences,IT,Data Scientist,4,6,2,1,2,12241,3,13,10,1,3,3,4,4,4,Travel_Frequently,No,0,2,0
EMP004385,21,Male,Single,3,Life Sciences,HR,Manager,2,0,0,0,0,3972,0,16,17,4,3,2,2,3,2,Non-Travel,Yes,0,3,0
EMP004386,31,Male,Married,4,Medical,R&D,Research Director,2,8,0,0,0,6340,1,15,15,4,1,2,2,4,3,Travel_Rarely,Yes,1,2,0
EMP004387,30,Female,Married,4,Other,R&D,Laboratory Technician,2,12,0,0,0,7470,0,8,15,2,1,4,3,3,6,Travel_Frequently,No,2,3,0
EMP004388,31,Female,Married,1,Other,IT,Software Engineer,1,0,0,0,0,3530,0,11,6,3,3,3,3,3,2,Travel_Rarely,No,0,3,0
EMP004389,27,Female,Married,3,Marketing,IT,Software Engineer,2,3,1,0,0,6400,0,13,5,2,4,3,1,3,4,Travel_Frequently,Yes,5,2,0
EMP004390,22,Male,Married,4,Other,Sales,Sales Executive,1,4,0,0,0,3695,1,11,9,3,1,1,4,4,5,Travel_Frequently,Yes,0,4,1
EMP004391,26,Male,Single,3,Technical Degree,R&D,Research Scientist,2,3,3,3,0,5341,1,8,33,3,3,3,3,2,1,Non-Travel,No,0,4,0
EMP004392,26,Male,Married,3,Life Sciences,R&D,Research Scientist,2,4,1,0,1,4840,0,17,11,4,3,3,1,4,4,Travel_Frequently,No,0,1,0
EMP004393,39,Female,Married,5,Life Sciences,HR,Human Resources,3,12,7,0,0,9833,0,20,7,2,2,3,3,3,0,Travel_Rarely,No,0,3,0
EMP004394,34,Male,Single,2,Medical,Sales,Sales Representative,2,3,2,2,0,5917,1,5,6,2,1,3,2,3,2,Travel_Frequently,No,1,3,0
EMP004395,22,Male,Single,4,Life Sciences,Operations,Operations Manager,2,1,0,0,0,6123,0,8,10,3,3,4,1,4,3,Non-Travel,No,1,4,0
EMP004396,33,Female,Married,3,Marketing,R&D,Manager,2,6,0,0,0,6654,1,13,25,4,3,4,3,3,1,Non-Travel,No,2,2,0
EMP004397,20,Female,Single,2,Marketing,Marketing,Marketing Specialist,2,2,0,0,0,4891,0,5,14,1,2,4,3,3,1,Travel_Rarely,No,0,2,0
EMP004398,30,Female,Single,3,Marketing,IT,Manager,3,1,1,0,1,6473,1,18,11,1,4,3,2,2,3,Travel_Frequently,No,4,3,0
EMP004399,29,Male,Single,4,Life Sciences,Sales,Sales Executive,1,1,0,0,0,3290,1,18,8,3,3,4,4,4,3,Non-Travel,Yes,0,3,0
EMP004400,23,Male,Single,1,Technical Degree,Sales,Manager,1,0,0,0,0,2809,1,14,2,1,3,4,3,4,3,Travel_Rarely,Yes,1,2,1
EMP004401,20,Female,Married,4,Medical,Marketing,Marketing Manager,1,2,2,0,0,3625,0,12,13,3,2,3,2,2,0,Travel_Rarely,No,1,3,0
EMP004402,23,Female,Single,5,Medical,R&D,Manager,1,4,1,0,0,3415,0,10,16,3,1,1,3,4,1,Travel_Rarely,No,1,4,0
EMP004403,23,Male,Single,4,Human Resources,Sales,Manager,1,5,2,0,0,4731,0,9,11,4,2,2,4,1,0,Non-Travel,No,0,3,0
EMP004404,23,Male,Single,3,Life Sciences,Operations,Operations Manager,1,5,1,0,1,3787,1,8,6,4,2,3,1,3,3,Travel_Rarely,No,1,4,0
EMP004405,33,Male,Married,2,Medical,R&D,Manager,1,0,0,0,0,3693,1,17,1,4,3,3,4,3,5,Travel_Rarely,Yes,0,2,0
EMP004406,19,Female,Married,3,Technical Degree,R&D,Manager,2,1,0,0,0,5699,0,16,10,4,3,3,3,2,1,Non-Travel,No,1,4,0
EMP004407,37,Male,Married,3,Other,R&D,Laboratory Technician,4,1,0,0,0,13147,3,16,12,3,2,3,3,1,2,Travel_Rarely,No,1,3,0
EMP004408,22,Female,Single,5,Life Sciences,IT,Manager,1,3,3,1,1,3115,0,18,8,1,3,3,4,2,1,Travel_Rarely,No,0,4,1
EMP004409,30,Female,Married,5,Technical Degree,Sales,Sales Executive,2,6,5,0,0,5205,1,11,44,4,3,3,3,4,3,Travel_Rarely,No,1,4,0
EMP004410,32,Female,Divorced,3,Other,R&D,Laboratory Technician,2,5,0,0,0,5845,1,14,1,4,2,4,3,3,3,Travel_Rarely,Yes,0,3,0
EMP004411,37,Male,Single,2,Medical,R&D,Research Director,2,19,6,2,0,7850,0,15,24,1,2,3,4,4,3,Travel_Rarely,No,2,2,0
EMP004412,33,Female,Married,5,Life Sciences,IT,Software Engineer,1,12,2,0,0,5826,0,8,6,3,2,4,4,4,2,Travel_Rarely,No,0,1,0
EMP004413,25,Female,Married,4,Technical Degree,IT,Data Scientist,3,1,1,0,0,9275,1,13,25,2,1,3,4,3,3,Travel_Rarely,Yes,0,4,0
EMP004414,23,Male,Single,3,Life Sciences,R&D,Laboratory Technician,1,5,1,1,1,4165,0,11,11,2,2,2,4,4,1,Travel_Rarely,No,2,2,0
EMP004415,34,Female,Married,3,Medical,IT,Software Engineer,2,9,0,0,0,6326,0,8,9,4,3,2,4,1,1,Travel_Frequently,Yes,1,2,0
EMP004416,35,Male,Married,3,Other,R&D,Research Director,3,4,0,0,0,9881,1,12,14,2,2,2,4,2,5,Travel_Rarely,Yes,4,4,0
EMP004417,29,Female,Single,5,Marketing,HR,Human Resources,3,2,2,2,0,8281,2,11,11,1,3,1,2,3,5,Non-Travel,Yes,0,3,0
EMP004418,22,Male,Single,2,Life Sciences,Operations,Operations Manager,1,1,1,0,1,2841,0,11,4,2,1,2,4,4,3,Travel_Rarely,No,0,1,0
EMP004419,26,Female,Divorced,4,Medical,R&D,Research Scientist,3,1,0,0,0,7878,1,15,5,3,2,3,1,3,3,Non-Travel,Yes,0,1,1
EMP004420,32,Female,Married,1,Marketing,Operations,Operations Specialist,2,2,1,0,0,5335,1,12,2,2,3,1,3,3,1,Non-Travel,No,9,2,0
EMP004421,22,Male,Married,5,Medical,IT,Data Scientist,2,3,0,0,0,5904,0,11,6,2,3,2,1,3,2,Travel_Rarely,Yes,2,4,0
EMP004422,31,Female,Married,3,Technical Degree,Sales,Sales Representative,2,4,3,0,3,6669,0,13,15,3,2,3,2,3,3,Travel_Rarely,No,2,2,0
EMP004423,24,Female,Single,3,Technical Degree,IT,Data Scientist,1,1,1,1,1,2422,0,16,5,3,3,2,3,4,3,Travel_Rarely,No,0,3,0
EMP004424,24,Female,Married,1,Medical,Sales,Sales Representative,1,2,2,0,0,4190,1,6,3,1,2,2,1,3,2,Travel_Rarely,No,0,1,0
EMP004425,27,Male,Single,4,Human Resources,R&D,Manager,3,0,0,0,0,8223,1,12,5,3,4,4,1,3,2,Travel_Rarely,Yes,0,3,0
EMP004426,37,Male,Married,3,Other,HR,Human Resources,2,0,0,0,0,5235,0,7,8,3,2,3,3,1,2,Travel_Rarely,No,5,1,0
EMP004427,33,Female,Married,4,Life Sciences,Marketing,Marketing Manager,2,11,0,0,0,7548,1,21,13,2,3,2,1,3,5,Travel_Frequently,Yes,0,3,0
EMP004428,31,Male,Married,3,Life Sciences,Sales,Sales Executive,2,0,0,0,0,5160,0,9,11,4,4,3,2,2,3,Non-Travel,No,2,3,0
EMP004429,48,Female,Single,2,Medical,Marketing,Marketing Manager,4,0,0,0,0,13242,2,20,11,2,3,3,4,4,1,Travel_Rarely,No,1,2,0
EMP004430,36,Male,Married,3,Life Sciences,Operations,Operations Manager,3,1,0,0,0,11902,1,16,12,4,4,4,2,4,2,Travel_Rarely,No,0,4,0
EMP004431,27,Male,Single,4,Medical,Sales,Sales Representative,2,6,2,0,0,7606,0,6,11,4,3,2,2,3,3,Travel_Rarely,Yes,0,3,0
EMP004432,26,Female,Married,3,Medical,Marketing,Marketing Specialist,1,5,0,0,0,3945,1,15,3,3,2,3,4,4,4,Non-Travel,Yes,4,4,0
EMP004433,34,Female,Divorced,3,Life Sciences,R&D,Laboratory Technician,2,5,3,3,0,7297,0,12,5,3,1,4,1,3,1,Non-Travel,No,6,2,0
EMP004434,31,Female,Divorced,4,Life Sciences,Sales,Manager,2,4,4,3,0,6344,0,17,3,3,2,3,4,2,2,Non-Travel,Yes,0,3,0
EMP004435,21,Female,Single,3,Life Sciences,Operations,Operations Manager,1,1,0,0,0,2660,0,16,7,4,1,3,1,3,3,Non-Travel,No,1,2,1
EMP004436,23,Female,Single,2,Life Sciences,R&D,Research Scientist,1,2,0,0,0,2842,0,17,16,2,2,3,2,3,2,Travel_Frequently,No,0,2,0
EMP004437,21,Male,Single,2,Medical,HR,Human Resources,1,3,3,0,3,3574,0,10,7,3,1,2,3,2,2,Non-Travel,No,0,3,0
EMP004438,22,Female,Single,2,Medical,HR,Manager,1,4,0,0,0,4316,0,12,13,3,3,3,2,3,5,Travel_Rarely,Yes,0,1,0
EMP004439,24,Female,Married,4,Other,Sales,Sales Representative,1,1,1,0,0,3227,1,18,32,3,1,4,4,2,2,Travel_Rarely,No,3,1,0
EMP004440,27,Female,Married,3,Life Sciences,IT,Software Engineer,2,6,2,1,0,7050,0,9,15,3,4,3,4,2,1,Travel_Frequently,No,7,1,0
EMP004441,25,Male,Single,3,Other,Sales,Manager,2,1,1,0,0,5898,1,16,16,2,4,3,2,4,5,Non-Travel,No,1,4,0
EMP004442,25,Female,Single,4,Life Sciences,Sales,Sales Executive,3,5,0,0,0,9567,2,9,11,4,1,3,1,3,6,Travel_Frequently,No,0,4,0
EMP004443,31,Male,Single,3,Marketing,Operations,Operations Manager,3,3,1,0,1,8322,2,14,4,4,3,3,4,4,2,Travel_Rarely,Yes,2,1,0
EMP004444,27,Male,Single,4,Life Sciences,Operations,Operations Manager,2,4,3,0,1,5438,1,11,6,2,2,2,4,1,1,Travel_Rarely,No,1,1,0
EMP004445,38,Male,Married,2,Technical Degree,R&D,Research Director,3,2,0,0,0,7939,0,12,12,3,3,3,3,3,3,Non-Travel,No,2,4,0
EMP004446,33,Male,Married,4,Life Sciences,Sales,Sales Representative,2,2,0,0,0,5972,0,17,3,2,4,3,4,3,1,Travel_Rarely,Yes,3,1,0
EMP004447,31,Male,Married,4,Human Resources,R&D,Research Director,2,10,0,0,0,7073,0,11,7,4,4,2,1,4,1,Travel_Rarely,Yes,0,2,0
EMP004448,34,Female,Married,4,Life Sciences,Marketing,Marketing Specialist,1,3,2,0,0,3619,1,13,40,4,3,1,4,4,2,Travel_Rarely,No,0,3,0
EMP004449,22,Female,Single,5,Life Sciences,Sales,Sales Executive,1,4,4,0,4,3497,1,16,8,3,2,4,3,3,3,Travel_Frequently,No,1,4,0
EMP004450,32,Male,Single,4,Medical,Sales,Manager,2,2,0,0,0,6257,1,10,3,2,4,4,2,3,2,Travel_Rarely,No,2,4,0
EMP004451,24,Female,Single,4,Technical Degree,Marketing,Marketing Specialist,1,6,0,0,0,4574,0,10,12,3,1,4,3,4,4,Non-Travel,Yes,1,2,0
EMP004452,37,Male,Married,3,Human Resources,R&D,Laboratory Technician,2,1,0,0,0,7263,1,10,24,1,3,3,2,3,2,Travel_Rarely,Yes,1,4,0
EMP004453,29,Male,Married,3,Medical,Sales,Sales Representative,1,11,1,1,1,5264,0,11,16,3,3,3,3,3,1,Non-Travel,No,5,4,1
EMP004454,24,Male,Single,5,Technical Degree,Sales,Sales Executive,1,6,2,1,2,4980,0,16,9,4,3,1,3,4,1,Travel_Frequently,No,5,4,0
EMP004455,39,Female,Single,5,Technical Degree,Marketing,Marketing Specialist,3,11,0,0,0,9767,1,9,7,2,3,2,4,4,2,Travel_Rarely,Yes,2,1,0
EMP004456,32,Male,Married,3,Marketing,R&D,Research Scientist,1,2,2,2,0,2744,0,10,8,2,4,4,3,2,5,Non-Travel,No,1,4,0
EMP004457,26,Male,Single,3,Technical Degree,Sales,Sales Executive,3,1,1,1,1,7238,1,13,13,3,2,2,3,3,1,Travel_Rarely,No,0,2,0
EMP004458,40,Male,Single,5,Life Sciences,Marketing,Marketing Manager,3,1,1,1,1,9184,1,10,2,4,2,2,1,3,2,Travel_Rarely,No,0,4,1
EMP004459,41,Female,Married,3,Medical,IT,Manager,3,10,0,0,0,8477,0,9,11,1,3,1,4,4,0,Travel_Rarely,No,5,4,0
EMP004460,27,Female,Married,2,Technical Degree,Sales,Sales Executive,3,0,0,0,0,7778,1,14,4,2,2,3,3,3,3,Non-Travel,No,3,3,0
EMP004461,19,Male,Married,4,Medical,HR,Human Resources,1,1,0,0,0,3355,0,20,3,1,3,4,4,4,0,Non-Travel,Yes,2,4,0
EMP004462,26,Male,Married,1,Other,Sales,Sales Representative,2,2,0,0,0,6030,0,11,5,2,3,3,4,3,2,Travel_Frequently,No,2,3,0
EMP004463,32,Female,Single,3,Technical Degree,R&D,Laboratory Technician,2,1,1,0,1,4468,0,16,2,1,4,3,3,3,0,Non-Travel,No,3,3,0
EMP004464,26,Female,Single,4,Other,R&D,Research Director,2,1,1,1,1,5802,0,15,6,2,2,3,1,4,2,Travel_Frequently,No,3,3,1
EMP004465,22,Male,Single,3,Life Sciences,R&D,Manager,1,4,4,0,0,3691,0,15,8,2,2,4,3,1,1,Travel_Rarely,No,2,4,0
EMP004466,29,Female,Single,5,Life Sciences,HR,Human Resources,3,9,0,0,0,10923,0,5,16,2,2,4,2,3,1,Non-Travel,No,2,2,0
EMP004467,24,Female,Single,5,Life Sciences,R&D,Manager,1,1,1,1,1,3500,1,15,9,2,3,4,2,3,1,Travel_Rarely,No,1,2,0
EMP004468,34,Male,Married,4,Human Resources,R&D,Laboratory Technician,2,0,0,0,0,4665,0,14,2,3,4,2,3,3,2,Non-Travel,No,0,3,0
EMP004469,20,Female,Single,5,Life Sciences,Sales,Sales Representative,2,2,2,0,0,4591,0,13,8,3,4,3,2,2,1,Non-Travel,No,1,4,0
EMP004470,39,Male,Married,3,Medical,Operations,Operations Manager,2,0,0,0,0,5732,0,17,2,4,2,3,3,2,2,Travel_Rarely,Yes,3,3,0
EMP004471,36,Female,Married,4,Life Sciences,Sales,Manager,3,0,0,0,0,6804,0,15,3,2,3,3,2,4,3,Travel_Frequently,No,0,3,0
EMP004472,20,Male,Single,4,Life Sciences,HR,Human Resources,2,2,2,1,1,5446,1,10,9,1,3,1,3,4,3,Travel_Rarely,No,1,4,0
EMP004473,22,Male,Single,3,Life Sciences,Sales,Sales Executive,1,4,0,0,0,3688,1,15,6,1,2,3,3,2,2,Non-Travel,No,0,3,0
EMP004474,27,Female,Married,3,Life Sciences,IT,Manager,2,1,1,1,1,4499,0,16,2,3,2,2,3,3,3,Travel_Frequently,No,1,1,0
EMP004475,39,Female,Married,4,Medical,Sales,Sales Representative,3,0,0,0,0,7196,1,18,8,3,1,4,4,2,3,Non-Travel,Yes,9,3,0
EMP004476,23,Male,Single,4,Human Resources,Sales,Manager,1,0,0,0,0,2897,1,14,5,2,3,1,3,4,4,Travel_Frequently,Yes,0,2,1
EMP004477,26,Male,Married,4,Technical Degree,HR,Manager,2,3,1,0,1,5390,0,9,9,3,3,4,4,2,2,Travel_Rarely,No,0,3,0
EMP004478,34,Male,Single,4,Technical Degree,R&D,Manager,2,2,1,0,1,5439,0,19,10,2,4,2,4,2,1,Travel_Frequently,No,2,3,0
EMP004479,29,Female,Married,4,Medical,R&D,Research Director,2,1,1,0,1,4912,1,12,30,2,3,3,1,4,2,Travel_Rarely,Yes,1,4,0
EMP004480,28,Female,Single,4,Technical Degree,Sales,Manager,2,10,1,0,0,7817,0,16,2,3,3,1,1,3,2,Travel_Rarely,Yes,1,4,1
EMP004481,22,Female,Single,3,Other,Sales,Sales Representative,1,4,2,1,0,4390,1,16,16,4,2,2,1,4,2,Travel_Frequently,No,1,2,0
EMP004482,33,Female,Married,2,Human Resources,IT,Data Scientist,2,8,0,0,0,5993,0,14,12,4,1,1,3,4,4,Non-Travel,No,1,3,0
EMP004483,38,Female,Married,4,Life Sciences,Sales,Manager,4,0,0,0,0,10823,2,14,15,1,3,2,2,3,1,Travel_Rarely,No,5,4,0
EMP004484,34,Female,Single,1,Other,Sales,Sales Representative,2,16,0,0,0,8317,0,12,5,4,1,1,4,3,1,Non-Travel,No,0,3,0
EMP004485,28,Female,Single,5,Life Sciences,Sales,Sales Representative,3,8,0,0,0,8968,1,9,2,2,3,1,3,3,0,Travel_Frequently,No,0,4,1
EMP004486,30,Male,Married,4,Medical,Sales,Manager,1,1,1,0,1,3060,0,10,19,3,4,1,1,4,1,Travel_Frequently,Yes,2,3,1
EMP004487,25,Female,Married,4,Medical,Sales,Sales Executive,2,0,0,0,0,4856,0,13,6,2,1,3,2,1,0,Travel_Rarely,No,3,3,0
EMP004488,33,Male,Married,5,Technical Degree,R&D,Research Scientist,2,0,0,0,0,4275,1,14,21,4,2,2,2,3,4,Travel_Frequently,No,0,2,1
EMP004489,32,Male,Single,4,Marketing,Sales,Sales Representative,1,2,0,0,0,3220,0,7,2,3,4,2,4,2,3,Travel_Frequently,No,3,4,0
EMP004490,31,Male,Single,2,Life Sciences,Marketing,Marketing Specialist,2,0,0,0,0,4107,0,11,12,4,4,2,3,4,1,Travel_Rarely,No,1,4,0
EMP004491,26,Female,Married,4,Technical Degree,Sales,Manager,1,0,0,0,0,3009,0,12,3,2,3,4,4,2,3,Non-Travel,No,1,3,0
EMP004492,28,Male,Single,3,Medical,Marketing,Marketing Specialist,3,0,0,0,0,10948,2,15,16,3,3,2,2,3,2,Travel_Frequently,No,1,4,0
EMP004493,24,Male,Single,3,Life Sciences,IT,Data Scientist,1,6,3,0,3,3912,0,15,4,3,4,3,3,2,3,Non-Travel,No,0,4,0
EMP004494,30,Female,Married,3,Medical,Sales,Manager,1,3,3,0,0,3112,1,12,4,3,2,1,4,3,5,Travel_Rarely,No,4,4,0
EMP004495,26,Female,Married,4,Marketing,Sales,Sales Executive,2,1,1,0,1,3786,0,21,29,2,4,3,3,4,6,Travel_Rarely,No,5,4,0
EMP004496,26,Female,Single,3,Life Sciences,Sales,Sales Executive,3,1,1,1,1,7783,0,14,24,1,1,4,3,3,4,Non-Travel,Yes,2,3,1
EMP004497,49,Male,Single,3,Life Sciences,HR,Manager,4,5,2,1,0,12297,1,12,2,3,4,3,1,1,2,Non-Travel,No,0,4,0
EMP004498,19,Female,Single,3,Human Resources,IT,Software Engineer,1,1,1,0,0,2979,0,18,1,3,1,2,3,3,4,Non-Travel,No,2,3,0
EMP004499,31,Male,Single,3,Other,HR,Manager,2,5,0,0,0,7263,0,10,0,4,4,3,3,4,1,Travel_Rarely,No,0,2,0
EMP004500,21,Male,Married,3,Life Sciences,R&D,Research Scientist,1,3,0,0,0,3646,0,11,1,4,4,3,4,3,3,Non-Travel,Yes,0,2,0
EMP004501,28,Male,Single,3,Marketing,Sales,Sales Executive,3,1,0,0,0,9665,1,14,0,2,2,4,3,3,2,Travel_Rarely,No,1,1,0
EMP004502,34,Male,Single,4,Medical,IT,Data Scientist,1,2,0,0,0,3833,0,15,13,1,3,4,3,2,1,Travel_Rarely,No,2,4,1
EMP004503,23,Male,Single,3,Marketing,R&D,Research Director,1,0,0,0,0,2474,0,15,16,4,2,4,4,3,1,Travel_Frequently,Yes,0,4,0
EMP004504,20,Female,Single,2,Medical,Operations,Operations Manager,2,2,1,1,1,6141,0,11,10,4,3,2,4,3,1,Travel_Rarely,No,0,2,0
EMP004505,31,Female,Single,3,Life Sciences,R&D,Manager,1,4,0,0,0,3768,0,13,6,2,2,2,3,4,3,Travel_Rarely,No,5,3,0
EMP004506,24,Male,Single,4,Medical,R&D,Research Director,1,6,6,1,0,3586,0,8,6,1,2,2,3,3,0,Travel_Rarely,No,0,3,0
EMP004507,22,Male,Single,4,Life Sciences,Marketing,Marketing Manager,1,1,0,0,0,2879,0,16,9,4,1,3,1,3,1,Travel_Rarely,No,0,4,0
EMP004508,26,Male,Married,5,Medical,HR,Manager,3,8,3,1,0,10988,1,16,26,4,3,2,2,4,3,Non-Travel,Yes,3,4,0
EMP004509,42,Female,Married,4,Other,IT,Manager,3,6,3,0,1,8959,2,16,3,3,3,3,3,3,3,Travel_Frequently,No,2,3,0
EMP004510,25,Male,Married,3,Human Resources,R&D,Manager,2,1,0,0,0,4871,1,13,4,4,2,4,4,2,6,Non-Travel,No,0,4,0
EMP004511,24,Male,Single,3,Other,Marketing,Marketing Manager,1,3,2,0,2,4006,0,5,7,4,3,3,2,2,0,Travel_Rarely,No,3,2,0
EMP004512,26,Male,Married,2,Human Resources,Marketing,Marketing Specialist,1,6,3,0,0,4796,0,19,2,2,1,3,2,4,3,Travel_Frequently,No,1,3,0
EMP004513,21,Female,Single,4,Life Sciences,R&D,Laboratory Technician,1,0,0,0,0,3186,0,12,13,2,1,2,3,3,2,Travel_Frequently,No,0,3,0
EMP004514,26,Male,Married,3,Technical Degree,Sales,Manager,2,7,4,2,0,6153,0,12,5,2,3,4,4,3,3,Travel_Rarely,Yes,0,2,0
EMP004515,39,Male,Married,4,Life Sciences,HR,Human Resources,2,14,6,2,3,8649,0,13,7,3,1,4,1,4,2,Travel_Rarely,No,1,3,0
EMP004516,22,Male,Single,3,Other,Operations,Operations Specialist,1,0,0,0,0,2162,0,8,9,2,3,4,4,4,2,Travel_Rarely,No,1,3,1
EMP004517,23,Female,Single,3,Technical Degree,HR,Manager,1,5,5,0,0,4054,0,14,7,4,1,4,2,4,0,Travel_Frequently,No,1,2,0
EMP004518,33,Male,Married,3,Medical,Operations,Operations Specialist,2,3,0,0,0,6390,0,15,6,3,2,2,3,4,2,Non-Travel,No,0,4,0
EMP004519,34,Female,Married,4,Medical,R&D,Laboratory Technician,3,3,0,0,0,10056,1,13,22,1,4,3,3,3,1,Travel_Rarely,No,2,3,0
EMP004520,37,Male,Married,2,Life Sciences,Marketing,Marketing Manager,4,9,1,1,1,16966,3,11,6,1,3,2,2,4,3,Travel_Rarely,Yes,1,4,0
EMP004521,19,Female,Married,4,Life Sciences,Sales,Manager,1,1,1,0,1,3762,0,13,18,4,3,4,3,1,4,Travel_Rarely,Yes,0,1,1
EMP004522,25,Female,Married,2,Human Resources,R&D,Research Director,3,2,0,0,0,8799,2,8,8,3,2,4,2,3,3,Travel_Rarely,No,1,3,0
EMP004523,34,Female,Married,3,Other,R&D,Research Director,3,6,0,0,0,8148,0,12,5,4,2,3,4,4,1,Non-Travel,No,0,3,0
EMP004524,21,Male,Single,2,Life Sciences,IT,Software Engineer,2,0,0,0,0,4831,0,14,5,4,1,2,1,4,1,Non-Travel,No,0,1,1
EMP004525,37,Male,Married,2,Life Sciences,R&D,Manager,3,5,2,0,1,8740,1,5,3,4,2,2,4,2,4,Non-Travel,No,0,2,0
EMP004526,34,Male,Married,2,Life Sciences,Marketing,Marketing Manager,2,7,0,0,0,5784,0,12,1,4,3,4,1,4,2,Travel_Frequently,No,1,3,0
EMP004527,21,Female,Single,3,Human Resources,Marketing,Marketing Manager,1,2,2,0,0,2102,0,17,2,4,4,3,3,3,1,Travel_Frequently,No,1,1,0
EMP004528,25,Female,Married,3,Other,IT,Software Engineer,2,7,0,0,0,6421,0,7,9,3,3,3,4,3,3,Travel_Rarely,No,5,1,0
EMP004529,25,Male,Divorced,4,Marketing,Sales,Sales Executive,2,5,0,0,0,5276,1,10,6,4,3,4,2,3,0,Travel_Rarely,No,4,3,0
EMP004530,31,Female,Married,3,Technical Degree,Sales,Manager,2,0,0,0,0,5150,0,15,11,4,1,3,3,3,3,Travel_Rarely,No,1,1,0
EMP004531,26,Male,Married,2,Technical Degree,R&D,Research Scientist,2,8,0,0,0,5635,0,6,7,3,1,4,3,3,1,Travel_Rarely,No,0,1,0
EMP004532,23,Female,Single,4,Life Sciences,IT,Software Engineer,1,5,0,0,0,3368,1,10,3,4,1,3,3,3,3,Travel_Rarely,No,0,3,0
EMP004533,40,Male,Single,4,Other,Sales,Sales Executive,4,5,1,0,0,12044,3,17,18,4,2,3,2,4,4,Travel_Rarely,No,0,3,1
EMP004534,25,Male,Divorced,3,Marketing,HR,Manager,1,1,1,1,0,3616,0,13,3,2,4,3,4,3,4,Travel_Rarely,No,1,2,0
EMP004535,28,Male,Married,4,Life Sciences,R&D,Laboratory Technician,1,3,1,1,0,3678,0,6,14,2,3,3,2,4,2,Travel_Frequently,Yes,1,3,0
EMP004536,32,Female,Married,4,Medical,IT,Manager,2,11,1,0,1,7650,0,12,1,2,3,4,4,3,1,Travel_Rarely,No,0,3,0
EMP004537,25,Female,Single,3,Marketing,R&D,Research Director,1,1,1,0,1,2736,0,12,5,4,1,4,4,2,2,Travel_Rarely,No,3,3,0
EMP004538,32,Male,Single,3,Medical,IT,Software Engineer,3,2,0,0,0,8519,0,15,10,1,3,4,1,2,1,Travel_Frequently,No,0,1,1
EMP004539,26,Female,Single,2,Technical Degree,Sales,Manager,1,1,0,0,0,2800,1,18,22,4,3,3,3,3,4,Travel_Rarely,Yes,3,3,0
EMP004540,42,Male,Married,1,Other,Sales,Sales Representative,2,1,1,1,1,6081,0,10,12,2,1,4,2,4,2,Travel_Rarely,Yes,0,2,0
EMP004541,24,Male,Single,5,Technical Degree,Marketing,Marketing Specialist,1,0,0,0,0,3544,0,20,3,3,3,2,4,3,4,Travel_Rarely,No,2,2,0
EMP004542,26,Male,Married,3,Marketing,R&D,Manager,1,6,0,0,0,3956,0,8,18,1,2,3,2,1,5,Travel_Rarely,No,3,3,0
EMP004543,35,Female,Married,3,Marketing,Operations,Operations Manager,2,0,0,0,0,6172,0,13,15,1,3,3,2,3,1,Travel_Rarely,No,3,3,1
EMP004544,37,Female,Single,5,Life Sciences,Sales,Manager,3,3,3,1,3,8399,1,10,7,2,2,2,1,2,0,Travel_Rarely,No,1,4,0
EMP004545,28,Female,Married,4,Medical,R&D,Laboratory Technician,1,0,0,0,0,3720,0,17,6,3,2,4,2,2,3,Travel_Frequently,Yes,0,4,0
EMP004546,42,Female,Single,4,Life Sciences,R&D,Manager,3,20,7,0,0,10587,0,19,30,2,1,4,1,3,2,Travel_Rarely,No,1,1,0
EMP004547,20,Male,Married,4,Other,Operations,Operations Specialist,1,2,2,2,0,2873,1,10,3,3,1,1,4,4,3,Travel_Rarely,Yes,1,3,1
EMP004548,27,Female,Single,4,Other,Operations,Operations Manager,2,4,2,0,2,6215,0,14,10,4,4,3,2,4,3,Travel_Rarely,No,9,3,0
EMP004549,26,Male,Single,4,Life Sciences,Sales,Sales Executive,3,1,1,1,1,7222,2,18,7,3,1,2,2,4,2,Travel_Rarely,No,6,3,0
EMP004550,28,Female,Single,2,Technical Degree,R&D,Manager,2,3,1,1,0,5906,1,9,17,4,2,2,2,2,4,Travel_Rarely,No,3,3,0
EMP004551,23,Male,Married,3,Technical Degree,IT,Software Engineer,1,3,1,1,1,3137,1,11,17,1,4,2,3,3,4,Travel_Frequently,Yes,1,4,0
EMP004552,29,Female,Married,3,Human Resources,Marketing,Marketing Manager,3,2,0,0,0,6910,0,16,9,2,4,2,2,3,0,Travel_Rarely,No,0,2,0
EMP004553,21,Female,Single,2,Medical,IT,Manager,2,0,0,0,0,5721,1,16,3,3,3,3,3,2,4,Travel_Rarely,No,0,2,0
EMP004554,27,Male,Single,3,Technical Degree,Marketing,Marketing Manager,2,2,1,0,1,6949,1,11,9,2,3,3,3,2,2,Travel_Rarely,Yes,0,2,1
EMP004555,27,Female,Married,4,Marketing,Sales,Sales Representative,2,4,0,0,0,5696,1,10,10,2,4,3,1,3,2,Travel_Frequently,Yes,9,3,0
EMP004556,29,Male,Single,2,Life Sciences,HR,Human Resources,2,3,0,0,0,6081,0,13,9,3,4,3,3,2,1,Travel_Rarely,No,1,3,0
EMP004557,27,Male,Divorced,3,Life Sciences,IT,Data Scientist,3,4,1,1,0,8584,1,5,4,3,3,3,4,2,1,Travel_Rarely,No,1,4,0
EMP004558,25,Female,Divorced,4,Life Sciences,Sales,Manager,2,4,0,0,0,6265,1,11,20,2,2,2,2,3,2,Non-Travel,No,0,2,0
EMP004559,23,Female,Single,4,Life Sciences,IT,Manager,1,1,1,1,1,2000,0,15,11,2,3,4,2,2,2,Travel_Rarely,No,2,4,0
EMP004560,31,Male,Divorced,5,Life Sciences,Operations,Operations Specialist,1,0,0,0,0,2735,0,15,2,4,3,3,3,3,4,Travel_Rarely,No,8,4,0
EMP004561,25,Male,Single,4,Technical Degree,Marketing,Marketing Specialist,2,3,1,1,1,7089,0,13,10,2,2,2,3,2,1,Non-Travel,No,1,4,1
EMP004562,33,Male,Single,5,Technical Degree,Sales,Sales Representative,2,11,0,0,0,7506,0,10,6,3,2,2,1,3,1,Travel_Frequently,Yes,0,2,0
EMP004563,25,Female,Single,4,Human Resources,R&D,Laboratory Technician,1,7,1,1,1,4373,1,12,4,4,3,4,3,3,5,Travel_Rarely,No,1,3,0
EMP004564,22,Male,Single,4,Medical,R&D,Research Scientist,1,4,0,0,0,4065,0,8,1,3,3,3,1,3,2,Travel_Rarely,No,2,2,0
EMP004565,20,Female,Married,5,Other,Sales,Sales Executive,1,1,1,0,0,3611,1,16,7,4,3,2,4,2,2,Travel_Rarely,No,1,2,1
EMP004566,24,Female,Single,4,Marketing,Operations,Operations Manager,1,4,0,0,0,2833,0,10,16,4,2,4,3,2,2,Travel_Frequently,Yes,1,4,0
EMP004567,41,Male,Married,4,Medical,Sales,Manager,3,1,0,0,0,7873,0,19,8,2,2,3,1,2,2,Travel_Rarely,Yes,2,4,0
EMP004568,21,Male,Single,3,Technical Degree,IT,Manager,1,3,2,2,2,3034,0,12,6,2,2,2,3,2,1,Travel_Rarely,No,0,3,0
EMP004569,22,Male,Single,3,Technical Degree,R&D,Manager,1,3,3,2,1,4565,0,7,1,3,3,2,1,4,2,Non-Travel,No,1,2,0
EMP004570,27,Female,Single,5,Life Sciences,HR,Human Resources,1,2,0,0,0,2720,1,9,1,3,3,2,1,3,4,Travel_Rarely,Yes,1,2,0
EMP004571,24,Male,Single,4,Technical Degree,Sales,Manager,1,5,5,0,5,3918,1,16,0,1,2,1,2,2,2,Travel_Rarely,Yes,3,3,0
EMP004572,27,Female,Single,4,Technical Degree,Sales,Sales Representative,2,9,1,0,1,7267,1,8,2,1,4,4,4,3,1,Non-Travel,No,0,4,0
EMP004573,31,Male,Married,2,Human Resources,R&D,Manager,3,2,2,2,2,9147,1,5,4,1,3,4,3,3,2,Travel_Rarely,No,3,4,0
EMP004574,39,Female,Married,3,Other,IT,Data Scientist,4,3,1,1,1,10667,1,14,9,2,4,3,2,3,1,Non-Travel,No,1,3,0
EMP004575,25,Male,Married,3,Technical Degree,IT,Software Engineer,1,3,1,0,1,3144,0,16,8,1,3,1,1,3,4,Travel_Rarely,Yes,0,2,1
EMP004576,43,Female,Married,4,Technical Degree,Sales,Sales Representative,2,1,1,0,0,4620,1,8,1,3,3,2,1,2,0,Travel_Rarely,No,0,3,0
EMP004577,37,Female,Married,5,Other,Sales,Sales Representative,4,2,2,0,0,11485,1,19,6,3,3,3,4,2,3,Travel_Rarely,No,3,3,0
EMP004578,24,Male,Single,3,Human Resources,IT,Manager,1,0,0,0,0,2805,0,14,16,3,2,2,3,3,1,Travel_Rarely,No,0,2,1
EMP004579,38,Female,Married,4,Technical Degree,IT,Data Scientist,3,3,0,0,0,9391,1,5,23,1,2,2,1,3,4,Travel_Rarely,No,2,3,0
EMP004580,23,Male,Single,2,Technical Degree,Sales,Sales Representative,1,5,4,0,1,3729,0,10,5,4,4,2,3,4,0,Travel_Rarely,No,1,3,0
EMP004581,21,Female,Single,3,Life Sciences,Sales,Sales Executive,1,2,2,2,2,3534,1,17,7,3,2,4,1,4,2,Travel_Rarely,No,0,3,0
EMP004582,22,Female,Single,3,Technical Degree,Sales,Sales Representative,1,4,4,0,0,3496,1,5,8,1,3,4,3,3,2,Travel_Rarely,Yes,0,3,0
EMP004583,26,Female,Married,4,Life Sciences,Sales,Sales Representative,1,6,0,0,0,4402,0,13,7,3,2,2,4,3,2,Travel_Frequently,No,0,4,0
EMP004584,19,Female,Married,5,Marketing,Sales,Manager,1,1,0,0,0,3339,1,19,12,1,4,3,4,4,3,Travel_Rarely,Yes,0,4,0
EMP004585,22,Female,Single,3,Medical,HR,Manager,1,3,0,0,0,3456,0,11,1,3,2,1,4,3,3,Non-Travel,No,0,3,0
EMP004586,20,Female,Single,3,Medical,Marketing,Marketing Specialist,1,2,2,1,2,3019,1,11,4,4,4,2,1,4,1,Travel_Frequently,Yes,2,4,1
EMP004587,43,Male,Single,4,Medical,Sales,Manager,3,5,1,0,1,8351,0,15,5,3,4,3,2,3,3,Non-Travel,Yes,2,4,0
EMP004588,25,Male,Divorced,3,Other,IT,Manager,1,4,4,1,1,3443,0,13,2,1,2,3,4,2,3,Travel_Rarely,No,0,3,0
EMP004589,32,Female,Single,5,Technical Degree,HR,Human Resources,1,14,0,0,0,5830,1,9,11,4,4,3,1,2,1,Travel_Rarely,No,1,3,0
EMP004590,24,Female,Single,5,Marketing,Operations,Operations Specialist,1,6,0,0,0,4559,0,15,26,1,1,3,1,4,3,Non-Travel,Yes,4,3,0
EMP004591,27,Female,Married,3,Technical Degree,IT,Manager,2,1,1,0,0,5569,0,18,2,3,3,2,3,3,0,Travel_Rarely,No,1,1,1
EMP004592,20,Male,Married,3,Human Resources,Marketing,Marketing Specialist,1,1,0,0,0,3571,0,9,4,3,3,3,3,3,2,Travel_Rarely,No,1,4,0
EMP004593,23,Female,Single,3,Medical,HR,Human Resources,2,5,0,0,0,5212,0,15,8,4,4,2,4,3,4,Travel_Frequently,No,1,4,0
EMP004594,29,Female,Single,3,Marketing,IT,Data Scientist,1,0,0,0,0,2985,1,11,4,4,3,1,2,3,8,Travel_Rarely,No,0,3,0
EMP004595,20,Male,Single,4,Marketing,R&D,Laboratory Technician,2,2,0,0,0,4897,0,11,19,2,1,2,3,1,2,Travel_Frequently,Yes,0,4,1
EMP004596,24,Male,Married,2,Other,Sales,Manager,1,0,0,0,0,3023,0,12,10,3,1,1,4,3,3,Travel_Frequently,No,0,1,0
EMP004597,29,Male,Married,5,Medical,Marketing,Marketing Manager,1,6,0,0,0,4480,0,8,8,3,2,2,2,3,2,Travel_Rarely,No,7,3,0
EMP004598,21,Male,Single,4,Human Resources,IT,Software Engineer,1,3,1,0,1,3391,0,17,2,1,3,2,3,4,1,Travel_Rarely,No,0,2,0
EMP004599,38,Female,Single,5,Medical,Sales,Manager,2,20,0,0,0,7816,1,14,16,4,4,2,3,3,4,Travel_Rarely,Yes,3,1,0
EMP004600,26,Female,Married,1,Life Sciences,Marketing,Marketing Specialist,1,8,6,2,0,4143,0,17,7,3,3,4,3,2,1,Travel_Rarely,Yes,2,3,0
EMP004601,32,Male,Married,4,Life Sciences,R&D,Research Scientist,3,6,3,2,0,6755,2,8,2,3,4,4,3,3,2,Travel_Rarely,Yes,3,2,0
EMP004602,26,Female,Married,4,Medical,R&D,Laboratory Technician,1,1,1,0,1,3212,1,17,9,2,4,3,3,3,2,Travel_Rarely,Yes,0,4,1
EMP004603,30,Female,Single,2,Marketing,HR,Manager,1,0,0,0,0,2806,0,19,13,4,2,3,4,3,3,Travel_Rarely,No,1,4,0
EMP004604,24,Male,Single,3,Marketing,HR,Human Resources,1,4,0,0,0,3536,0,12,2,3,4,2,4,3,0,Travel_Rarely,Yes,9,3,0
EMP004605,22,Female,Married,5,Medical,R&D,Laboratory Technician,1,4,3,1,0,3139,1,9,7,2,2,3,4,3,2,Non-Travel,No,2,4,0
EMP004606,21,Female,Single,3,Marketing,R&D,Research Scientist,1,0,0,0,0,2738,0,14,25,3,4,4,3,3,2,Travel_Frequently,No,0,1,0
EMP004607,31,Female,Married,3,Technical Degree,Operations,Operations Manager,1,3,1,0,1,3540,0,7,28,2,4,2,4,4,5,Travel_Rarely,Yes,8,4,1
EMP004608,26,Male,Single,5,Technical Degree,Operations,Operations Manager,1,8,0,0,0,4494,0,10,2,3,1,4,1,3,3,Non-Travel,No,5,2,1
EMP004609,24,Female,Single,2,Technical Degree,Sales,Manager,2,5,0,0,0,6678,0,10,18,4,3,3,1,3,3,Travel_Frequently,Yes,2,3,0
EMP004610,21,Male,Single,3,Human Resources,R&D,Manager,1,3,1,0,1,3211,0,5,6,2,3,2,3,1,1,Non-Travel,Yes,2,3,1
EMP004611,26,Male,Married,4,Marketing,Sales,Sales Executive,1,3,1,0,0,3580,1,14,5,4,3,1,2,2,3,Travel_Rarely,No,3,4,0
EMP004612,27,Male,Married,4,Life Sciences,Marketing,Marketing Specialist,1,9,3,1,0,5297,1,8,1,4,3,4,2,4,6,Travel_Rarely,No,1,4,0
EMP004613,31,Male,Single,3,Life Sciences,Marketing,Marketing Specialist,1,2,2,0,1,3851,1,15,10,2,4,2,4,4,5,Travel_Rarely,No,2,3,0
EMP004614,31,Male,Single,4,Medical,R&D,Research Director,2,2,2,2,1,6091,1,15,4,2,3,4,1,1,3,Travel_Frequently,No,0,3,0
EMP004615,36,Male,Divorced,4,Marketing,IT,Manager,4,3,0,0,0,12210,1,5,1,4,4,3,3,2,1,Travel_Rarely,No,6,4,0
EMP004616,20,Female,Single,4,Other,IT,Manager,1,2,2,1,1,3351,1,14,6,1,4,4,2,4,4,Travel_Frequently,No,0,3,0
EMP004617,30,Female,Married,4,Technical Degree,R&D,Manager,2,3,1,0,0,5410,0,14,8,3,4,4,3,2,3,Travel_Frequently,No,4,4,0
EMP004618,25,Male,Single,3,Life Sciences,R&D,Research Scientist,2,7,4,1,0,6893,0,16,19,4,3,2,2,2,1,Non-Travel,No,0,3,0
EMP004619,26,Male,Married,4,Marketing,R&D,Laboratory Technician,2,8,4,0,3,5868,0,13,10,1,2,4,4,4,4,Travel_Rarely,No,0,2,0
EMP004620,24,Female,Married,3,Technical Degree,R&D,Manager,1,0,0,0,0,3294,1,8,11,3,3,3,3,4,6,Travel_Rarely,No,1,4,0
EMP004621,21,Male,Single,5,Human Resources,HR,Manager,1,3,0,0,0,3171,1,7,9,4,2,4,4,3,1,Travel_Rarely,Yes,0,3,0
EMP004622,23,Male,Single,1,Life Sciences,Sales,Sales Executive,1,5,1,0,1,4276,0,9,10,2,4,4,3,2,1,Travel_Rarely,No,0,3,0
EMP004623,27,Female,Single,3,Medical,Sales,Sales Representative,2,4,1,0,1,6282,1,9,17,2,4,2,3,3,1,Non-Travel,Yes,1,3,1
EMP004624,30,Male,Single,2,Human Resources,Sales,Manager,2,5,2,0,2,6649,0,8,21,1,2,3,4,2,1,Travel_Frequently,Yes,0,1,1
EMP004625,31,Male,Married,4,Human Resources,HR,Manager,2,9,0,0,0,7245,0,11,8,3,1,2,1,4,1,Travel_Rarely,Yes,0,4,0
EMP004626,22,Male,Single,3,Medical,Operations,Operations Specialist,1,4,2,0,1,3994,0,14,1,1,4,3,3,3,2,Travel_Rarely,No,2,3,0
EMP004627,27,Male,Single,4,Life Sciences,Marketing,Marketing Specialist,2,0,0,0,0,6620,0,19,20,1,2,3,3,3,1,Travel_Rarely,No,2,2,0
EMP004628,30,Female,Married,5,Marketing,IT,Manager,2,1,1,0,1,4205,1,18,14,1,2,2,3,3,5,Travel_Rarely,Yes,5,4,0
EMP004629,28,Male,Single,3,Other,IT,Manager,2,9,0,0,0,7828,0,14,14,3,3,1,3,3,3,Travel_Rarely,Yes,8,1,0
EMP004630,19,Female,Single,2,Medical,R&D,Research Scientist,2,1,1,1,0,6545,1,16,18,3,1,2,4,3,2,Travel_Rarely,No,2,2,0
EMP004631,28,Female,Married,5,Other,R&D,Research Director,1,4,4,0,0,3639,1,12,22,3,2,4,1,4,3,Travel_Rarely,Yes,5,2,1
EMP004632,25,Male,Married,3,Medical,R&D,Laboratory Technician,3,7,0,0,0,10544,0,12,14,2,3,3,3,2,3,Travel_Frequently,No,3,1,0
EMP004633,25,Male,Married,3,Marketing,Sales,Sales Representative,2,7,4,1,3,7681,0,9,9,2,4,2,4,3,2,Travel_Frequently,Yes,1,4,0
EMP004634,35,Female,Married,3,Technical Degree,HR,Manager,2,6,1,1,1,6162,0,6,7,3,2,3,4,4,1,Non-Travel,No,0,3,0
EMP004635,34,Female,Married,3,Medical,Sales,Sales Representative,1,0,0,0,0,2951,0,13,5,3,2,3,2,3,3,Travel_Rarely,No,1,2,0
EMP004636,25,Male,Married,3,Medical,IT,Data Scientist,1,7,0,0,0,4032,0,10,8,3,3,4,3,4,1,Travel_Rarely,No,1,3,0
EMP004637,26,Male,Single,4,Medical,Sales,Manager,3,1,1,1,1,10988,2,17,9,2,1,3,2,4,5,Travel_Rarely,No,0,3,0
EMP004638,22,Female,Single,3,Technical Degree,Sales,Sales Executive,2,0,0,0,0,5941,0,18,11,1,3,2,3,3,3,Non-Travel,No,2,4,0
EMP004639,21,Male,Single,4,Life Sciences,Operations,Operations Manager,1,3,3,1,1,3178,1,7,8,3,3,4,1,4,2,Travel_Rarely,No,1,4,0
EMP004640,35,Male,Married,3,Marketing,Sales,Sales Representative,2,14,2,2,2,8388,0,11,10,2,1,3,1,4,3,Non-Travel,Yes,0,1,0
EMP004641,39,Male,Married,3,Technical Degree,R&D,Research Director,4,10,0,0,0,13609,1,9,5,4,3,3,3,3,4,Travel_Frequently,No,0,3,0
EMP004642,34,Male,Single,3,Marketing,Sales,Sales Executive,1,16,0,0,0,5525,0,11,22,1,3,2,3,2,2,Travel_Rarely,No,0,4,0
EMP004643,43,Male,Single,5,Other,Sales,Sales Representative,4,1,1,0,0,17387,3,6,9,4,1,3,4,3,0,Travel_Rarely,No,7,3,0
EMP004644,29,Male,Married,3,Marketing,HR,Human Resources,2,5,0,0,0,5353,1,5,4,4,2,3,1,2,2,Travel_Rarely,Yes,5,4,0
EMP004645,27,Female,Single,2,Marketing,HR,Human Resources,2,0,0,0,0,4712,0,14,22,4,2,2,3,3,0,Non-Travel,No,0,1,1
EMP004646,31,Male,Married,3,Marketing,Sales,Manager,2,8,2,0,1,6457,0,14,18,4,2,4,3,2,5,Non-Travel,No,4,3,0
EMP004647,29,Male,Married,2,Technical Degree,Marketing,Marketing Specialist,1,3,0,0,0,3387,1,14,11,1,4,3,4,1,3,Travel_Rarely,Yes,1,2,0
EMP004648,29,Male,Married,1,Life Sciences,IT,Manager,1,11,7,2,1,5172,0,8,22,4,1,2,4,3,3,Travel_Frequently,Yes,2,4,0
EMP004649,28,Female,Married,3,Other,R&D,Research Scientist,3,1,1,0,0,9477,0,18,2,3,4,3,3,4,1,Non-Travel,No,0,4,0
EMP004650,28,Male,Single,3,Life Sciences,Sales,Sales Executive,2,7,3,0,2,6211,0,12,18,3,4,4,2,3,1,Travel_Frequently,No,0,4,0
EMP004651,32,Male,Divorced,5,Marketing,IT,Manager,1,0,0,0,0,3286,1,17,22,2,3,3,2,2,1,Travel_Frequently,No,0,3,1
EMP004652,22,Male,Single,2,Marketing,IT,Software Engineer,1,1,1,0,0,3272,1,16,4,4,1,3,3,3,5,Travel_Frequently,No,0,1,0
EMP004653,33,Male,Married,4,Life Sciences,Sales,Manager,3,1,1,1,0,6755,0,17,10,3,3,3,1,4,2,Travel_Rarely,No,0,4,0
EMP004654,32,Female,Single,3,Life Sciences,R&D,Research Director,1,4,1,0,1,4030,0,9,2,3,3,2,1,3,2,Travel_Frequently,No,0,3,0
EMP004655,20,Female,Single,3,Life Sciences,Sales,Sales Representative,1,2,2,1,0,3353,1,9,4,2,2,3,3,4,2,Travel_Rarely,Yes,1,3,1
EMP004656,30,Male,Married,5,Life Sciences,R&D,Laboratory Technician,1,2,0,0,0,2581,0,7,13,3,3,3,4,4,3,Travel_Rarely,No,5,3,0
EMP004657,34,Female,Single,4,Other,R&D,Research Director,3,3,3,0,1,7185,2,7,9,2,4,2,2,1,1,Travel_Rarely,No,0,4,1
EMP004658,23,Male,Single,4,Other,Operations,Operations Manager,1,0,0,0,0,3357,0,12,18,1,2,2,4,3,2,Travel_Frequently,Yes,0,2,1
EMP004659,33,Male,Single,4,Life Sciences,IT,Data Scientist,2,5,1,1,0,7864,0,9,7,3,1,3,2,3,0,Travel_Rarely,No,0,4,0
EMP004660,37,Male,Married,5,Life Sciences,IT,Software Engineer,3,5,0,0,0,9198,1,20,4,4,3,2,1,4,3,Travel_Frequently,No,2,4,0
EMP004661,29,Female,Married,4,Other,R&D,Research Director,2,11,2,0,1,4906,0,18,7,4,3,3,4,3,1,Non-Travel,No,0,4,1
EMP004662,32,Male,Married,2,Life Sciences,Sales,Sales Executive,1,0,0,0,0,3197,0,16,4,4,4,4,3,2,1,Travel_Rarely,Yes,0,2,0
EMP004663,21,Male,Married,2,Human Resources,Sales,Sales Executive,1,0,0,0,0,2297,0,13,2,4,3,3,1,3,1,Travel_Frequently,No,1,2,0
EMP004664,34,Male,Single,4,Life Sciences,HR,Human Resources,2,0,0,0,0,4677,0,15,10,4,4,4,3,3,6,Travel_Frequently,No,0,4,0
EMP004665,29,Male,Married,4,Technical Degree,R&D,Laboratory Technician,3,2,0,0,0,10681,2,18,7,3,2,4,2,2,4,Travel_Rarely,No,2,2,0
EMP004666,36,Female,Single,4,Medical,Sales,Sales Representative,3,1,1,1,1,7335,1,14,14,1,2,3,3,3,2,Travel_Rarely,No,2,4,0
EMP004667,34,Female,Married,2,Life Sciences,Sales,Sales Executive,1,1,1,0,1,3416,0,10,1,3,2,3,3,2,3,Non-Travel,Yes,5,3,0
EMP004668,28,Female,Married,5,Life Sciences,Marketing,Marketing Manager,1,10,1,0,1,4986,0,22,5,3,2,3,2,4,3,Travel_Frequently,Yes,2,3,0
EMP004669,29,Female,Single,4,Technical Degree,HR,Human Resources,3,1,1,1,1,8520,1,15,5,1,2,2,3,3,0,Travel_Rarely,No,3,4,1
EMP004670,25,Female,Single,4,Medical,Sales,Sales Representative,3,2,2,0,2,6401,1,21,9,3,2,3,4,4,1,Travel_Rarely,No,9,3,0
EMP004671,29,Male,Married,1,Marketing,IT,Manager,1,5,3,1,3,4119,0,12,0,3,2,3,3,4,2,Non-Travel,No,1,3,0
EMP004672,38,Male,Single,5,Life Sciences,IT,Manager,3,2,2,0,2,9893,0,12,8,1,4,2,4,3,4,Travel_Rarely,No,2,1,0
EMP004673,28,Male,Married,4,Medical,R&D,Research Scientist,1,4,0,0,0,3217,0,16,8,4,3,3,3,3,4,Non-Travel,Yes,3,2,0
EMP004674,38,Male,Divorced,4,Marketing,Sales,Sales Executive,4,3,1,0,0,14889,2,12,14,2,1,4,3,3,3,Non-Travel,No,2,3,0
EMP004675,39,Male,Married,5,Medical,IT,Data Scientist,2,1,0,0,0,4509,0,15,7,1,2,2,1,3,2,Non-Travel,Yes,1,3,1
EMP004676,23,Male,Single,5,Life Sciences,R&D,Laboratory Technician,1,5,0,0,0,4433,0,16,14,2,2,1,4,1,3,Travel_Frequently,No,0,4,0
EMP004677,27,Male,Married,3,Medical,IT,Software Engineer,2,8,0,0,0,6017,0,19,10,4,2,3,3,3,2,Travel_Rarely,Yes,1,3,1
EMP004678,24,Male,Single,5,Technical Degree,Sales,Manager,2,6,0,0,0,5394,0,16,10,4,3,2,1,4,4,Travel_Rarely,Yes,0,4,0
EMP004679,35,Female,Married,4,Human Resources,R&D,Research Director,4,2,2,2,1,13574,1,11,10,1,4,1,1,4,0,Non-Travel,No,1,2,0
EMP004680,28,Male,Married,1,Technical Degree,Sales,Sales Executive,1,10,3,3,3,5194,0,10,10,3,4,3,4,3,1,Travel_Frequently,No,4,4,0
EMP004681,29,Male,Married,3,Life Sciences,IT,Software Engineer,3,11,1,1,0,8422,1,11,3,3,4,3,2,3,4,Travel_Rarely,No,2,2,0
EMP004682,35,Female,Single,3,Life Sciences,Operations,Operations Manager,3,1,1,1,0,9407,0,15,22,3,4,4,3,3,3,Travel_Rarely,No,2,4,0
EMP004683,42,Male,Married,4,Life Sciences,R&D,Research Scientist,3,0,0,0,0,6456,0,13,4,3,3,3,3,3,4,Travel_Rarely,No,3,3,0
EMP004684,42,Male,Married,4,Life Sciences,Sales,Manager,4,11,0,0,0,13402,2,12,2,3,3,2,1,4,2,Travel_Frequently,No,4,3,0
EMP004685,26,Male,Married,3,Life Sciences,R&D,Manager,2,6,3,3,2,6357,0,16,5,3,4,2,4,3,3,Non-Travel,No,2,4,0
EMP004686,39,Female,Married,4,Life Sciences,Marketing,Marketing Manager,3,1,1,1,1,7280,0,13,8,4,4,3,3,2,0,Travel_Rarely,Yes,0,3,0
EMP004687,33,Female,Married,4,Life Sciences,IT,Data Scientist,3,1,1,0,1,9233,0,17,0,4,1,3,3,3,1,Non-Travel,No,0,4,1
EMP004688,33,Female,Divorced,4,Life Sciences,Sales,Sales Executive,1,1,0,0,0,3466,1,12,13,2,2,3,4,4,4,Travel_Rarely,No,2,4,0
EMP004689,43,Male,Married,5,Medical,Operations,Operations Specialist,4,9,0,0,0,13779,3,10,8,4,3,3,4,2,2,Travel_Rarely,No,1,2,0
EMP004690,22,Male,Single,4,Life Sciences,HR,Human Resources,2,1,1,0,1,3484,0,18,5,1,2,2,1,3,1,Travel_Frequently,No,1,3,1
EMP004691,27,Male,Single,3,Life Sciences,Sales,Sales Representative,1,5,1,0,0,4559,0,17,1,4,4,3,3,2,4,Travel_Rarely,Yes,2,4,0
EMP004692,39,Female,Single,4,Technical Degree,HR,Human Resources,4,8,5,0,1,13761,2,6,17,1,4,3,2,3,2,Non-Travel,No,2,2,0
EMP004693,26,Female,Married,5,Life Sciences,R&D,Research Director,2,2,0,0,0,5033,0,19,7,3,3,4,4,3,5,Travel_Rarely,No,0,3,0
EMP004694,31,Male,Single,2,Life Sciences,IT,Data Scientist,2,0,0,0,0,5085,1,16,17,3,2,1,1,3,3,Travel_Rarely,No,6,3,0
EMP004695,25,Female,Single,5,Life Sciences,R&D,Laboratory Technician,2,7,0,0,0,7165,0,5,15,4,4,3,2,3,3,Travel_Rarely,No,2,1,0
EMP004696,26,Male,Married,1,Medical,Marketing,Marketing Specialist,1,0,0,0,0,3154,1,11,4,3,2,3,2,3,3,Travel_Frequently,No,2,4,0
EMP004697,32,Female,Married,3,Technical Degree,IT,Software Engineer,3,8,0,0,0,9900,0,15,31,3,4,2,3,3,1,Travel_Rarely,No,0,4,0
EMP004698,34,Female,Married,4,Life Sciences,IT,Manager,2,2,1,1,1,4191,1,15,5,3,2,3,3,4,1,Travel_Rarely,Yes,1,2,0
EMP004699,25,Male,Single,4,Marketing,R&D,Research Scientist,2,7,0,0,0,5133,0,14,17,3,2,3,4,3,5,Travel_Frequently,No,3,1,0
EMP004700,34,Female,Single,4,Technical Degree,Operations,Operations Manager,3,3,0,0,0,8325,2,5,6,3,2,4,1,1,1,Travel_Rarely,No,1,1,0
EMP004701,27,Male,Married,3,Marketing,R&D,Research Director,2,2,1,1,1,5852,1,12,22,4,4,3,3,3,4,Travel_Frequently,No,2,3,0
EMP004702,34,Male,Divorced,4,Other,Marketing,Marketing Specialist,2,11,0,0,0,8053,1,10,14,3,2,4,1,3,3,Travel_Rarely,No,0,2,0
EMP004703,28,Female,Married,4,Other,Sales,Sales Executive,3,7,7,0,1,11238,0,12,37,2,3,4,3,3,0,Travel_Rarely,Yes,3,3,0
EMP004704,31,Female,Single,3,Life Sciences,Operations,Operations Manager,2,0,0,0,0,6670,0,12,13,1,3,3,3,3,1,Non-Travel,No,0,3,1
EMP004705,28,Male,Single,4,Medical,IT,Manager,2,10,3,0,3,6825,1,5,2,4,2,4,1,3,4,Travel_Rarely,No,2,4,0
EMP004706,21,Female,Married,4,Technical Degree,Operations,Operations Specialist,1,3,0,0,0,3798,0,5,4,1,3,2,2,3,6,Travel_Rarely,No,1,3,0
EMP004707,26,Female,Single,3,Human Resources,Sales,Sales Representative,1,0,0,0,0,3095,1,16,12,2,2,3,4,3,1,Non-Travel,No,0,3,0
EMP004708,29,Male,Single,3,Technical Degree,R&D,Manager,1,7,0,0,0,4154,0,9,0,3,3,2,2,3,2,Travel_Rarely,No,2,2,0
EMP004709,28,Male,Single,1,Life Sciences,Sales,Sales Representative,2,3,0,0,0,6466,0,8,5,4,3,4,3,3,7,Travel_Frequently,No,1,4,0
EMP004710,44,Female,Married,4,Life Sciences,Sales,Sales Executive,2,5,5,0,0,6661,1,13,15,2,1,3,2,2,3,Non-Travel,No,3,4,0
EMP004711,34,Male,Married,2,Technical Degree,R&D,Research Director,3,5,2,1,2,8822,1,12,13,3,2,3,2,3,2,Travel_Rarely,No,1,1,0
EMP004712,31,Female,Single,3,Medical,Operations,Operations Specialist,1,1,1,1,1,2794,1,15,7,2,1,3,4,4,2,Non-Travel,Yes,3,4,0
EMP004713,29,Male,Married,3,Marketing,IT,Software Engineer,2,11,1,0,0,6315,0,17,8,1,4,3,1,3,6,Non-Travel,Yes,2,2,1
EMP004714,20,Male,Single,1,Marketing,R&D,Laboratory Technician,1,0,0,0,0,2692,1,20,11,3,3,2,3,3,4,Travel_Rarely,No,0,2,0
EMP004715,28,Male,Married,3,Life Sciences,Operations,Operations Manager,2,4,0,0,0,6049,0,19,3,3,3,2,2,2,0,Travel_Rarely,No,0,2,0
EMP004716,34,Female,Married,3,Other,IT,Manager,2,0,0,0,0,4543,0,11,7,1,3,4,3,1,3,Travel_Frequently,Yes,3,3,1
EMP004717,25,Female,Married,3,Other,Marketing,Marketing Specialist,3,7,6,0,1,9644,1,17,4,4,3,2,3,4,0,Non-Travel,No,0,3,0
EMP004718,25,Male,Single,3,Medical,Marketing,Marketing Manager,2,0,0,0,0,4745,0,11,9,2,2,4,3,3,3,Non-Travel,No,0,4,0
EMP004719,22,Male,Single,5,Marketing,IT,Data Scientist,1,2,2,1,2,3300,0,15,7,4,3,4,3,4,3,Travel_Rarely,Yes,0,2,1
EMP004720,23,Female,Single,1,Technical Degree,Sales,Manager,2,0,0,0,0,5283,0,12,5,3,4,3,1,4,5,Travel_Rarely,Yes,1,3,1
EMP004721,50,Male,Married,5,Life Sciences,Operations,Operations Specialist,4,2,2,0,1,12104,1,12,3,2,4,3,3,3,4,Travel_Rarely,No,1,4,0
EMP004722,34,Male,Married,4,Life Sciences,R&D,Research Director,3,0,0,0,0,6668,1,16,17,3,4,4,4,1,4,Travel_Rarely,No,1,4,0
EMP004723,31,Male,Married,2,Life Sciences,IT,Manager,3,2,0,0,0,7805,0,12,6,3,2,1,2,3,1,Travel_Rarely,Yes,1,3,1
EMP004724,31,Male,Single,3,Other,IT,Manager,1,5,1,1,0,4321,1,15,2,4,3,2,4,4,5,Travel_Frequently,No,5,3,0
EMP004725,42,Male,Single,5,Medical,Sales,Manager,2,1,1,0,1,5416,0,15,3,3,1,4,3,4,7,Travel_Rarely,Yes,1,3,1
EMP004726,37,Male,Married,4,Life Sciences,HR,Manager,4,4,1,1,0,12922,1,9,5,4,2,3,4,4,3,Non-Travel,Yes,2,4,0
EMP004727,20,Male,Single,2,Medical,R&D,Research Scientist,2,2,0,0,0,5259,0,10,3,1,3,3,3,4,1,Travel_Rarely,Yes,1,2,0
EMP004728,23,Female,Single,3,Life Sciences,Sales,Manager,1,2,2,2,1,3011,0,10,14,3,4,2,2,2,4,Travel_Rarely,No,0,2,1
EMP004729,32,Male,Married,3,Life Sciences,Sales,Sales Representative,3,5,2,1,1,7262,2,11,7,2,1,3,1,3,2,Travel_Rarely,No,0,4,0
EMP004730,30,Female,Married,4,Medical,Marketing,Marketing Specialist,3,12,1,1,1,10767,0,12,8,2,1,4,1,3,2,Travel_Rarely,Yes,3,2,0
EMP004731,29,Female,Married,5,Marketing,Sales,Manager,2,11,0,0,0,7051,0,9,9,4,2,3,4,3,1,Travel_Frequently,No,0,2,1
EMP004732,22,Male,Single,2,Marketing,Marketing,Marketing Specialist,1,4,2,0,2,3911,0,8,9,3,1,4,3,3,4,Non-Travel,No,1,3,0
EMP004733,27,Female,Single,3,Technical Degree,HR,Manager,2,0,0,0,0,5683,0,16,2,2,4,1,1,3,2,Travel_Rarely,No,2,3,1
EMP004734,33,Male,Married,3,Technical Degree,HR,Manager,1,1,0,0,0,2726,0,18,6,3,3,3,2,3,3,Non-Travel,No,1,1,0
EMP004735,25,Male,Single,5,Medical,IT,Data Scientist,2,7,7,0,2,4076,1,9,19,3,4,4,3,1,2,Travel_Frequently,Yes,0,2,1
EMP004736,21,Female,Single,4,Marketing,R&D,Laboratory Technician,1,0,0,0,0,3250,0,15,9,1,2,3,4,3,0,Travel_Frequently,No,1,4,0
EMP004737,35,Female,Single,5,Medical,R&D,Laboratory Technician,3,2,0,0,0,10005,0,11,3,4,3,2,3,3,3,Travel_Rarely,Yes,1,4,0
EMP004738,21,Female,Married,3,Medical,Sales,Sales Executive,1,3,0,0,0,3528,0,20,4,4,2,2,3,2,2,Non-Travel,No,0,2,0
EMP004739,35,Female,Married,4,Medical,HR,Manager,4,17,1,1,1,15235,3,17,18,3,1,3,1,3,3,Non-Travel,Yes,2,3,0
EMP004740,27,Male,Single,3,Medical,HR,Manager,2,1,1,0,0,4893,1,12,8,2,4,3,3,2,1,Travel_Rarely,No,0,3,0
EMP004741,27,Male,Married,5,Life Sciences,R&D,Laboratory Technician,1,7,2,0,2,4650,0,10,7,1,3,2,2,3,3,Travel_Rarely,No,1,2,0
EMP004742,33,Male,Single,3,Life Sciences,HR,Human Resources,2,5,0,0,0,5061,1,11,13,1,3,3,1,3,0,Travel_Rarely,No,1,3,0
EMP004743,25,Female,Married,4,Marketing,R&D,Manager,3,4,0,0,0,10328,1,9,4,3,2,1,4,4,4,Travel_Rarely,Yes,9,3,0
EMP004744,39,Female,Married,3,Marketing,IT,Manager,3,6,1,1,0,9358,0,8,4,4,3,2,4,2,1,Travel_Rarely,Yes,4,1,0
EMP004745,24,Female,Single,4,Medical,HR,Manager,1,1,1,0,1,3088,0,17,11,3,2,2,3,4,3,Travel_Frequently,Yes,1,4,1
EMP004746,33,Male,Single,3,Human Resources,Operations,Operations Manager,1,2,1,1,0,3127,0,5,4,4,2,3,1,3,2,Travel_Rarely,Yes,2,3,0
EMP004747,25,Male,Married,1,Marketing,R&D,Research Scientist,2,4,0,0,0,6495,0,11,9,3,3,4,3,2,1,Non-Travel,No,2,1,1
EMP004748,30,Female,Married,3,Other,Marketing,Marketing Manager,3,2,1,0,1,8136,0,15,10,3,1,2,1,4,2,Non-Travel,Yes,0,3,0
EMP004749,30,Female,Married,4,Marketing,R&D,Research Director,2,6,1,1,1,7302,0,18,18,4,4,3,4,4,4,Travel_Rarely,Yes,6,3,0
EMP004750,32,Male,Married,2,Life Sciences,HR,Human Resources,3,8,4,0,0,10602,1,15,3,2,2,3,3,4,3,Travel_Rarely,No,1,2,0
EMP004751,22,Male,Single,2,Human Resources,R&D,Laboratory Technician,1,3,1,1,0,4193,1,6,30,3,3,4,2,3,2,Travel_Rarely,Yes,1,3,0
EMP004752,36,Male,Divorced,3,Other,R&D,Laboratory Technician,3,2,1,1,0,8152,1,14,5,1,3,2,3,2,2,Non-Travel,No,4,2,0
EMP004753,34,Male,Married,3,Medical,Operations,Operations Specialist,1,12,3,1,0,5631,1,19,22,4,4,2,4,3,5,Non-Travel,Yes,4,4,0
EMP004754,31,Female,Married,3,Life Sciences,Sales,Manager,3,6,0,0,0,9449,0,8,3,4,2,3,4,2,3,Travel_Rarely,Yes,7,3,0
EMP004755,25,Male,Married,3,Life Sciences,Sales,Sales Executive,3,5,2,0,2,8662,2,9,6,3,4,3,4,3,2,Non-Travel,No,0,4,0
EMP004756,25,Female,Single,2,Technical Degree,IT,Data Scientist,2,0,0,0,0,4219,0,14,1,4,2,3,4,3,5,Travel_Rarely,No,2,2,0
EMP004757,36,Male,Married,2,Life Sciences,HR,Manager,2,3,3,3,2,7265,1,14,22,4,3,2,3,3,1,Non-Travel,Yes,1,4,0
EMP004758,22,Male,Single,4,Marketing,R&D,Manager,1,0,0,0,0,2759,1,18,0,3,2,2,3,3,6,Non-Travel,No,0,2,0
EMP004759,26,Male,Married,2,Marketing,R&D,Manager,2,5,0,0,0,6515,1,11,5,3,3,4,3,4,2,Travel_Rarely,No,1,2,0
EMP004760,41,Female,Married,4,Life Sciences,R&D,Manager,4,1,1,1,0,14191,2,18,7,3,2,2,1,3,3,Travel_Rarely,No,1,2,0
EMP004761,26,Female,Single,3,Technical Degree,HR,Manager,2,6,3,0,2,5668,0,10,9,2,1,4,2,3,2,Travel_Frequently,Yes,0,2,1
EMP004762,31,Male,Divorced,5,Technical Degree,IT,Manager,2,7,0,0,0,5394,1,6,5,2,3,3,2,2,3,Non-Travel,No,1,3,0
EMP004763,26,Male,Married,2,Medical,R&D,Laboratory Technician,2,1,0,0,0,5513,1,15,11,4,3,4,3,3,6,Travel_Frequently,No,5,1,0
EMP004764,40,Male,Married,4,Medical,IT,Software Engineer,3,18,0,0,0,11067,2,11,2,2,2,3,4,3,3,Travel_Rarely,No,4,1,0
EMP004765,41,Male,Married,3,Technical Degree,IT,Software Engineer,4,3,1,1,0,11204,2,11,16,2,1,4,4,4,1,Travel_Rarely,No,0,2,0
EMP004766,36,Female,Married,1,Marketing,IT,Manager,4,1,1,1,0,11243,2,17,1,3,1,3,2,4,2,Travel_Rarely,No,0,2,0
EMP004767,30,Male,Married,3,Marketing,R&D,Research Director,3,7,1,0,1,9822,0,11,8,2,1,4,3,3,5,Travel_Rarely,Yes,1,4,0
EMP004768,30,Male,Single,3,Medical,R&D,Research Director,2,7,1,1,1,5279,0,16,8,1,2,2,3,4,1,Non-Travel,No,6,1,0
EMP004769,34,Female,Married,3,Life Sciences,HR,Human Resources,2,2,0,0,0,5259,0,19,2,4,4,1,2,3,3,Travel_Rarely,Yes,0,3,1
EMP004770,35,Male,Married,3,Human Resources,Marketing,Marketing Manager,4,5,2,1,0,10860,1,14,3,3,3,4,4,3,2,Travel_Rarely,No,3,4,0
EMP004771,28,Male,Married,5,Marketing,IT,Manager,2,0,0,0,0,6045,0,17,31,4,4,3,2,3,1,Non-Travel,No,0,2,0
EMP004772,35,Male,Divorced,3,Medical,HR,Manager,3,1,1,1,1,8029,2,8,13,3,2,3,3,4,5,Travel_Frequently,No,0,3,0
EMP004773,30,Female,Married,3,Technical Degree,Operations,Operations Manager,2,10,1,1,1,7887,0,14,8,4,4,2,4,3,4,Travel_Rarely,Yes,0,3,0
EMP004774,21,Female,Single,4,Marketing,R&D,Laboratory Technician,1,1,1,0,1,3645,1,15,6,3,4,4,3,4,1,Non-Travel,No,2,3,0
EMP004775,25,Male,Divorced,4,Life Sciences,IT,Manager,2,7,0,0,0,6469,1,10,4,2,4,4,1,2,2,Non-Travel,No,2,2,0
EMP004776,32,Female,Married,2,Other,IT,Data Scientist,2,4,0,0,0,6306,1,5,9,1,3,4,2,3,3,Travel_Rarely,No,1,4,0
EMP004777,31,Male,Married,4,Life Sciences,Marketing,Marketing Specialist,1,11,0,0,0,5464,0,14,3,2,2,3,1,3,3,Travel_Rarely,No,1,2,0
EMP004778,32,Female,Single,3,Marketing,Operations,Operations Specialist,2,0,0,0,0,5763,0,12,2,1,4,2,4,4,1,Travel_Rarely,No,1,3,0
EMP004779,41,Female,Married,2,Medical,R&D,Laboratory Technician,3,3,0,0,0,8491,0,6,6,3,4,4,2,3,1,Travel_Rarely,No,0,3,1
EMP004780,21,Female,Single,3,Medical,Sales,Manager,1,1,0,0,0,3317,1,19,2,1,4,4,4,2,2,Travel_Rarely,No,0,3,0
EMP004781,31,Female,Married,1,Technical Degree,R&D,Research Director,2,10,1,0,1,6223,0,10,20,2,4,2,2,4,1,Travel_Rarely,Yes,0,3,0
EMP004782,37,Male,Married,3,Technical Degree,Marketing,Marketing Manager,2,2,2,2,0,4764,0,7,14,1,2,3,2,3,1,Travel_Frequently,No,6,4,1
EMP004783,31,Female,Single,3,Technical Degree,IT,Software Engineer,1,4,0,0,0,4085,0,12,17,3,4,1,1,4,1,Travel_Frequently,Yes,1,4,0
EMP004784,25,Female,Married,3,Medical,R&D,Research Scientist,2,7,0,0,0,6777,0,11,5,3,3,4,3,3,5,Travel_Rarely,No,3,3,0
EMP004785,23,Male,Married,4,Other,Sales,Sales Representative,2,1,1,0,1,4510,0,17,2,3,3,3,3,3,3,Travel_Frequently,No,2,2,0
EMP004786,22,Female,Single,4,Medical,R&D,Manager,2,0,0,0,0,5037,0,15,14,4,4,2,2,3,5,Travel_Rarely,No,0,2,0
EMP004787,26,Female,Single,4,Marketing,R&D,Research Scientist,2,3,3,1,3,4644,0,15,14,2,4,2,3,4,1,Travel_Rarely,Yes,1,3,1
EMP004788,31,Male,Single,4,Other,Sales,Sales Representative,2,5,0,0,0,4913,0,5,4,4,2,3,1,4,3,Travel_Rarely,No,2,1,0
EMP004789,28,Male,Married,5,Life Sciences,IT,Data Scientist,3,6,4,3,2,9472,0,15,14,3,3,3,4,2,2,Travel_Rarely,Yes,0,2,1
EMP004790,45,Female,Married,5,Life Sciences,R&D,Research Director,4,2,0,0,0,11204,2,16,2,4,4,3,4,4,3,Travel_Rarely,No,0,3,0
EMP004791,22,Female,Married,5,Human Resources,HR,Human Resources,1,0,0,0,0,3116,0,13,24,1,3,1,2,3,3,Travel_Frequently,Yes,0,2,0
EMP004792,27,Female,Married,2,Human Resources,Sales,Sales Executive,2,2,2,0,2,5070,0,14,13,4,1,1,2,4,1,Travel_Rarely,No,3,1,0
EMP004793,23,Female,Single,3,Technical Degree,Marketing,Marketing Manager,1,0,0,0,0,2682,0,10,5,4,2,3,3,2,4,Travel_Rarely,No,2,1,0
EMP004794,21,Female,Single,3,Medical,IT,Software Engineer,1,0,0,0,0,3560,0,18,4,3,3,2,3,2,3,Travel_Rarely,No,1,1,0
EMP004795,47,Female,Single,3,Marketing,R&D,Research Director,4,1,1,1,1,13507,1,11,28,1,3,3,3,4,3,Travel_Rarely,No,3,2,0
EMP004796,38,Male,Married,2,Life Sciences,HR,Manager,4,7,0,0,0,12345,2,15,4,1,4,1,1,3,3,Travel_Frequently,Yes,1,2,1
EMP004797,29,Female,Married,3,Medical,Sales,Manager,1,7,0,0,0,5002,0,9,9,2,4,3,3,2,2,Travel_Rarely,No,0,2,0
EMP004798,35,Male,Married,5,Medical,Operations,Operations Manager,3,4,3,0,0,7576,1,10,29,3,2,1,3,2,2,Travel_Rarely,Yes,5,3,1
EMP004799,24,Male,Single,3,Life Sciences,IT,Data Scientist,1,6,0,0,0,3736,0,8,13,2,3,4,2,3,1,Travel_Frequently,No,0,4,0
EMP004800,23,Male,Single,3,Medical,IT,Software Engineer,1,3,2,0,0,3167,1,15,15,4,1,2,2,3,2,Travel_Frequently,No,1,4,1
EMP004801,19,Male,Single,1,Medical,Sales,Manager,1,1,1,1,1,2941,1,14,7,4,3,4,3,3,2,Travel_Rarely,Yes,0,2,0
EMP004802,34,Male,Single,4,Technical Degree,Sales,Sales Representative,3,4,0,0,0,7733,2,6,17,4,1,3,1,4,4,Travel_Rarely,No,3,3,0
EMP004803,38,Male,Married,3,Marketing,HR,Human Resources,3,12,6,1,1,10107,0,12,13,2,2,2,3,3,1,Travel_Frequently,Yes,0,4,0
EMP004804,26,Male,Single,2,Other,Sales,Manager,2,0,0,0,0,4343,1,15,7,4,3,2,3,3,5,Travel_Rarely,No,2,2,0
EMP004805,21,Male,Single,5,Medical,IT,Manager,1,3,3,0,2,3353,0,7,1,4,4,4,3,3,2,Travel_Rarely,No,2,3,0
EMP004806,33,Male,Single,4,Medical,R&D,Laboratory Technician,3,6,0,0,0,9108,2,12,10,4,1,2,3,4,1,Travel_Frequently,No,0,3,1
EMP004807,31,Female,Married,4,Marketing,R&D,Research Director,2,5,0,0,0,6617,0,14,11,4,4,3,4,4,1,Travel_Rarely,No,6,2,0
EMP004808,33,Female,Married,5,Life Sciences,Sales,Sales Executive,2,4,3,0,2,6051,0,5,2,4,3,2,1,4,3,Non-Travel,No,2,1,1
EMP004809,24,Female,Married,3,Medical,Operations,Operations Specialist,1,1,1,1,0,3750,0,11,21,2,3,4,3,3,10,Travel_Frequently,No,2,3,1
EMP004810,27,Male,Married,4,Technical Degree,Operations,Operations Specialist,2,9,5,0,1,6725,0,12,23,3,3,3,3,2,3,Non-Travel,No,5,3,0
EMP004811,37,Female,Married,3,Medical,Sales,Sales Executive,2,17,7,0,1,8253,0,13,3,3,2,4,4,4,3,Travel_Frequently,No,2,2,0
EMP004812,23,Male,Single,4,Other,R&D,Research Scientist,1,5,0,0,0,4671,1,11,13,3,4,1,2,4,2,Travel_Frequently,No,0,3,0
EMP004813,34,Male,Single,1,Marketing,R&D,Laboratory Technician,2,0,0,0,0,5631,1,18,21,4,1,3,2,3,1,Travel_Rarely,No,1,3,0
EMP004814,29,Female,Divorced,2,Life Sciences,R&D,Manager,1,6,0,0,0,4662,0,8,8,3,1,4,3,3,1,Travel_Frequently,No,2,4,0
EMP004815,30,Female,Married,3,Medical,Operations,Operations Specialist,1,4,2,1,2,4754,0,14,8,4,4,3,3,3,3,Travel_Rarely,No,0,4,0
EMP004816,35,Female,Single,1,Technical Degree,IT,Software Engineer,4,7,5,1,5,11738,3,9,5,1,2,4,2,3,5,Travel_Rarely,Yes,3,3,0
EMP004817,43,Female,Single,3,Marketing,Operations,Operations Manager,4,2,0,0,0,9398,3,21,2,3,1,3,3,3,1,Non-Travel,No,1,1,0
EMP004818,28,Male,Married,3,Other,Marketing,Marketing Specialist,2,10,8,4,0,7252,1,14,5,1,4,4,3,1,4,Non-Travel,No,1,2,0
EMP004819,21,Female,Single,4,Technical Degree,IT,Data Scientist,1,1,0,0,0,3240,0,10,11,3,1,2,3,3,3,Travel_Rarely,Yes,0,3,0
EMP004820,19,Female,Married,2,Life Sciences,IT,Manager,2,1,0,0,0,4519,0,20,14,3,4,4,2,3,2,Travel_Frequently,No,1,3,0
EMP004821,36,Female,Married,2,Life Sciences,Marketing,Marketing Specialist,4,3,1,0,0,13090,3,5,8,2,3,3,1,4,2,Travel_Rarely,No,1,3,0
EMP004822,25,Female,Married,4,Marketing,IT,Manager,2,4,3,0,1,5653,1,16,8,4,3,4,4,2,3,Travel_Frequently,No,1,3,0
EMP004823,28,Male,Married,4,Life Sciences,Sales,Manager,2,0,0,0,0,5217,0,12,11,2,1,2,2,4,5,Travel_Rarely,No,1,3,0
EMP004824,20,Male,Single,1,Marketing,HR,Manager,1,2,0,0,0,3703,0,17,17,3,3,4,3,1,3,Travel_Rarely,No,0,3,1
EMP004825,23,Male,Single,3,Technical Degree,R&D,Research Scientist,2,4,0,0,0,6392,0,10,11,3,2,3,1,2,1,Travel_Rarely,No,0,3,1
EMP004826,26,Male,Married,4,Marketing,Operations,Operations Manager,3,6,0,0,0,10000,0,6,11,2,2,3,3,4,2,Travel_Frequently,No,0,3,0
EMP004827,36,Male,Married,2,Medical,R&D,Laboratory Technician,3,1,1,1,0,5137,0,16,1,4,3,3,3,3,4,Travel_Rarely,No,1,4,0
EMP004828,27,Male,Married,3,Marketing,Sales,Sales Representative,3,8,0,0,0,10496,0,6,2,3,4,4,2,3,4,Travel_Rarely,No,3,2,0
EMP004829,41,Female,Married,3,Life Sciences,R&D,Research Scientist,2,14,2,2,0,7049,0,8,4,3,3,4,2,3,4,Travel_Rarely,No,1,4,0
EMP004830,23,Female,Single,5,Technical Degree,Marketing,Marketing Specialist,1,5,0,0,0,3976,0,7,3,3,3,2,3,3,1,Travel_Rarely,Yes,1,3,0
EMP004831,21,Female,Single,2,Technical Degree,Operations,Operations Manager,1,2,1,1,0,3556,0,10,11,3,4,1,3,3,2,Travel_Frequently,No,0,3,1
EMP004832,28,Male,Single,3,Marketing,IT,Manager,1,7,3,0,0,4845,0,9,0,4,4,3,2,3,3,Travel_Rarely,No,0,3,0
EMP004833,27,Male,Married,5,Life Sciences,Sales,Sales Executive,3,2,2,2,0,7990,1,11,11,2,3,4,3,3,3,Travel_Rarely,No,5,3,0
EMP004834,24,Female,Single,3,Technical Degree,Sales,Manager,2,6,0,0,0,6262,0,8,7,2,4,3,4,2,0,Non-Travel,Yes,1,2,1
EMP004835,30,Male,Married,3,Marketing,R&D,Research Scientist,1,2,0,0,0,3262,0,5,10,4,2,2,4,4,3,Travel_Frequently,No,0,4,0
EMP004836,27,Female,Single,1,Life Sciences,Operations,Operations Manager,2,1,1,1,0,5201,0,16,9,4,3,3,1,3,3,Travel_Rarely,No,2,1,0
EMP004837,25,Female,Single,5,Other,Marketing,Marketing Manager,2,3,1,0,0,5478,0,13,18,2,3,3,3,3,9,Travel_Rarely,Yes,4,2,0
EMP004838,36,Male,Married,4,Technical Degree,Operations,Operations Manager,2,0,0,0,0,5544,1,14,5,2,4,4,3,2,1,Travel_Frequently,Yes,0,2,0
EMP004839,35,Female,Married,4,Marketing,HR,Manager,4,4,0,0,0,15345,2,12,4,1,4,4,4,3,5,Non-Travel,No,0,1,0
EMP004840,33,Male,Married,2,Medical,Marketing,Marketing Specialist,2,4,4,4,4,4691,0,15,6,2,2,1,4,2,5,Travel_Frequently,Yes,0,3,0
EMP004841,44,Female,Married,2,Human Resources,R&D,Manager,3,3,0,0,0,9905,1,13,15,3,3,2,3,3,3,Travel_Frequently,Yes,2,3,0
EMP004842,25,Male,Married,3,Technical Degree,Sales,Sales Representative,1,4,0,0,0,4243,1,14,19,1,4,3,2,3,3,Travel_Rarely,No,2,4,0
EMP004843,33,Male,Married,3,Marketing,Marketing,Marketing Specialist,2,15,3,0,0,8278,0,12,36,2,3,3,3,3,3,Travel_Rarely,No,1,3,0
EMP004844,38,Female,Married,4,Technical Degree,Sales,Manager,3,2,0,0,0,12167,1,16,3,4,3,2,1,3,1,Travel_Frequently,No,0,1,0
EMP004845,32,Female,Single,4,Life Sciences,IT,Data Scientist,2,2,0,0,0,5210,0,15,6,1,4,3,2,3,1,Travel_Rarely,No,2,2,0
EMP004846,38,Female,Married,4,Life Sciences,IT,Data Scientist,2,1,1,1,1,4739,1,9,4,4,3,2,4,3,1,Travel_Frequently,No,9,4,0
EMP004847,25,Male,Single,3,Life Sciences,Sales,Sales Executive,2,1,1,1,1,7020,0,11,3,3,4,3,4,2,4,Non-Travel,No,1,3,0
EMP004848,30,Female,Single,4,Life Sciences,Sales,Manager,2,1,1,1,0,3880,1,11,14,2,4,3,4,3,1,Travel_Rarely,No,2,3,0
EMP004849,30,Female,Married,4,Technical Degree,R&D,Laboratory Technician,1,1,0,0,0,2490,0,15,8,3,3,4,3,4,1,Travel_Rarely,No,3,4,1
EMP004850,22,Female,Married,3,Life Sciences,IT,Data Scientist,1,2,0,0,0,3758,1,16,6,2,3,1,2,2,1,Travel_Rarely,Yes,2,3,0
EMP004851,29,Female,Married,4,Technical Degree,Sales,Sales Executive,1,1,1,0,1,3319,0,15,14,3,3,4,2,4,5,Travel_Rarely,No,1,2,0
EMP004852,23,Female,Married,2,Marketing,R&D,Manager,2,3,0,0,0,4634,0,14,8,1,2,2,3,3,4,Non-Travel,No,1,4,0
EMP004853,36,Female,Married,4,Medical,IT,Software Engineer,2,1,1,0,1,5814,0,7,7,3,4,1,2,3,1,Travel_Rarely,No,0,4,0
EMP004854,24,Female,Single,5,Medical,Sales,Sales Executive,1,2,1,0,0,3252,1,14,1,3,2,2,3,3,5,Travel_Rarely,No,0,2,0
EMP004855,41,Male,Married,3,Marketing,Sales,Manager,4,0,0,0,0,8592,3,12,10,1,4,3,1,3,4,Travel_Rarely,No,4,3,0
EMP004856,37,Male,Married,3,Medical,R&D,Research Scientist,4,0,0,0,0,13180,3,20,10,4,4,3,4,3,0,Travel_Frequently,No,2,1,0
EMP004857,20,Female,Single,2,Medical,R&D,Research Director,1,2,0,0,0,3844,1,20,5,1,2,3,4,3,3,Travel_Rarely,No,2,3,0
EMP004858,23,Female,Single,4,Technical Degree,HR,Human Resources,1,4,0,0,0,3218,0,12,4,4,1,4,1,2,0,Non-Travel,Yes,0,3,0
EMP004859,25,Female,Single,4,Marketing,Operations,Operations Specialist,2,0,0,0,0,3895,0,14,10,2,1,4,1,4,4,Travel_Frequently,No,1,3,0
EMP004860,32,Male,Married,1,Technical Degree,Sales,Manager,1,1,1,0,0,2052,1,15,11,4,4,4,3,4,0,Travel_Frequently,Yes,2,3,0
EMP004861,39,Male,Married,4,Technical Degree,Marketing,Marketing Specialist,3,1,1,0,1,8075,0,14,13,4,3,4,1,3,2,Travel_Frequently,No,7,2,0
EMP004862,30,Male,Single,4,Technical Degree,R&D,Research Scientist,2,7,0,0,0,6024,0,14,11,2,3,2,1,2,4,Travel_Rarely,No,0,3,0
EMP004863,40,Male,Married,5,Life Sciences,IT,Software Engineer,2,2,0,0,0,4937,0,10,4,2,2,3,2,4,2,Non-Travel,No,4,3,1
EMP004864,26,Male,Single,3,Human Resources,Marketing,Marketing Specialist,1,2,0,0,0,3865,1,9,11,4,3,3,4,2,1,Non-Travel,No,5,3,0
EMP004865,29,Female,Divorced,3,Medical,HR,Manager,3,5,2,0,2,8385,0,12,2,1,3,3,4,2,1,Travel_Frequently,No,1,4,0
EMP004866,27,Male,Single,5,Technical Degree,Sales,Sales Representative,2,1,0,0,0,4188,1,14,9,1,4,4,4,2,4,Travel_Rarely,Yes,3,4,1
EMP004867,37,Male,Divorced,3,Technical Degree,Sales,Sales Representative,3,2,2,1,0,8241,0,13,4,3,2,4,2,2,0,Travel_Frequently,No,0,3,1
EMP004868,27,Male,Married,4,Marketing,IT,Software Engineer,3,7,2,0,1,9724,2,13,2,2,2,3,1,2,3,Travel_Rarely,Yes,2,3,0
EMP004869,39,Female,Married,4,Human Resources,Sales,Sales Representative,2,7,0,0,0,5546,0,17,19,2,3,3,1,3,3,Non-Travel,No,1,3,0
EMP004870,31,Female,Single,3,Life Sciences,HR,Manager,1,4,0,0,0,3255,0,9,1,3,2,3,3,2,4,Travel_Rarely,Yes,0,3,0
EMP004871,23,Male,Single,2,Medical,R&D,Research Director,2,4,2,0,1,6561,1,10,7,2,2,3,2,3,1,Travel_Rarely,Yes,1,4,0
EMP004872,31,Female,Married,1,Life Sciences,R&D,Research Director,1,0,0,0,0,2261,0,15,10,1,3,3,4,3,2,Travel_Rarely,No,2,2,0
EMP004873,27,Male,Single,3,Life Sciences,IT,Manager,2,3,0,0,0,4864,0,5,2,3,3,2,3,3,4,Non-Travel,No,1,1,0
EMP004874,34,Male,Single,3,Technical Degree,IT,Software Engineer,2,1,1,0,0,4538,0,9,10,3,3,2,4,2,4,Non-Travel,Yes,0,2,0
EMP004875,37,Female,Married,4,Life Sciences,HR,Human Resources,2,6,2,0,2,6098,0,12,2,4,4,1,4,3,3,Travel_Rarely,No,1,3,0
EMP004876,36,Male,Single,3,Other,R&D,Manager,2,4,1,1,1,6213,1,10,7,4,4,4,3,4,2,Travel_Rarely,No,0,4,0
EMP004877,31,Female,Single,3,Marketing,Sales,Sales Executive,2,2,0,0,0,5626,0,8,21,2,2,3,4,3,6,Travel_Frequently,No,0,4,0
EMP004878,26,Female,Married,3,Medical,R&D,Laboratory Technician,2,3,1,0,0,5577,0,12,15,4,3,4,2,3,7,Travel_Rarely,No,1,3,1
EMP004879,29,Female,Single,3,Medical,IT,Software Engineer,2,2,1,1,1,6914,1,7,3,4,4,2,4,4,4,Non-Travel,No,0,3,0
EMP004880,23,Male,Single,2,Life Sciences,HR,Human Resources,1,0,0,0,0,2848,0,10,1,2,3,3,3,3,3,Travel_Frequently,No,1,3,0
EMP004881,42,Male,Married,2,Other,Operations,Operations Specialist,3,7,4,0,3,7497,0,5,10,4,1,3,2,3,5,Non-Travel,No,0,4,0
EMP004882,26,Male,Married,3,Technical Degree,Sales,Sales Representative,2,8,2,0,2,6973,0,10,20,2,3,3,4,3,1,Travel_Rarely,Yes,0,4,0
EMP004883,32,Male,Single,1,Medical,Operations,Operations Manager,3,13,1,1,1,10499,1,11,15,4,4,4,3,3,3,Travel_Rarely,No,2,2,0
EMP004884,20,Male,Single,3,Life Sciences,IT,Manager,1,2,0,0,0,3352,0,13,19,4,3,1,1,2,2,Travel_Rarely,Yes,2,4,0
EMP004885,30,Male,Single,4,Medical,IT,Manager,3,8,8,3,2,9164,0,12,1,4,2,3,4,2,2,Travel_Rarely,No,0,3,0
EMP004886,20,Female,Single,3,Life Sciences,R&D,Laboratory Technician,1,0,0,0,0,3140,0,17,3,3,4,4,2,3,4,Travel_Rarely,No,0,3,0
EMP004887,41,Female,Married,2,Technical Degree,R&D,Research Scientist,2,7,1,1,1,7459,0,13,5,3,2,3,3,3,3,Travel_Rarely,No,0,3,0
EMP004888,26,Male,Married,5,Technical Degree,IT,Data Scientist,2,1,0,0,0,6326,0,14,15,1,3,4,4,3,4,Travel_Rarely,No,0,3,0
EMP004889,32,Male,Married,4,Medical,IT,Data Scientist,2,0,0,0,0,6581,1,19,16,3,2,3,2,2,6,Travel_Rarely,No,0,3,0
EMP004890,32,Male,Single,2,Other,R&D,Laboratory Technician,2,3,1,1,1,6132,0,11,18,4,3,1,2,4,2,Travel_Rarely,Yes,2,3,0
EMP004891,22,Male,Single,2,Life Sciences,R&D,Laboratory Technician,2,4,3,2,0,6897,0,17,17,1,3,3,3,2,1,Travel_Rarely,No,1,2,0
EMP004892,26,Male,Single,4,Medical,IT,Software Engineer,3,3,1,1,1,9304,1,11,18,4,3,2,2,4,4,Travel_Rarely,Yes,4,3,0
EMP004893,26,Male,Divorced,3,Technical Degree,Operations,Operations Specialist,1,5,3,3,2,3829,0,8,14,3,1,3,3,3,2,Non-Travel,No,2,3,0
EMP004894,19,Female,Married,2,Life Sciences,R&D,Research Director,1,1,1,0,1,4034,0,15,13,3,3,3,2,4,1,Non-Travel,No,0,4,0
EMP004895,32,Female,Single,3,Medical,R&D,Manager,3,0,0,0,0,7443,0,21,2,3,2,2,4,3,1,Travel_Rarely,Yes,2,2,1
EMP004896,20,Male,Single,5,Marketing,Marketing,Marketing Manager,2,2,1,1,1,5177,0,13,26,4,3,3,2,2,2,Travel_Rarely,Yes,1,3,0
EMP004897,34,Female,Married,4,Medical,IT,Data Scientist,1,0,0,0,0,3256,0,21,5,3,2,2,3,2,2,Travel_Frequently,No,1,1,0
EMP004898,31,Male,Married,3,Medical,R&D,Research Scientist,3,2,1,1,1,8547,2,21,8,3,3,2,2,4,4,Non-Travel,No,1,2,0
EMP004899,36,Female,Married,3,Marketing,Sales,Sales Representative,3,0,0,0,0,6670,0,13,27,4,3,3,3,3,1,Travel_Rarely,Yes,0,2,0
EMP004900,19,Male,Single,2,Medical,IT,Software Engineer,1,1,1,0,1,3765,0,9,13,4,4,3,2,3,3,Travel_Rarely,No,2,2,0
EMP004901,41,Male,Married,3,Life Sciences,R&D,Laboratory Technician,4,0,0,0,0,11154,2,13,3,3,2,3,3,3,3,Travel_Rarely,Yes,0,2,0
EMP004902,18,Male,Single,5,Life Sciences,Sales,Manager,1,1,0,0,0,3736,0,11,7,4,1,3,3,3,2,Non-Travel,No,1,4,0
EMP004903,32,Male,Single,1,Marketing,HR,Human Resources,2,11,1,1,1,7240,1,10,6,3,1,3,3,2,1,Travel_Rarely,No,0,3,0
EMP004904,20,Female,Single,5,Life Sciences,R&D,Laboratory Technician,1,0,0,0,0,3001,0,17,11,1,3,3,2,4,2,Travel_Rarely,No,0,3,0
EMP004905,27,Female,Married,3,Other,R&D,Manager,1,6,6,0,0,3989,0,14,6,3,3,4,4,4,0,Travel_Rarely,No,1,4,0
EMP004906,20,Female,Single,3,Technical Degree,R&D,Research Director,1,0,0,0,0,3261,0,14,1,3,2,3,2,2,0,Non-Travel,No,0,2,0
EMP004907,25,Male,Married,1,Medical,IT,Data Scientist,2,2,2,1,0,5024,0,18,5,3,4,4,1,3,5,Travel_Rarely,No,0,1,0
EMP004908,32,Female,Married,4,Technical Degree,R&D,Research Scientist,1,4,0,0,0,5231,1,14,2,3,3,3,4,3,0,Travel_Frequently,No,1,2,0
EMP004909,30,Female,Single,3,Marketing,Sales,Sales Executive,2,3,3,0,3,6364,0,14,2,2,3,3,2,2,4,Non-Travel,No,1,3,0
EMP004910,26,Female,Single,4,Life Sciences,R&D,Research Scientist,2,0,0,0,0,5828,0,10,1,4,3,1,4,3,2,Travel_Rarely,Yes,0,2,1
EMP004911,37,Female,Married,3,Marketing,Sales,Sales Executive,4,2,2,1,0,10328,3,15,14,2,4,4,3,3,3,Travel_Rarely,Yes,0,2,0
EMP004912,21,Female,Single,3,Technical Degree,IT,Data Scientist,2,3,0,0,0,6252,0,7,4,3,3,4,4,3,0,Travel_Rarely,Yes,0,1,0
EMP004913,20,Female,Single,4,Life Sciences,Operations,Operations Manager,1,2,0,0,0,3587,0,13,15,3,2,4,1,3,3,Non-Travel,Yes,2,1,0
EMP004914,20,Female,Single,1,Medical,IT,Software Engineer,1,2,1,0,1,3137,0,16,7,3,3,2,3,3,4,Non-Travel,No,2,4,0
EMP004915,27,Male,Single,3,Life Sciences,R&D,Research Director,1,9,1,0,1,5737,0,10,3,1,1,4,1,3,3,Travel_Rarely,No,0,3,0
EMP004916,20,Male,Married,2,Medical,Sales,Sales Representative,1,2,2,0,0,2856,0,7,15,3,4,3,2,3,4,Travel_Frequently,No,1,3,0
EMP004917,29,Female,Married,3,Medical,Sales,Manager,2,4,0,0,0,5192,0,8,11,3,2,4,1,2,2,Travel_Frequently,Yes,2,3,1
EMP004918,27,Female,Married,4,Marketing,Sales,Manager,1,0,0,0,0,2994,0,15,18,1,3,3,3,4,2,Travel_Rarely,No,6,4,0
EMP004919,25,Male,Single,2,Life Sciences,R&D,Research Director,3,2,0,0,0,10156,1,19,13,4,1,4,3,4,3,Travel_Rarely,No,0,3,0
EMP004920,21,Female,Single,5,Life Sciences,Sales,Sales Representative,2,3,0,0,0,5231,0,7,19,3,2,3,4,3,2,Travel_Rarely,No,1,3,0
EMP004921,35,Male,Married,5,Medical,Marketing,Marketing Specialist,3,13,0,0,0,9273,0,12,17,3,4,2,3,2,2,Travel_Frequently,No,0,3,0
EMP004922,28,Male,Married,3,Technical Degree,Marketing,Marketing Specialist,2,1,0,0,0,4747,0,12,3,3,4,4,3,3,6,Travel_Rarely,No,7,4,0
EMP004923,27,Male,Single,1,Medical,HR,Human Resources,3,2,1,1,1,7662,0,6,6,2,1,2,2,4,1,Travel_Frequently,No,2,3,0
EMP004924,24,Female,Single,4,Medical,Sales,Sales Executive,1,4,1,1,0,3896,0,15,6,2,3,2,2,3,0,Travel_Rarely,Yes,2,3,1
EMP004925,29,Male,Divorced,5,Medical,IT,Software Engineer,1,11,0,0,0,4918,0,9,9,3,2,2,4,4,3,Non-Travel,No,0,3,0
EMP004926,40,Male,Married,2,Technical Degree,Sales,Manager,3,3,1,0,1,7925,0,17,3,2,1,1,2,3,3,Travel_Rarely,No,1,2,0
EMP004927,23,Male,Single,5,Medical,Sales,Sales Executive,1,0,0,0,0,2926,0,11,1,4,4,4,4,4,6,Travel_Rarely,No,0,1,0
EMP004928,23,Female,Single,5,Life Sciences,R&D,Research Scientist,2,0,0,0,0,4006,0,20,13,4,4,2,4,2,2,Travel_Rarely,No,0,4,0
EMP004929,21,Female,Married,3,Life Sciences,R&D,Research Director,1,3,0,0,0,4042,0,15,10,2,3,3,4,3,1,Travel_Rarely,No,0,1,0
EMP004930,29,Male,Married,4,Life Sciences,R&D,Manager,2,5,1,0,1,5861,0,9,18,2,2,4,4,2,5,Travel_Frequently,No,4,4,0
EMP004931,33,Female,Married,3,Marketing,Sales,Sales Representative,3,1,0,0,0,7371,0,17,11,3,3,1,2,3,1,Travel_Rarely,No,0,4,0
EMP004932,22,Female,Single,4,Life Sciences,Sales,Sales Executive,1,4,0,0,0,3927,0,14,11,3,1,2,4,3,3,Travel_Rarely,No,0,4,0
EMP004933,27,Male,Married,3,Life Sciences,Marketing,Marketing Specialist,2,6,0,0,0,6489,0,19,3,4,3,4,2,3,3,Travel_Rarely,Yes,0,3,0
EMP004934,26,Female,Divorced,2,Marketing,R&D,Laboratory Technician,2,7,0,0,0,6170,0,6,3,1,4,2,2,3,3,Travel_Rarely,Yes,0,3,0
EMP004935,31,Male,Married,4,Medical,Sales,Sales Executive,1,11,1,0,1,4938,0,9,12,4,1,1,4,4,1,Travel_Frequently,Yes,2,2,1
EMP004936,31,Male,Married,1,Technical Degree,R&D,Manager,3,0,0,0,0,8311,1,12,4,1,3,4,2,4,2,Non-Travel,No,1,3,0
EMP004937,25,Female,Married,4,Medical,Sales,Manager,1,7,4,4,3,3618,1,10,6,3,1,3,4,3,0,Non-Travel,No,0,2,0
EMP004938,21,Female,Single,5,Human Resources,HR,Human Resources,2,3,1,0,1,5701,0,6,2,3,2,4,1,3,2,Travel_Rarely,Yes,1,3,0
EMP004939,21,Male,Married,3,Human Resources,Sales,Sales Representative,2,0,0,0,0,4877,0,10,14,4,3,2,2,4,4,Travel_Frequently,No,2,3,0
EMP004940,23,Male,Single,3,Technical Degree,HR,Manager,1,0,0,0,0,3370,1,15,3,4,2,1,4,3,1,Travel_Rarely,Yes,1,3,0
EMP004941,29,Female,Married,4,Human Resources,HR,Manager,3,2,1,0,0,8897,1,7,7,3,1,3,3,3,4,Travel_Rarely,No,0,4,0
EMP004942,22,Female,Single,3,Life Sciences,IT,Data Scientist,1,0,0,0,0,3254,0,14,6,1,4,3,3,2,2,Non-Travel,No,0,3,0
EMP004943,29,Male,Married,4,Technical Degree,Sales,Manager,3,6,0,0,0,7639,1,11,3,4,2,2,3,3,1,Travel_Frequently,No,2,2,0
EMP004944,29,Male,Married,3,Medical,R&D,Manager,2,5,3,0,1,7280,0,8,12,3,3,1,3,3,3,Travel_Rarely,Yes,1,4,0
EMP004945,44,Male,Single,4,Technical Degree,Operations,Operations Manager,2,7,0,0,0,6685,0,16,5,3,3,4,1,3,3,Non-Travel,No,1,3,0
EMP004946,38,Male,Married,3,Medical,IT,Manager,3,20,0,0,0,10247,0,7,4,1,4,3,4,4,3,Travel_Frequently,No,2,4,0
EMP004947,49,Female,Married,1,Life Sciences,Operations,Operations Specialist,5,13,3,1,1,17143,2,14,5,2,4,3,4,3,3,Non-Travel,No,1,3,0
EMP004948,31,Male,Married,2,Human Resources,Marketing,Marketing Manager,2,1,0,0,0,5191,1,12,4,1,3,3,3,3,1,Travel_Frequently,No,1,3,0
EMP004949,30,Male,Single,1,Life Sciences,HR,Human Resources,2,2,0,0,0,5013,1,12,13,4,3,2,4,4,0,Travel_Rarely,No,3,3,0
EMP004950,22,Female,Single,3,Technical Degree,R&D,Research Scientist,1,4,1,1,0,4477,0,12,5,2,4,4,3,2,3,Travel_Frequently,Yes,2,2,0
EMP004951,38,Male,Married,4,Technical Degree,IT,Software Engineer,3,2,2,0,2,9123,1,9,2,4,2,3,3,2,3,Non-Travel,No,1,3,0
EMP004952,24,Female,Single,1,Medical,IT,Software Engineer,1,5,0,0,0,3926,0,14,8,2,1,2,1,2,0,Travel_Rarely,No,4,3,0
EMP004953,23,Male,Single,2,Medical,HR,Manager,1,5,1,0,0,3636,0,15,5,3,4,3,1,2,0,Travel_Rarely,No,0,2,0
EMP004954,39,Male,Single,3,Life Sciences,IT,Data Scientist,3,2,1,0,1,7433,2,11,9,1,2,3,1,1,4,Travel_Rarely,Yes,0,2,0
EMP004955,34,Male,Married,4,Other,HR,Human Resources,2,4,2,2,1,5300,1,18,10,3,2,3,3,3,0,Travel_Rarely,No,1,4,0
EMP004956,22,Female,Single,4,Human Resources,R&D,Research Director,1,4,4,0,4,3480,0,9,0,3,4,4,2,3,0,Travel_Rarely,Yes,2,2,0
EMP004957,23,Male,Single,2,Technical Degree,R&D,Laboratory Technician,2,3,0,0,0,4629,1,12,7,1,3,2,2,3,2,Travel_Rarely,No,0,1,1
EMP004958,24,Male,Single,5,Technical Degree,Sales,Sales Executive,1,1,1,1,1,2995,0,13,5,3,1,1,4,2,1,Travel_Rarely,No,4,1,1
EMP004959,28,Male,Married,5,Life Sciences,Marketing,Marketing Manager,1,1,0,0,0,3940,0,17,7,3,2,3,3,3,5,Travel_Rarely,No,0,3,0
EMP004960,32,Male,Divorced,3,Medical,Marketing,Marketing Specialist,1,0,0,0,0,2917,0,15,5,3,2,1,4,4,1,Travel_Rarely,No,4,4,0
EMP004961,35,Male,Married,4,Medical,HR,Human Resources,2,2,0,0,0,5005,1,16,7,4,1,2,4,3,3,Non-Travel,No,1,2,0
EMP004962,28,Female,Married,3,Marketing,R&D,Research Director,1,5,0,0,0,3907,0,11,5,2,2,2,3,3,2,Travel_Rarely,Yes,0,4,1
EMP004963,26,Male,Married,5,Life Sciences,Sales,Sales Executive,2,0,0,0,0,4790,0,12,28,4,3,4,3,3,0,Travel_Frequently,Yes,2,4,0
EMP004964,32,Female,Married,3,Marketing,Sales,Manager,3,1,1,1,1,8553,1,13,17,3,1,4,4,3,1,Travel_Frequently,No,2,3,0
EMP004965,28,Female,Married,5,Technical Degree,Sales,Sales Executive,1,0,0,0,0,3403,1,17,9,4,4,2,4,3,1,Travel_Rarely,No,0,3,0
EMP004966,23,Female,Single,2,Life Sciences,R&D,Manager,2,2,0,0,0,4870,0,8,8,3,2,2,3,4,1,Non-Travel,No,1,2,0
EMP004967,39,Female,Married,3,Life Sciences,Sales,Sales Executive,2,0,0,0,0,4594,0,19,4,4,2,3,3,3,2,Travel_Rarely,No,2,3,0
EMP004968,27,Female,Single,4,Life Sciences,R&D,Laboratory Technician,2,6,2,2,2,5373,0,13,4,4,1,2,3,3,4,Travel_Rarely,No,0,3,0
EMP004969,23,Female,Single,4,Technical Degree,IT,Manager,1,5,4,0,2,4467,0,7,13,3,1,2,1,3,3,Non-Travel,Yes,0,3,0
EMP004970,25,Male,Married,4,Medical,Operations,Operations Specialist,2,1,0,0,0,6524,0,16,8,4,4,3,1,3,1,Travel_Rarely,No,0,3,0
EMP004971,33,Female,Married,5,Life Sciences,Sales,Sales Executive,2,1,1,0,0,5139,0,12,4,3,2,1,2,1,2,Travel_Rarely,No,0,1,0
EMP004972,22,Female,Single,4,Technical Degree,R&D,Laboratory Technician,1,0,0,0,0,3290,1,10,13,1,3,2,3,4,4,Travel_Rarely,No,2,1,0
EMP004973,38,Male,Divorced,4,Life Sciences,Operations,Operations Manager,3,1,0,0,0,8471,0,16,3,3,4,2,4,4,3,Travel_Rarely,Yes,2,3,0
EMP004974,31,Male,Married,3,Medical,Operations,Operations Specialist,1,1,1,0,1,2902,1,15,4,3,3,3,2,4,1,Travel_Rarely,No,0,3,0
EMP004975,33,Female,Married,3,Technical Degree,R&D,Laboratory Technician,1,1,1,1,1,2994,1,18,6,3,3,2,4,3,4,Travel_Rarely,Yes,3,3,0
EMP004976,31,Female,Married,3,Marketing,R&D,Research Scientist,1,2,2,2,2,3465,0,13,7,2,2,3,1,3,2,Travel_Rarely,No,0,1,1
EMP004977,22,Male,Single,4,Marketing,Sales,Manager,1,3,1,1,1,3939,0,9,8,3,3,3,3,2,2,Travel_Frequently,Yes,2,4,0
EMP004978,32,Female,Married,3,Life Sciences,Sales,Sales Executive,2,6,5,0,1,5790,0,16,8,3,3,1,1,3,1,Travel_Rarely,Yes,1,1,0
EMP004979,21,Male,Single,2,Life Sciences,R&D,Manager,2,3,0,0,0,7089,0,9,19,4,3,2,4,3,5,Travel_Frequently,No,2,3,0
EMP004980,31,Male,Married,2,Marketing,R&D,Research Scientist,1,3,0,0,0,3232,1,9,4,2,2,1,3,3,4,Non-Travel,No,0,4,0
EMP004981,25,Female,Married,5,Life Sciences,IT,Data Scientist,2,7,3,0,1,6170,1,11,16,2,3,4,3,4,1,Travel_Rarely,No,1,2,0
EMP004982,26,Female,Married,1,Other,Sales,Sales Executive,1,5,1,1,1,4200,0,6,1,2,3,4,4,3,2,Travel_Rarely,No,3,3,0
EMP004983,22,Female,Single,2,Medical,IT,Manager,1,4,3,1,0,3166,0,15,7,2,1,2,3,3,4,Travel_Rarely,No,2,3,0
EMP004984,26,Male,Single,3,Medical,R&D,Laboratory Technician,3,3,0,0,0,7710,0,11,8,2,2,3,4,3,2,Travel_Frequently,No,0,3,1
EMP004985,31,Female,Single,3,Life Sciences,HR,Manager,1,3,1,1,1,3439,0,11,24,2,1,3,3,2,3,Non-Travel,Yes,0,3,0
EMP004986,21,Male,Single,3,Other,HR,Human Resources,2,3,0,0,0,5787,1,20,6,3,1,3,2,4,2,Travel_Rarely,Yes,1,1,1
EMP004987,23,Female,Single,2,Marketing,IT,Software Engineer,1,3,3,0,1,4427,0,14,2,3,4,3,1,4,2,Travel_Rarely,No,0,4,0
EMP004988,29,Male,Married,2,Medical,Sales,Sales Executive,1,3,1,0,0,3644,0,7,4,3,4,1,4,3,4,Non-Travel,No,0,2,0
EMP004989,19,Male,Single,4,Marketing,R&D,Manager,1,1,1,0,1,3081,0,19,4,4,4,4,2,4,5,Travel_Rarely,Yes,2,2,0
EMP004990,20,Female,Single,4,Medical,Sales,Sales Representative,1,2,2,1,0,3568,1,12,10,1,4,2,1,3,3,Travel_Rarely,No,1,2,1
EMP004991,23,Male,Single,2,Medical,HR,Human Resources,1,1,0,0,0,3420,0,11,15,2,4,3,4,3,4,Travel_Frequently,No,2,3,0
EMP004992,29,Female,Married,4,Medical,Sales,Sales Representative,2,0,0,0,0,4834,1,15,16,3,3,4,3,3,4,Non-Travel,No,2,2,0
EMP004993,30,Male,Single,4,Medical,R&D,Research Scientist,2,10,4,1,2,7432,1,11,2,4,3,3,3,4,4,Travel_Rarely,No,1,3,0
EMP004994,31,Male,Married,4,Medical,Sales,Sales Representative,1,9,1,0,1,4913,0,6,7,2,1,4,4,3,2,Travel_Rarely,No,1,4,0
EMP004995,30,Male,Single,3,Life Sciences,R&D,Research Scientist,1,1,1,1,1,2982,0,15,15,4,2,4,2,2,3,Travel_Rarely,No,7,3,0
EMP004996,31,Female,Married,3,Life Sciences,IT,Data Scientist,1,0,0,0,0,2868,0,16,16,3,3,3,3,3,6,Travel_Rarely,No,7,3,0
EMP004997,24,Male,Single,4,Life Sciences,R&D,Research Scientist,2,6,3,2,1,6685,0,5,5,4,2,3,2,3,3,Travel_Frequently,No,6,3,0
EMP004998,28,Female,Married,3,Life Sciences,R&D,Manager,1,3,0,0,0,4008,0,11,2,1,4,3,2,3,5,Travel_Frequently,Yes,0,3,0
EMP004999,30,Female,Single,3,Other,HR,Manager,1,0,0,0,0,2553,0,18,15,2,1,1,3,3,6,Travel_Rarely,No,0,2,1
EMP005000,32,Male,Married,3,Marketing,IT,Software Engineer,1,1,1,1,1,3547,0,13,4,1,4,1,2,1,4,Travel_Rarely,No,2,2,0
